year,origin_prefecture,destination_prefecture,movers
2015,神奈川県,東京都,21550
2015,埼玉県,東京都,16923
2015,千葉県,東京都,13230
2015,東京都,神奈川県,10725
2015,大阪府,京都府,7385
2015,兵庫県,大阪府,7173
2015,東京都,埼玉県,6562
2015,大阪府,兵庫県,5422
2015,茨城県,東京都,5077
2015,岐阜県,愛知県,4707
2015,東京都,千葉県,4657
2015,静岡県,東京都,3578
2015,京都府,大阪府,3220
2015,奈良県,大阪府,3192
2015,三重県,愛知県,3053
2015,兵庫県,京都府,2773
2015,滋賀県,京都府,2701
2015,栃木県,東京都,2604
2015,群馬県,東京都,2483
2015,静岡県,神奈川県,2332
2015,長野県,東京都,2243
2015,千葉県,神奈川県,2187
2015,新潟県,東京都,2100
2015,埼玉県,神奈川県,2043
2015,北海道,東京都,2028
2015,千葉県,埼玉県,2009
2015,愛知県,東京都,1970
2015,静岡県,愛知県,1905
2015,埼玉県,千葉県,1860
2015,大阪府,奈良県,1845
2015,茨城県,千葉県,1814
2015,和歌山県,大阪府,1796
2015,奈良県,京都府,1660
2015,福島県,東京都,1631
2015,山梨県,東京都,1583
2015,佐賀県,福岡県,1464
2015,群馬県,埼玉県,1447
2015,茨城県,埼玉県,1437
2015,京都府,滋賀県,1371
2015,大阪府,滋賀県,1366
2015,福岡県,東京都,1359
2015,愛知県,岐阜県,1319
2015,熊本県,福岡県,1254
2015,滋賀県,大阪府,1231
2015,栃木県,埼玉県,1189
2015,大阪府,東京都,1187
2015,宮城県,東京都,1174
2015,茨城県,神奈川県,1159
2015,愛知県,京都府,1132
2015,長崎県,福岡県,1105
2015,大分県,福岡県,1085
2015,鹿児島県,福岡県,1048
2015,長野県,神奈川県,1008
2015,神奈川県,千葉県,1004
2015,福島県,宮城県,997
2015,兵庫県,東京都,982
2015,広島県,東京都,944
2015,神奈川県,埼玉県,942
2015,山口県,福岡県,914
2015,広島県,岡山県,866
2015,山形県,宮城県,863
2015,新潟県,神奈川県,816
2015,富山県,石川県,814
2015,広島県,大阪府,812
2015,京都府,兵庫県,798
2015,兵庫県,岡山県,780
2015,宮崎県,福岡県,777
2015,福岡県,熊本県,774
2015,千葉県,茨城県,772
2015,岩手県,宮城県,771
2015,群馬県,神奈川県,756
2015,栃木県,神奈川県,741
2015,山形県,東京都,710
2015,山口県,広島県,706
2015,長野県,埼玉県,696
2015,福岡県,佐賀県,689
2015,福島県,神奈川県,687
2015,愛知県,神奈川県,687
2015,広島県,京都府,683
2015,福島県,埼玉県,677
2015,新潟県,埼玉県,674
2015,大阪府,和歌山県,672
2015,岡山県,大阪府,671
2015,静岡県,千葉県,670
2015,北海道,神奈川県,666
2015,愛知県,三重県,655
2015,三重県,大阪府,647
2015,青森県,東京都,640
2015,奈良県,兵庫県,632
2015,山梨県,神奈川県,630
2015,福岡県,京都府,624
2015,富山県,東京都,614
2015,愛知県,静岡県,609
2015,沖縄県,東京都,606
2015,長野県,愛知県,605
2015,福岡県,山口県,590
2015,鹿児島県,東京都,586
2015,埼玉県,群馬県,580
2015,静岡県,埼玉県,580
2015,愛知県,大阪府,571
2015,香川県,大阪府,564
2015,香川県,岡山県,564
2015,青森県,宮城県,563
2015,東京都,北海道,562
2015,岡山県,兵庫県,561
2015,福岡県,長崎県,559
2015,秋田県,東京都,558
2015,東京都,茨城県,556
2015,広島県,兵庫県,549
2015,宮城県,山形県,548
2015,熊本県,東京都,548
2015,岩手県,東京都,541
2015,三重県,京都府,537
2015,岐阜県,東京都,536
2015,岡山県,広島県,536
2015,静岡県,京都府,535
2015,広島県,福岡県,531
2015,秋田県,宮城県,528
2015,栃木県,千葉県,526
2015,岡山県,東京都,521
2015,和歌山県,京都府,515
2015,島根県,広島県,512
2015,岡山県,京都府,508
2015,愛媛県,広島県,501
2015,栃木県,群馬県,499
2015,石川県,東京都,487
2015,茨城県,栃木県,483
2015,兵庫県,滋賀県,478
2015,福岡県,大阪府,475
2015,宮崎県,東京都,472
2015,三重県,東京都,470
2015,東京都,山梨県,463
2015,北海道,青森県,462
2015,広島県,山口県,461
2015,福島県,千葉県,458
2015,愛媛県,東京都,452
2015,福岡県,神奈川県,439
2015,長野県,千葉県,436
2015,京都府,東京都,434
2015,東京都,京都府,427
2015,香川県,兵庫県,427
2015,愛媛県,大阪府,427
2015,愛知県,滋賀県,426
2015,新潟県,千葉県,424
2015,愛媛県,岡山県,421
2015,埼玉県,茨城県,419
2015,宮城県,神奈川県,414
2015,福井県,京都府,413
2015,石川県,京都府,401
2015,北海道,埼玉県,399
2015,福島県,栃木県,397
2015,富山県,愛知県,395
2015,京都府,奈良県,394
2015,香川県,京都府,386
2015,長崎県,東京都,381
2015,和歌山県,兵庫県,374
2015,広島県,愛媛県,373
2015,石川県,富山県,371
2015,岡山県,香川県,368
2015,兵庫県,広島県,364
2015,福井県,石川県,359
2015,岐阜県,京都府,355
2015,鹿児島県,熊本県,352
2015,群馬県,千葉県,351
2015,福岡県,広島県,351
2015,青森県,北海道,344
2015,静岡県,山梨県,344
2015,大阪府,神奈川県,343
2015,北海道,千葉県,342
2015,沖縄県,福岡県,341
2015,愛媛県,兵庫県,337
2015,山口県,東京都,336
2015,兵庫県,奈良県,332
2015,大分県,東京都,332
2015,福井県,愛知県,329
2015,宮城県,岩手県,327
2015,東京都,群馬県,326
2015,福井県,大阪府,326
2015,北海道,京都府,325
2015,長野県,群馬県,324
2015,高知県,東京都,324
2015,香川県,東京都,321
2015,宮城県,埼玉県,317
2015,兵庫県,徳島県,316
2015,愛知県,兵庫県,307
2015,長崎県,熊本県,307
2015,山形県,神奈川県,305
2015,神奈川県,北海道,304
2015,石川県,大阪府,303
2015,広島県,神奈川県,302
2015,山形県,新潟県,300
2015,佐賀県,東京都,299
2015,愛媛県,京都府,298
2015,奈良県,東京都,297
2015,福岡県,兵庫県,295
2015,高知県,大阪府,294
2015,兵庫県,鳥取県,291
2015,福井県,東京都,289
2015,長野県,新潟県,289
2015,石川県,愛知県,288
2015,宮崎県,熊本県,285
2015,福岡県,大分県,284
2015,福岡県,鹿児島県,283
2015,北海道,大阪府,281
2015,静岡県,大阪府,280
2015,徳島県,大阪府,279
2015,富山県,京都府,278
2015,長野県,山梨県,277
2015,山口県,大阪府,276
2015,香川県,広島県,272
2015,山口県,京都府,271
2015,岩手県,北海道,270
2015,神奈川県,山梨県,266
2015,福島県,茨城県,265
2015,新潟県,石川県,261
2015,福島県,新潟県,259
2015,徳島県,兵庫県,259
2015,奈良県,滋賀県,256
2015,栃木県,茨城県,254
2015,富山県,神奈川県,254
2015,熊本県,鹿児島県,253
2015,長野県,石川県,252
2015,愛知県,北海道,252
2015,宮城県,千葉県,251
2015,千葉県,北海道,251
2015,岩手県,青森県,250
2015,青森県,岩手県,249
2015,山梨県,埼玉県,248
2015,愛知県,福井県,248
2015,兵庫県,神奈川県,247
2015,新潟県,群馬県,244
2015,香川県,愛媛県,244
2015,茨城県,福島県,243
2015,埼玉県,北海道,243
2015,東京都,静岡県,242
2015,愛知県,石川県,242
2015,山形県,千葉県,241
2015,島根県,岡山県,241
2015,山形県,埼玉県,239
2015,茨城県,群馬県,239
2015,滋賀県,兵庫県,238
2015,鳥取県,大阪府,238
2015,群馬県,栃木県,237
2015,山梨県,千葉県,236
2015,愛知県,長野県,235
2015,高知県,兵庫県,235
2015,兵庫県,愛知県,231
2015,青森県,埼玉県,228
2015,神奈川県,静岡県,227
2015,熊本県,神奈川県,226
2015,長野県,京都府,225
2015,愛媛県,福岡県,225
2015,大分県,熊本県,224
2015,宮崎県,鹿児島県,224
2015,埼玉県,栃木県,223
2015,山口県,岡山県,223
2015,佐賀県,長崎県,222
2015,島根県,大阪府,221
2015,岩手県,神奈川県,220
2015,高知県,京都府,219
2015,鳥取県,京都府,217
2015,宮城県,福島県,215
2015,大阪府,愛知県,215
2015,青森県,神奈川県,214
2015,東京都,宮城県,214
2015,鳥取県,兵庫県,213
2015,北海道,兵庫県,212
2015,高知県,岡山県,209
2015,愛知県,埼玉県,208
2015,秋田県,神奈川県,207
2015,栃木県,福島県,207
2015,愛知県,富山県,207
2015,鹿児島県,宮崎県,207
2015,滋賀県,愛知県,206
2015,山口県,兵庫県,205
2015,岐阜県,滋賀県,204
2015,兵庫県,北海道,203
2015,茨城県,宮城県,200
2015,佐賀県,熊本県,200
2015,岐阜県,神奈川県,199
2015,愛知県,千葉県,198
2015,福岡県,岡山県,198
2015,愛媛県,徳島県,197
2015,徳島県,京都府,196
2015,北海道,宮城県,192
2015,秋田県,青森県,191
2015,徳島県,岡山県,191
2015,静岡県,北海道,190
2015,福島県,山形県,188
2015,岐阜県,大阪府,188
2015,鳥取県,岡山県,188
2015,沖縄県,神奈川県,187
2015,東京都,大阪府,185
2015,富山県,新潟県,185
2015,神奈川県,京都府,183
2015,兵庫県,福岡県,183
2015,静岡県,石川県,182
2015,鳥取県,東京都,182
2015,長崎県,佐賀県,182
2015,島根県,兵庫県,181
2015,岡山県,福岡県,180
2015,岩手県,埼玉県,179
2015,徳島県,東京都,178
2015,岐阜県,石川県,177
2015,和歌山県,東京都,177
2015,福岡県,宮崎県,177
2015,福井県,兵庫県,175
2015,青森県,千葉県,174
2015,山形県,福島県,174
2015,岡山県,愛媛県,173
2015,熊本県,長崎県,173
2015,沖縄県,大阪府,173
2015,神奈川県,群馬県,172
2015,秋田県,岩手県,171
2015,群馬県,新潟県,171
2015,三重県,神奈川県,171
2015,大分県,長崎県,171
2015,石川県,神奈川県,169
2015,大阪府,北海道,169
2015,大阪府,広島県,169
2015,島根県,東京都,169
2015,秋田県,埼玉県,168
2015,三重県,兵庫県,168
2015,広島県,島根県,168
2015,北海道,愛知県,167
2015,福岡県,埼玉県,167
2015,鹿児島県,神奈川県,167
2015,岩手県,秋田県,166
2015,愛媛県,神奈川県,163
2015,秋田県,北海道,162
2015,鹿児島県,大阪府,162
2015,岐阜県,静岡県,161
2015,熊本県,宮崎県,161
2015,沖縄県,千葉県,160
2015,秋田県,千葉県,159
2015,新潟県,宮城県,159
2015,静岡県,群馬県,159
2015,熊本県,京都府,159
2015,兵庫県,高知県,158
2015,長崎県,大分県,157
2015,熊本県,大阪府,157
2015,秋田県,新潟県,156
2015,富山県,大阪府,156
2015,岡山県,山口県,156
2015,石川県,福井県,154
2015,福岡県,千葉県,154
2015,長崎県,山口県,153
2015,岩手県,千葉県,151
2015,三重県,滋賀県,151
2015,愛媛県,香川県,150
2015,高知県,徳島県,150
2015,大分県,広島県,150
2015,茨城県,北海道,148
2015,東京都,長野県,148
2015,滋賀県,東京都,148
2015,茨城県,京都府,147
2015,山梨県,静岡県,147
2015,神奈川県,茨城県,146
2015,岡山県,島根県,146
2015,大分県,山口県,146
2015,鹿児島県,長崎県,145
2015,宮城県,北海道,144
2015,千葉県,群馬県,144
2015,静岡県,茨城県,144
2015,京都府,神奈川県,144
2015,長崎県,広島県,144
2015,栃木県,宮城県,143
2015,高知県,愛媛県,143
2015,三重県,奈良県,142
2015,大阪府,岡山県,142
2015,鳥取県,広島県,142
2015,岡山県,神奈川県,141
2015,静岡県,兵庫県,140
2015,群馬県,茨城県,139
2015,広島県,滋賀県,139
2015,徳島県,高知県,139
2015,愛媛県,高知県,139
2015,新潟県,京都府,138
2015,熊本県,大分県,138
2015,宮崎県,神奈川県,138
2015,石川県,兵庫県,137
2015,沖縄県,埼玉県,137
2015,福島県,群馬県,136
2015,埼玉県,宮城県,136
2015,静岡県,岐阜県,136
2015,栃木県,新潟県,135
2015,千葉県,京都府,135
2015,大阪府,福岡県,135
2015,兵庫県,島根県,133
2015,鹿児島県,京都府,133
2015,兵庫県,香川県,132
2015,三重県,岐阜県,131
2015,宮崎県,大分県,131
2015,愛知県,広島県,130
2015,愛知県,山梨県,129
2015,兵庫県,山口県,129
2015,島根県,京都府,129
2015,岡山県,高知県,129
2015,新潟県,山形県,128
2015,長崎県,大阪府,128
2015,島根県,鳥取県,127
2015,香川県,徳島県,125
2015,高知県,香川県,125
2015,福岡県,愛知県,125
2015,宮城県,栃木県,124
2015,兵庫県,和歌山県,124
2015,鳥取県,島根県,124
2015,大分県,京都府,124
2015,鹿児島県,広島県,124
2015,岩手県,山形県,123
2015,千葉県,宮城県,123
2015,大分県,大阪府,123
2015,大分県,宮崎県,123
2015,島根県,山口県,122
2015,岐阜県,三重県,121
2015,静岡県,滋賀県,121
2015,徳島県,香川県,121
2015,静岡県,長野県,120
2015,京都府,愛知県,120
2015,東京都,愛知県,118
2015,福井県,滋賀県,117
2015,熊本県,佐賀県,117
2015,長野県,静岡県,116
2015,福岡県,滋賀県,116
2015,新潟県,長野県,115
2015,富山県,福井県,115
2015,岐阜県,富山県,115
2015,山口県,神奈川県,115
2015,愛媛県,山口県,115
2015,沖縄県,愛知県,115
2015,長崎県,鹿児島県,114
2015,沖縄県,岐阜県,113
2015,滋賀県,岐阜県,112
2015,青森県,秋田県,111
2015,埼玉県,京都府,111
2015,福井県,富山県,111
2015,岡山県,鳥取県,111
2015,岡山県,徳島県,111
2015,群馬県,宮城県,110
2015,新潟県,福島県,110
2015,新潟県,茨城県,110
2015,山梨県,長野県,110
2015,奈良県,神奈川県,110
2015,長野県,富山県,109
2015,大阪府,埼玉県,109
2015,島根県,福岡県,109
2015,北海道,岩手県,108
2015,千葉県,静岡県,108
2015,広島県,愛知県,108
2015,長崎県,神奈川県,108
2015,宮崎県,長崎県,108
2015,北海道,静岡県,107
2015,岩手県,福島県,107
2015,群馬県,北海道,107
2015,群馬県,京都府,107
2015,長崎県,宮崎県,107
2015,長野県,岐阜県,106
2015,和歌山県,奈良県,106
2015,沖縄県,長崎県,106
2015,三重県,静岡県,105
2015,兵庫県,愛媛県,105
2015,宮崎県,大阪府,105
2015,鹿児島県,山口県,105
2015,京都府,岡山県,104
2015,長野県,大阪府,103
2015,静岡県,宮城県,103
2015,静岡県,広島県,103
2015,兵庫県,埼玉県,103
2015,鹿児島県,兵庫県,103
2015,宮城県,茨城県,102
2015,千葉県,山梨県,102
2015,富山県,兵庫県,102
2015,三重県,石川県,102
2015,兵庫県,石川県,102
2015,新潟県,富山県,101
2015,大阪府,鳥取県,101
2015,香川県,神奈川県,101
2015,富山県,埼玉県,100
2015,滋賀県,石川県,100
2015,徳島県,広島県,100
2015,青森県,山形県,99
2015,新潟県,北海道,99
2015,沖縄県,岡山県,99
2015,茨城県,愛知県,98
2015,栃木県,山形県,98
2015,石川県,新潟県,98
2015,兵庫県,千葉県,98
2015,鹿児島県,埼玉県,97
2015,茨城県,静岡県,96
2015,群馬県,石川県,96
2015,東京都,兵庫県,96
2015,岐阜県,福井県,96
2015,岐阜県,兵庫県,96
2015,愛知県,茨城県,96
2015,佐賀県,京都府,96
2015,茨城県,大阪府,95
2015,大阪府,徳島県,95
2015,熊本県,広島県,95
2015,熊本県,山口県,95
2015,鹿児島県,千葉県,95
2015,山形県,北海道,94
2015,静岡県,三重県,94
2015,広島県,千葉県,94
2015,高知県,神奈川県,94
2015,佐賀県,広島県,94
2015,福井県,神奈川県,93
2015,岐阜県,長野県,93
2015,熊本県,兵庫県,93
2015,岩手県,栃木県,92
2015,宮城県,新潟県,92
2015,栃木県,北海道,92
2015,東京都,栃木県,92
2015,兵庫県,静岡県,92
2015,鹿児島県,愛知県,92
2015,北海道,茨城県,91
2015,宮城県,京都府,91
2015,秋田県,山形県,91
2015,大阪府,千葉県,91
2015,沖縄県,徳島県,91
2015,山形県,栃木県,90
2015,新潟県,秋田県,90
2015,京都府,広島県,90
2015,広島県,埼玉県,90
2015,長崎県,京都府,90
2015,京都府,北海道,89
2015,京都府,石川県,89
2015,広島県,高知県,89
2015,長崎県,兵庫県,89
2015,大分県,兵庫県,88
2015,神奈川県,宮城県,87
2015,岡山県,滋賀県,87
2015,鹿児島県,沖縄県,87
2015,埼玉県,山梨県,86
2015,東京都,新潟県,86
2015,大阪府,高知県,86
2015,佐賀県,山口県,86
2015,岩手県,茨城県,85
2015,富山県,千葉県,85
2015,北海道,福岡県,84
2015,石川県,埼玉県,84
2015,長野県,茨城県,84
2015,愛知県,福岡県,84
2015,大阪府,石川県,84
2015,和歌山県,滋賀県,84
2015,高知県,広島県,84
2015,宮城県,秋田県,83
2015,東京都,福岡県,83
2015,長野県,北海道,83
2015,愛知県,奈良県,83
2015,沖縄県,熊本県,83
2015,静岡県,福島県,82
2015,岩手県,群馬県,81
2015,茨城県,新潟県,81
2015,東京都,福島県,81
2015,北海道,群馬県,80
2015,長野県,宮城県,80
2015,岡山県,愛知県,80
2015,大分県,鹿児島県,80
2015,宮崎県,京都府,80
2015,徳島県,愛媛県,79
2015,愛媛県,愛知県,79
2015,佐賀県,大分県,79
2015,宮崎県,山口県,79
2015,宮城県,青森県,78
2015,静岡県,山形県,78
2015,福岡県,北海道,78
2015,鹿児島県,大分県,78
2015,群馬県,福島県,77
2015,長野県,栃木県,77
2015,大阪府,三重県,77
2015,北海道,新潟県,76
2015,宮城県,群馬県,75
2015,秋田県,福島県,75
2015,千葉県,栃木県,75
2015,福岡県,沖縄県,75
2015,宮崎県,広島県,75
2015,沖縄県,京都府,75
2015,茨城県,山梨県,74
2015,京都府,鳥取県,74
2015,奈良県,愛知県,74
2015,青森県,栃木県,73
2015,栃木県,山梨県,73
2015,新潟県,栃木県,73
2015,新潟県,愛知県,73
2015,和歌山県,愛知県,73
2015,秋田県,栃木県,72
2015,山形県,岩手県,72
2015,山形県,群馬県,72
2015,埼玉県,静岡県,72
2015,千葉県,大阪府,72
2015,石川県,北海道,72
2015,岐阜県,千葉県,72
2015,香川県,福岡県,72
2015,大分県,神奈川県,72
2015,宮崎県,兵庫県,72
2015,北海道,山形県,71
2015,神奈川県,愛知県,71
2015,新潟県,山梨県,71
2015,石川県,滋賀県,71
2015,愛知県,高知県,71
2015,香川県,高知県,71
2015,愛媛県,大分県,71
2015,栃木県,静岡県,70
2015,東京都,秋田県,70
2015,神奈川県,大阪府,70
2015,石川県,千葉県,70
2015,大阪府,静岡県,70
2015,和歌山県,岡山県,70
2015,宮崎県,千葉県,69
2015,沖縄県,兵庫県,69
2015,青森県,茨城県,68
2015,福島県,北海道,68
2015,山梨県,大阪府,68
2015,大阪府,岐阜県,68
2015,岡山県,埼玉県,68
2015,広島県,香川県,68
2015,長崎県,愛知県,68
2015,大分県,岡山県,68
2015,沖縄県,山口県,68
2015,静岡県,奈良県,67
2015,広島県,鳥取県,67
2015,佐賀県,神奈川県,67
2015,神奈川県,長野県,66
2015,愛知県,秋田県,66
2015,滋賀県,奈良県,66
2015,栃木県,京都府,65
2015,東京都,大分県,65
2015,山梨県,京都府,65
2015,山口県,大分県,65
2015,愛媛県,滋賀県,65
2015,福島県,京都府,64
2015,群馬県,山梨県,64
2015,静岡県,新潟県,64
2015,三重県,広島県,64
2015,大阪府,大分県,64
2015,奈良県,北海道,64
2015,広島県,北海道,64
2015,佐賀県,大阪府,64
2015,宮崎県,埼玉県,64
2015,北海道,石川県,63
2015,青森県,群馬県,63
2015,岐阜県,埼玉県,63
2015,京都府,福井県,63
2015,奈良県,和歌山県,63
2015,北海道,滋賀県,62
2015,福島県,岩手県,62
2015,群馬県,長野県,62
2015,埼玉県,長野県,62
2015,新潟県,大阪府,62
2015,静岡県,栃木県,62
2015,長崎県,千葉県,62
2015,沖縄県,鹿児島県,62
2015,北海道,栃木県,61
2015,山形県,茨城県,61
2015,富山県,岐阜県,61
2015,富山県,滋賀県,61
2015,大阪府,長野県,61
2015,熊本県,埼玉県,61
2015,北海道,長野県,60
2015,茨城県,山形県,60
2015,栃木県,秋田県,60
2015,千葉県,長野県,60
2015,富山県,山梨県,60
2015,京都府,福岡県,60
2015,山口県,愛知県,60
2015,高知県,千葉県,60
2015,熊本県,千葉県,60
2015,鹿児島県,岡山県,60
2015,山形県,青森県,59
2015,茨城県,長野県,59
2015,福井県,岐阜県,59
2015,長崎県,沖縄県,59
2015,北海道,山梨県,58
2015,山形県,秋田県,58
2015,埼玉県,大阪府,58
2015,静岡県,福岡県,58
2015,京都府,徳島県,58
2015,広島県,徳島県,58
2015,沖縄県,広島県,58
2015,北海道,秋田県,57
2015,埼玉県,新潟県,57
2015,岐阜県,北海道,57
2015,山口県,愛媛県,57
2015,山口県,熊本県,57
2015,沖縄県,大分県,57
2015,北海道,広島県,56
2015,島根県,神奈川県,56
2015,香川県,愛知県,56
2015,沖縄県,宮崎県,56
2015,岐阜県,山梨県,55
2015,愛知県,群馬県,55
2015,三重県,千葉県,55
2015,三重県,長野県,55
2015,徳島県,神奈川県,55
2015,秋田県,茨城県,54
2015,新潟県,静岡県,54
2015,愛知県,山口県,54
2015,滋賀県,福井県,54
2015,兵庫県,長野県,54
2015,広島県,奈良県,54
2015,長崎県,埼玉県,54
2015,熊本県,岡山県,54
2015,埼玉県,愛知県,53
2015,富山県,長野県,53
2015,石川県,岐阜県,53
2015,三重県,北海道,53
2015,京都府,静岡県,53
2015,長崎県,岡山県,53
2015,青森県,福島県,52
2015,茨城県,兵庫県,52
2015,群馬県,静岡県,52
2015,東京都,山形県,52
2015,神奈川県,兵庫県,52
2015,山梨県,愛知県,52
2015,三重県,埼玉県,52
2015,京都府,長野県,52
2015,大阪府,香川県,52
2015,和歌山県,神奈川県,52
2015,和歌山県,徳島県,52
2015,香川県,滋賀県,52
2015,佐賀県,鹿児島県,52
2015,長野県,兵庫県,51
2015,兵庫県,長崎県,51
2015,山口県,埼玉県,51
2015,佐賀県,兵庫県,51
2015,富山県,群馬県,50
2015,滋賀県,広島県,50
2015,和歌山県,広島県,50
2015,愛媛県,埼玉県,50
2015,愛媛県,千葉県,50
2015,岩手県,山梨県,49
2015,埼玉県,福島県,49
2015,富山県,北海道,49
2015,大阪府,茨城県,49
2015,兵庫県,三重県,49
2015,岡山県,奈良県,49
2015,香川県,奈良県,49
2015,福岡県,茨城県,49
2015,大分県,佐賀県,49
2015,青森県,新潟県,48
2015,秋田県,群馬県,48
2015,茨城県,秋田県,48
2015,愛知県,岡山県,48
2015,滋賀県,神奈川県,48
2015,岡山県,千葉県,48
2015,香川県,山口県,48
2015,高知県,埼玉県,48
2015,沖縄県,北海道,48
2015,千葉県,愛知県,47
2015,東京都,沖縄県,47
2015,福井県,静岡県,47
2015,大阪府,山口県,47
2015,大分県,埼玉県,47
2015,福島県,山梨県,46
2015,山梨県,茨城県,46
2015,愛知県,新潟県,46
2015,愛知県,沖縄県,46
2015,京都府,高知県,46
2015,兵庫県,茨城県,46
2015,兵庫県,大分県,46
2015,奈良県,三重県,46
2015,宮崎県,佐賀県,46
2015,岩手県,新潟県,45
2015,栃木県,長野県,45
2015,福井県,広島県,45
2015,岐阜県,広島県,45
2015,滋賀県,静岡県,45
2015,岩手県,京都府,44
2015,愛知県,山形県,44
2015,大阪府,福井県,44
2015,山口県,千葉県,44
2015,山口県,長崎県,44
2015,高知県,愛知県,44
2015,佐賀県,宮崎県,44
2015,群馬県,愛知県,43
2015,群馬県,大阪府,43
2015,埼玉県,石川県,43
2015,静岡県,秋田県,43
2015,静岡県,富山県,43
2015,静岡県,福井県,43
2015,静岡県,岡山県,43
2015,京都府,茨城県,43
2015,大阪府,島根県,43
2015,兵庫県,沖縄県,43
2015,徳島県,愛知県,43
2015,高知県,滋賀県,43
2015,高知県,福岡県,43
2015,熊本県,愛知県,43
2015,沖縄県,茨城県,43
2015,群馬県,山形県,42
2015,岐阜県,奈良県,42
2015,愛知県,宮城県,42
2015,愛知県,鳥取県,42
2015,京都府,埼玉県,42
2015,兵庫県,富山県,42
2015,奈良県,埼玉県,42
2015,奈良県,福岡県,42
2015,鳥取県,福岡県,42
2015,宮崎県,愛知県,42
2015,神奈川県,福岡県,41
2015,富山県,宮城県,41
2015,三重県,福井県,41
2015,大阪府,愛媛県,41
2015,宮城県,愛知県,40
2015,東京都,石川県,40
2015,神奈川県,栃木県,40
2015,石川県,静岡県,40
2015,長野県,滋賀県,40
2015,大阪府,沖縄県,40
2015,愛媛県,奈良県,40
2015,山形県,京都府,39
2015,茨城県,福岡県,39
2015,埼玉県,青森県,39
2015,埼玉県,山形県,39
2015,山梨県,新潟県,39
2015,京都府,岐阜県,39
2015,奈良県,岡山県,39
2015,鳥取県,滋賀県,39
2015,福島県,秋田県,38
2015,富山県,奈良県,38
2015,福井県,新潟県,38
2015,愛知県,島根県,38
2015,京都府,島根県,38
2015,鳥取県,神奈川県,38
2015,島根県,愛媛県,38
2015,愛媛県,北海道,38
2015,青森県,京都府,37
2015,宮城県,山梨県,37
2015,山形県,山梨県,37
2015,千葉県,福島県,37
2015,山梨県,群馬県,37
2015,長野県,奈良県,37
2015,奈良県,千葉県,37
2015,奈良県,広島県,37
2015,和歌山県,高知県,37
2015,徳島県,福岡県,37
2015,香川県,埼玉県,37
2015,大分県,愛知県,37
2015,大分県,高知県,37
2015,鹿児島県,佐賀県,37
2015,茨城県,石川県,36
2015,千葉県,山形県,36
2015,千葉県,新潟県,36
2015,東京都,岡山県,36
2015,神奈川県,福島県,36
2015,神奈川県,石川県,36
2015,山梨県,北海道,36
2015,静岡県,高知県,36
2015,京都府,和歌山県,36
2015,和歌山県,北海道,36
2015,鳥取県,愛知県,36
2015,島根県,埼玉県,36
2015,山口県,滋賀県,36
2015,宮崎県,高知県,36
2015,北海道,奈良県,35
2015,北海道,沖縄県,35
2015,埼玉県,兵庫県,35
2015,東京都,滋賀県,35
2015,神奈川県,新潟県,35
2015,山梨県,宮城県,35
2015,三重県,富山県,35
2015,滋賀県,三重県,35
2015,京都府,山口県,35
2015,和歌山県,福岡県,35
2015,広島県,茨城県,35
2015,山口県,鹿児島県,35
2015,徳島県,滋賀県,35
2015,愛媛県,山梨県,35
2015,福岡県,山梨県,35
2015,福岡県,静岡県,35
2015,福岡県,奈良県,35
2015,東京都,熊本県,34
2015,富山県,茨城県,34
2015,福井県,埼玉県,34
2015,山梨県,兵庫県,34
2015,長野県,三重県,34
2015,京都府,三重県,34
2015,和歌山県,三重県,34
2015,広島県,大分県,34
2015,大分県,千葉県,34
2015,宮崎県,岡山県,34
2015,沖縄県,山梨県,34
2015,宮城県,静岡県,33
2015,山形県,静岡県,33
2015,栃木県,愛知県,33
2015,石川県,山梨県,33
2015,石川県,長野県,33
2015,福井県,千葉県,33
2015,福井県,山梨県,33
2015,静岡県,鳥取県,33
2015,京都府,千葉県,33
2015,大阪府,山梨県,33
2015,兵庫県,福井県,33
2015,兵庫県,宮崎県,33
2015,鳥取県,愛媛県,33
2015,広島県,宮崎県,33
2015,愛媛県,静岡県,33
2015,佐賀県,埼玉県,33
2015,佐賀県,千葉県,33
2015,熊本県,沖縄県,33
2015,青森県,静岡県,32
2015,福島県,静岡県,32
2015,千葉県,兵庫県,32
2015,東京都,岩手県,32
2015,神奈川県,大分県,32
2015,石川県,茨城県,32
2015,山梨県,栃木県,32
2015,長野県,山形県,32
2015,長野県,福島県,32
2015,京都府,富山県,32
2015,奈良県,鳥取県,32
2015,島根県,高知県,32
2015,岡山県,静岡県,32
2015,広島県,静岡県,32
2015,徳島県,山口県,32
2015,福岡県,愛媛県,32
2015,鹿児島県,山梨県,32
2015,宮城県,大阪府,31
2015,福島県,青森県,31
2015,神奈川県,滋賀県,31
2015,静岡県,島根県,31
2015,三重県,山梨県,31
2015,滋賀県,岡山県,31
2015,大阪府,宮城県,31
2015,大阪府,宮崎県,31
2015,和歌山県,静岡県,31
2015,鳥取県,山口県,31
2015,島根県,愛知県,31
2015,島根県,奈良県,31
2015,沖縄県,静岡県,31
2015,茨城県,広島県,30
2015,群馬県,富山県,30
2015,東京都,青森県,30
2015,東京都,高知県,30
2015,石川県,宮城県,30
2015,石川県,群馬県,30
2015,岐阜県,茨城県,30
2015,愛知県,大分県,30
2015,愛知県,鹿児島県,30
2015,兵庫県,山梨県,30
2015,兵庫県,鹿児島県,30
2015,奈良県,石川県,30
2015,岡山県,北海道,30
2015,広島県,山梨県,30
2015,広島県,熊本県,30
2015,山口県,島根県,30
2015,鹿児島県,茨城県,30
2015,茨城県,岩手県,29
2015,栃木県,大阪府,29
2015,群馬県,秋田県,29
2015,千葉県,福岡県,29
2015,愛知県,岩手県,29
2015,滋賀県,北海道,29
2015,兵庫県,宮城県,29
2015,鳥取県,香川県,29
2015,広島県,長崎県,29
2015,愛媛県,茨城県,29
2015,宮崎県,沖縄県,29
2015,沖縄県,石川県,29
2015,青森県,山梨県,28
2015,栃木県,石川県,28
2015,神奈川県,岩手県,28
2015,新潟県,福井県,28
2015,富山県,静岡県,28
2015,福井県,奈良県,28
2015,愛知県,長崎県,28
2015,愛知県,宮崎県,28
2015,三重県,福岡県,28
2015,京都府,愛媛県,28
2015,大阪府,鹿児島県,28
2015,兵庫県,岐阜県,28
2015,和歌山県,石川県,28
2015,和歌山県,山口県,28
2015,愛媛県,鳥取県,28
2015,福岡県,高知県,28
2015,佐賀県,岡山県,28
2015,長崎県,滋賀県,28
2015,熊本県,静岡県,28
2015,大分県,沖縄県,28
2015,北海道,大分県,27
2015,栃木県,岩手県,27
2015,東京都,岐阜県,27
2015,東京都,奈良県,27
2015,東京都,宮崎県,27
2015,東京都,鹿児島県,27
2015,新潟県,岐阜県,27
2015,長野県,福井県,27
2015,奈良県,徳島県,27
2015,和歌山県,鳥取県,27
2015,鳥取県,静岡県,27
2015,鳥取県,高知県,27
2015,岡山県,茨城県,27
2015,岡山県,大分県,27
2015,広島県,沖縄県,27
2015,福岡県,石川県,27
2015,福岡県,島根県,27
2015,長崎県,静岡県,27
2015,宮崎県,茨城県,27
2015,宮崎県,静岡県,27
2015,北海道,岡山県,26
2015,山形県,石川県,26
2015,千葉県,秋田県,26
2015,東京都,広島県,26
2015,石川県,奈良県,26
2015,岐阜県,岡山県,26
2015,愛知県,愛媛県,26
2015,京都府,香川県,26
2015,京都府,大分県,26
2015,大阪府,熊本県,26
2015,兵庫県,熊本県,26
2015,島根県,徳島県,26
2015,山口県,宮崎県,26
2015,愛媛県,島根県,26
2015,愛媛県,長崎県,26
2015,高知県,奈良県,26
2015,熊本県,滋賀県,26
2015,鹿児島県,北海道,26
2015,鹿児島県,静岡県,26
2015,鹿児島県,滋賀県,26
2015,鹿児島県,高知県,26
2015,秋田県,京都府,25
2015,千葉県,石川県,25
2015,神奈川県,山形県,25
2015,奈良県,高知県,25
2015,山口県,奈良県,25
2015,山口県,佐賀県,25
2015,徳島県,静岡県,25
2015,徳島県,奈良県,25
2015,香川県,島根県,25
2015,長崎県,茨城県,25
2015,熊本県,奈良県,25
2015,北海道,岐阜県,24
2015,栃木県,青森県,24
2015,埼玉県,秋田県,24
2015,福井県,長野県,24
2015,静岡県,山口県,24
2015,大阪府,富山県,24
2015,岡山県,山梨県,24
2015,広島県,鹿児島県,24
2015,福岡県,群馬県,24
2015,鹿児島県,群馬県,24
2015,沖縄県,三重県,24
2015,北海道,鹿児島県,23
2015,福島県,大阪府,23
2015,茨城県,青森県,23
2015,岐阜県,新潟県,23
2015,岐阜県,鳥取県,23
2015,静岡県,沖縄県,23
2015,滋賀県,富山県,23
2015,京都府,宮城県,23
2015,奈良県,長野県,23
2015,和歌山県,岐阜県,23
2015,鳥取県,埼玉県,23
2015,鳥取県,奈良県,23
2015,島根県,千葉県,23
2015,岡山県,石川県,23
2015,山口県,北海道,23
2015,山口県,茨城県,23
2015,香川県,千葉県,23
2015,福岡県,鳥取県,23
2015,熊本県,茨城県,23
2015,大分県,愛媛県,23
2015,北海道,山口県,22
2015,青森県,大阪府,22
2015,埼玉県,滋賀県,22
2015,東京都,島根県,22
2015,東京都,山口県,22
2015,三重県,茨城県,22
2015,滋賀県,千葉県,22
2015,大阪府,長崎県,22
2015,兵庫県,新潟県,22
2015,島根県,滋賀県,22
2015,徳島県,埼玉県,22
2015,長崎県,山梨県,22
2015,熊本県,北海道,22
2015,大分県,滋賀県,22
2015,岩手県,静岡県,21
2015,宮城県,長野県,21
2015,宮城県,兵庫県,21
2015,千葉県,大分県,21
2015,神奈川県,熊本県,21
2015,福井県,北海道,21
2015,福井県,三重県,21
2015,岐阜県,山形県,21
2015,三重県,群馬県,21
2015,三重県,高知県,21
2015,滋賀県,福岡県,21
2015,京都府,沖縄県,21
2015,大阪府,秋田県,21
2015,和歌山県,埼玉県,21
2015,徳島県,山梨県,21
2015,沖縄県,高知県,21
2015,北海道,長崎県,20
2015,宮城県,石川県,20
2015,茨城県,沖縄県,20
2015,埼玉県,岩手県,20
2015,新潟県,兵庫県,20
2015,福井県,茨城県,20
2015,岐阜県,群馬県,20
2015,岐阜県,高知県,20
2015,岐阜県,福岡県,20
2015,愛知県,和歌山県,20
2015,三重県,鳥取県,20
2015,三重県,岡山県,20
2015,三重県,山口県,20
2015,鳥取県,北海道,20
2015,島根県,香川県,20
2015,広島県,宮城県,20
2015,高知県,山口県,20
2015,福岡県,岐阜県,20
2015,長崎県,島根県,20
2015,北海道,福島県,19
2015,石川県,福岡県,19
2015,福井県,群馬県,19
2015,山梨県,石川県,19
2015,長野県,秋田県,19
2015,愛知県,福島県,19
2015,島根県,茨城県,19
2015,島根県,静岡県,19
2015,広島県,石川県,19
2015,広島県,佐賀県,19
2015,山口県,鳥取県,19
2015,愛媛県,宮崎県,19
2015,長崎県,鳥取県,19
2015,長崎県,高知県,19
2015,大分県,島根県,19
2015,沖縄県,栃木県,19
2015,沖縄県,新潟県,19
2015,岩手県,愛知県,18
2015,秋田県,石川県,18
2015,埼玉県,岡山県,18
2015,千葉県,奈良県,18
2015,千葉県,熊本県,18
2015,新潟県,奈良県,18
2015,富山県,広島県,18
2015,大阪府,群馬県,18
2015,大阪府,新潟県,18
2015,奈良県,岐阜県,18
2015,奈良県,島根県,18
2015,鳥取県,茨城県,18
2015,岡山県,宮崎県,18
2015,愛媛県,熊本県,18
2015,佐賀県,愛知県,18
2015,北海道,富山県,17
2015,青森県,愛知県,17
2015,山形県,大阪府,17
2015,埼玉県,福岡県,17
2015,埼玉県,大分県,17
2015,埼玉県,沖縄県,17
2015,千葉県,岩手県,17
2015,千葉県,滋賀県,17
2015,東京都,富山県,17
2015,東京都,福井県,17
2015,神奈川県,岡山県,17
2015,新潟県,滋賀県,17
2015,石川県,岡山県,17
2015,山梨県,福島県,17
2015,長野県,広島県,17
2015,岐阜県,山口県,17
2015,愛知県,栃木県,17
2015,滋賀県,茨城県,17
2015,滋賀県,長野県,17
2015,奈良県,茨城県,17
2015,和歌山県,千葉県,17
2015,和歌山県,島根県,17
2015,広島県,岐阜県,17
2015,福岡県,宮城県,17
2015,熊本県,岐阜県,17
2015,宮崎県,滋賀県,17
2015,鹿児島県,奈良県,17
2015,秋田県,山梨県,16
2015,秋田県,愛知県,16
2015,福島県,石川県,16
2015,福島県,愛知県,16
2015,茨城県,滋賀県,16
2015,茨城県,山口県,16
2015,千葉県,青森県,16
2015,千葉県,岐阜県,16
2015,東京都,長崎県,16
2015,山梨県,秋田県,16
2015,山梨県,福岡県,16
2015,長野県,岩手県,16
2015,岐阜県,宮城県,16
2015,岐阜県,福島県,16
2015,静岡県,岩手県,16
2015,愛知県,香川県,16
2015,三重県,徳島県,16
2015,京都府,山梨県,16
2015,広島県,和歌山県,16
2015,山口県,高知県,16
2015,愛媛県,鹿児島県,16
2015,佐賀県,茨城県,16
2015,熊本県,群馬県,16
2015,熊本県,山梨県,16
2015,宮崎県,北海道,16
2015,沖縄県,佐賀県,16
2015,千葉県,宮崎県,15
2015,千葉県,沖縄県,15
2015,神奈川県,青森県,15
2015,神奈川県,秋田県,15
2015,神奈川県,広島県,15
2015,神奈川県,山口県,15
2015,山梨県,岐阜県,15
2015,静岡県,長崎県,15
2015,愛知県,熊本県,15
2015,京都府,秋田県,15
2015,兵庫県,群馬県,15
2015,兵庫県,佐賀県,15
2015,奈良県,宮城県,15
2015,和歌山県,茨城県,15
2015,和歌山県,長野県,15
2015,和歌山県,愛媛県,15
2015,岡山県,長崎県,15
2015,広島県,長野県,15
2015,広島県,三重県,15
2015,徳島県,島根県,15
2015,愛媛県,沖縄県,15
2015,熊本県,高知県,15
2015,宮崎県,奈良県,15
2015,沖縄県,香川県,15
2015,沖縄県,愛媛県,15
2015,青森県,兵庫県,14
2015,栃木県,兵庫県,14
2015,群馬県,滋賀県,14
2015,東京都,愛媛県,14
2015,神奈川県,鹿児島県,14
2015,神奈川県,沖縄県,14
2015,新潟県,青森県,14
2015,石川県,広島県,14
2015,長野県,鳥取県,14
2015,長野県,岡山県,14
2015,岐阜県,秋田県,14
2015,岐阜県,島根県,14
2015,静岡県,青森県,14
2015,静岡県,大分県,14
2015,静岡県,鹿児島県,14
2015,京都府,鹿児島県,14
2015,奈良県,富山県,14
2015,和歌山県,香川県,14
2015,鳥取県,千葉県,14
2015,鳥取県,山梨県,14
2015,島根県,大分県,14
2015,島根県,宮崎県,14
2015,岡山県,岐阜県,14
2015,岡山県,熊本県,14
2015,山口県,香川県,14
2015,徳島県,北海道,14
2015,香川県,北海道,14
2015,香川県,岐阜県,14
2015,香川県,静岡県,14
2015,香川県,和歌山県,14
2015,高知県,大分県,14
2015,佐賀県,北海道,14
2015,佐賀県,沖縄県,14
2015,大分県,奈良県,14
2015,沖縄県,長野県,14
2015,沖縄県,滋賀県,14
2015,北海道,徳島県,13
2015,北海道,高知県,13
2015,岩手県,石川県,13
2015,秋田県,大阪府,13
2015,山形県,愛知県,13
2015,群馬県,兵庫県,13
2015,埼玉県,鹿児島県,13
2015,千葉県,富山県,13
2015,東京都,鳥取県,13
2015,神奈川県,島根県,13
2015,神奈川県,宮崎県,13
2015,長野県,福岡県,13
2015,岐阜県,栃木県,13
2015,静岡県,徳島県,13
2015,静岡県,熊本県,13
2015,愛知県,徳島県,13
2015,三重県,和歌山県,13
2015,滋賀県,埼玉県,13
2015,滋賀県,和歌山県,13
2015,京都府,宮崎県,13
2015,大阪府,栃木県,13
2015,兵庫県,秋田県,13
2015,鳥取県,和歌山県,13
2015,島根県,石川県,13
2015,岡山県,三重県,13
2015,岡山県,鹿児島県,13
2015,香川県,茨城県,13
2015,香川県,鳥取県,13
2015,愛媛県,栃木県,13
2015,熊本県,鳥取県,13
2015,熊本県,島根県,13
2015,大分県,北海道,13
2015,鹿児島県,宮城県,13
2015,鹿児島県,岐阜県,13
2015,沖縄県,鳥取県,13
2015,青森県,長野県,12
2015,宮城県,広島県,12
2015,秋田県,静岡県,12
2015,福島県,滋賀県,12
2015,群馬県,岩手県,12
2015,群馬県,福岡県,12
2015,千葉県,広島県,12
2015,東京都,三重県,12
2015,神奈川県,富山県,12
2015,新潟県,広島県,12
2015,富山県,三重県,12
2015,富山県,岡山県,12
2015,福井県,鳥取県,12
2015,福井県,島根県,12
2015,福井県,岡山県,12
2015,山梨県,広島県,12
2015,三重県,福島県,12
2015,滋賀県,島根県,12
2015,滋賀県,大分県,12
2015,奈良県,愛媛県,12
2015,鳥取県,徳島県,12
2015,島根県,北海道,12
2015,岡山県,長野県,12
2015,岡山県,沖縄県,12
2015,山口県,徳島県,12
2015,徳島県,和歌山県,12
2015,徳島県,鳥取県,12
2015,香川県,宮城県,12
2015,福岡県,新潟県,12
2015,福岡県,長野県,12
2015,福岡県,和歌山県,12
2015,佐賀県,滋賀県,12
2015,長崎県,岐阜県,12
2015,宮崎県,山梨県,12
2015,宮崎県,岐阜県,12
2015,宮崎県,愛媛県,12
2015,鹿児島県,徳島県,12
2015,沖縄県,岩手県,12
2015,沖縄県,群馬県,12
2015,北海道,福井県,11
2015,北海道,香川県,11
2015,北海道,熊本県,11
2015,青森県,石川県,11
2015,福島県,奈良県,11
2015,茨城県,富山県,11
2015,茨城県,高知県,11
2015,茨城県,熊本県,11
2015,栃木県,福岡県,11
2015,群馬県,奈良県,11
2015,千葉県,三重県,11
2015,千葉県,鹿児島県,11
2015,東京都,徳島県,11
2015,新潟県,岩手県,11
2015,富山県,秋田県,11
2015,石川県,和歌山県,11
2015,福井県,栃木県,11
2015,福井県,高知県,11
2015,福井県,福岡県,11
2015,山梨県,熊本県,11
2015,長野県,青森県,11
2015,岐阜県,和歌山県,11
2015,岐阜県,鹿児島県,11
2015,三重県,栃木県,11
2015,京都府,新潟県,11
2015,兵庫県,栃木県,11
2015,奈良県,静岡県,11
2015,奈良県,沖縄県,11
2015,和歌山県,富山県,11
2015,島根県,熊本県,11
2015,岡山県,和歌山県,11
2015,香川県,石川県,11
2015,愛媛県,宮城県,11
2015,愛媛県,群馬県,11
2015,愛媛県,和歌山県,11
2015,高知県,山梨県,11
2015,高知県,静岡県,11
2015,福岡県,徳島県,11
2015,福岡県,香川県,11
2015,長崎県,北海道,11
2015,大分県,茨城県,11
2015,大分県,鳥取県,11
2015,宮崎県,島根県,11
2015,鹿児島県,島根県,11
2015,沖縄県,奈良県,11
2015,北海道,三重県,10
2015,宮城県,福岡県,10
2015,秋田県,富山県,10
2015,秋田県,長野県,10
2015,山形県,富山県,10
2015,茨城県,長崎県,10
2015,栃木県,富山県,10
2015,栃木県,沖縄県,10
2015,群馬県,岐阜県,10
2015,富山県,栃木県,10
2015,石川県,秋田県,10
2015,石川県,三重県,10
2015,福井県,山口県,10
2015,山梨県,富山県,10
2015,長野県,鹿児島県,10
2015,長野県,沖縄県,10
2015,岐阜県,愛媛県,10
2015,岐阜県,沖縄県,10
2015,静岡県,宮崎県,10
2015,三重県,島根県,10
2015,三重県,香川県,10
2015,滋賀県,鳥取県,10
2015,滋賀県,徳島県,10
2015,大阪府,青森県,10
2015,奈良県,香川県,10
2015,奈良県,大分県,10
2015,和歌山県,山梨県,10
2015,鳥取県,新潟県,10
2015,島根県,岐阜県,10
2015,岡山県,群馬県,10
2015,山口県,静岡県,10
2015,徳島県,茨城県,10
2015,香川県,山梨県,10
2015,香川県,大分県,10
2015,愛媛県,石川県,10
2015,愛媛県,佐賀県,10
2015,高知県,茨城県,10
2015,高知県,岐阜県,10
2015,福岡県,栃木県,10
2015,長崎県,群馬県,10
2015,大分県,徳島県,10
2015,鹿児島県,香川県,10
2015,沖縄県,秋田県,10
2015,北海道,愛媛県,9
2015,宮城県,滋賀県,9
2015,宮城県,沖縄県,9
2015,山形県,滋賀県,9
2015,福島県,長野県,9
2015,福島県,兵庫県,9
2015,茨城県,奈良県,9
2015,茨城県,宮崎県,9
2015,栃木県,岐阜県,9
2015,栃木県,岡山県,9
2015,栃木県,広島県,9
2015,群馬県,大分県,9
2015,千葉県,高知県,9
2015,東京都,佐賀県,9
2015,神奈川県,岐阜県,9
2015,富山県,福岡県,9
2015,石川県,栃木県,9
2015,福井県,和歌山県,9
2015,山梨県,山形県,9
2015,静岡県,愛媛県,9
2015,滋賀県,愛媛県,9
2015,京都府,熊本県,9
2015,兵庫県,福島県,9
2015,奈良県,山口県,9
2015,奈良県,長崎県,9
2015,和歌山県,長崎県,9
2015,和歌山県,鹿児島県,9
2015,鳥取県,石川県,9
2015,島根県,山梨県,9
2015,岡山県,宮城県,9
2015,徳島県,長崎県,9
2015,香川県,熊本県,9
2015,香川県,鹿児島県,9
2015,愛媛県,新潟県,9
2015,愛媛県,岐阜県,9
2015,高知県,北海道,9
2015,高知県,沖縄県,9
2015,長崎県,徳島県,9
2015,長崎県,愛媛県,9
2015,大分県,山梨県,9
2015,鹿児島県,栃木県,9
2015,鹿児島県,新潟県,9
2015,鹿児島県,鳥取県,9
2015,沖縄県,宮城県,9
2015,沖縄県,福島県,9
2015,北海道,宮崎県,8
2015,岩手県,大阪府,8
2015,福島県,富山県,8
2015,茨城県,岐阜県,8
2015,茨城県,岡山県,8
2015,栃木県,高知県,8
2015,群馬県,沖縄県,8
2015,千葉県,山口県,8
2015,千葉県,徳島県,8
2015,東京都,香川県,8
2015,神奈川県,三重県,8
2015,神奈川県,奈良県,8
2015,神奈川県,愛媛県,8
2015,神奈川県,高知県,8
2015,神奈川県,長崎県,8
2015,新潟県,福岡県,8
2015,富山県,島根県,8
2015,山梨県,滋賀県,8
2015,山梨県,奈良県,8
2015,長野県,島根県,8
2015,岐阜県,青森県,8
2015,愛知県,青森県,8
2015,三重県,愛媛県,8
2015,三重県,鹿児島県,8
2015,滋賀県,山口県,8
2015,滋賀県,高知県,8
2015,大阪府,山形県,8
2015,兵庫県,山形県,8
2015,奈良県,群馬県,8
2015,奈良県,福井県,8
2015,鳥取県,長崎県,8
2015,島根県,三重県,8
2015,岡山県,新潟県,8
2015,岡山県,富山県,8
2015,広島県,群馬県,8
2015,山口県,山梨県,8
2015,徳島県,千葉県,8
2015,徳島県,石川県,8
2015,徳島県,沖縄県,8
2015,香川県,宮崎県,8
2015,福岡県,三重県,8
2015,佐賀県,静岡県,8
2015,佐賀県,香川県,8
2015,長崎県,福島県,8
2015,長崎県,香川県,8
2015,熊本県,宮城県,8
2015,大分県,静岡県,8
2015,鹿児島県,三重県,8
2015,北海道,鳥取県,7
2015,青森県,岐阜県,7
2015,岩手県,富山県,7
2015,岩手県,長野県,7
2015,岩手県,岐阜県,7
2015,岩手県,兵庫県,7
2015,岩手県,沖縄県,7
2015,栃木県,滋賀県,7
2015,栃木県,奈良県,7
2015,埼玉県,福井県,7
2015,埼玉県,奈良県,7
2015,神奈川県,福井県,7
2015,神奈川県,徳島県,7
2015,新潟県,熊本県,7
2015,富山県,和歌山県,7
2015,富山県,大分県,7
2015,福井県,秋田県,7
2015,岐阜県,大分県,7
2015,三重県,秋田県,7
2015,三重県,新潟県,7
2015,滋賀県,鹿児島県,7
2015,大阪府,福島県,7
2015,奈良県,宮崎県,7
2015,鳥取県,長野県,7
2015,鳥取県,岐阜県,7
2015,広島県,栃木県,7
2015,山口県,岐阜県,7
2015,山口県,和歌山県,7
2015,徳島県,岐阜県,7
2015,香川県,三重県,7
2015,香川県,沖縄県,7
2015,愛媛県,秋田県,7
2015,佐賀県,奈良県,7
2015,佐賀県,島根県,7
2015,長崎県,宮城県,7
2015,長崎県,三重県,7
2015,長崎県,奈良県,7
2015,熊本県,栃木県,7
2015,熊本県,石川県,7
2015,熊本県,三重県,7
2015,熊本県,徳島県,7
2015,大分県,岐阜県,7
2015,大分県,香川県,7
2015,宮崎県,栃木県,7
2015,宮崎県,鳥取県,7
2015,宮崎県,徳島県,7
2015,宮崎県,香川県,7
2015,青森県,滋賀県,6
2015,青森県,沖縄県,6
2015,宮城県,富山県,6
2015,山形県,奈良県,6
2015,福島県,福岡県,6
2015,茨城県,三重県,6
2015,茨城県,大分県,6
2015,茨城県,鹿児島県,6
2015,栃木県,三重県,6
2015,栃木県,宮崎県,6
2015,群馬県,青森県,6
2015,群馬県,島根県,6
2015,群馬県,岡山県,6
2015,群馬県,広島県,6
2015,埼玉県,山口県,6
2015,埼玉県,長崎県,6
2015,千葉県,島根県,6
2015,新潟県,沖縄県,6
2015,富山県,福島県,6
2015,石川県,鳥取県,6
2015,石川県,山口県,6
2015,福井県,宮城県,6
2015,福井県,徳島県,6
2015,福井県,沖縄県,6
2015,山梨県,岩手県,6
2015,山梨県,福井県,6
2015,山梨県,岡山県,6
2015,山梨県,沖縄県,6
2015,長野県,高知県,6
2015,岐阜県,徳島県,6
2015,岐阜県,長崎県,6
2015,静岡県,香川県,6
2015,愛知県,佐賀県,6
2015,三重県,宮城県,6
2015,三重県,大分県,6
2015,滋賀県,栃木県,6
2015,滋賀県,長崎県,6
2015,滋賀県,沖縄県,6
2015,京都府,栃木県,6
2015,大阪府,岩手県,6
2015,兵庫県,岩手県,6
2015,奈良県,山梨県,6
2015,和歌山県,栃木県,6
2015,和歌山県,福井県,6
2015,和歌山県,沖縄県,6
2015,鳥取県,三重県,6
2015,島根県,栃木県,6
2015,島根県,和歌山県,6
2015,島根県,鹿児島県,6
2015,岡山県,秋田県,6
2015,広島県,新潟県,6
2015,山口県,石川県,6
2015,山口県,長野県,6
2015,徳島県,大分県,6
2015,香川県,栃木県,6
2015,香川県,長崎県,6
2015,愛媛県,長野県,6
2015,高知県,石川県,6
2015,高知県,島根県,6
2015,高知県,長崎県,6
2015,高知県,宮崎県,6
2015,高知県,鹿児島県,6
2015,福岡県,青森県,6
2015,福岡県,富山県,6
2015,佐賀県,岐阜県,6
2015,佐賀県,高知県,6
2015,長崎県,栃木県,6
2015,長崎県,和歌山県,6
2015,熊本県,岩手県,6
2015,宮崎県,群馬県,6
2015,鹿児島県,石川県,6
2015,鹿児島県,和歌山県,6
2015,沖縄県,山形県,6
2015,青森県,奈良県,5
2015,岩手県,奈良県,5
2015,宮城県,岐阜県,5
2015,秋田県,岐阜県,5
2015,秋田県,兵庫県,5
2015,秋田県,沖縄県,5
2015,山形県,長野県,5
2015,山形県,兵庫県,5
2015,福島県,鹿児島県,5
2015,茨城県,鳥取県,5
2015,茨城県,島根県,5
2015,茨城県,徳島県,5
2015,茨城県,愛媛県,5
2015,茨城県,佐賀県,5
2015,栃木県,鳥取県,5
2015,群馬県,福井県,5
2015,群馬県,山口県,5
2015,埼玉県,岐阜県,5
2015,埼玉県,徳島県,5
2015,埼玉県,熊本県,5
2015,埼玉県,宮崎県,5
2015,千葉県,長崎県,5
2015,神奈川県,香川県,5
2015,新潟県,岡山県,5
2015,新潟県,長崎県,5
2015,富山県,岩手県,5
2015,富山県,山形県,5
2015,富山県,山口県,5
2015,石川県,高知県,5
2015,福井県,青森県,5
2015,福井県,香川県,5
2015,山梨県,山口県,5
2015,長野県,長崎県,5
2015,長野県,宮崎県,5
2015,岐阜県,香川県,5
2015,岐阜県,熊本県,5
2015,三重県,岩手県,5
2015,滋賀県,新潟県,5
2015,滋賀県,山梨県,5
2015,京都府,福島県,5
2015,京都府,群馬県,5
2015,京都府,長崎県,5
2015,鳥取県,福島県,5
2015,鳥取県,栃木県,5
2015,鳥取県,群馬県,5
2015,島根県,長崎県,5
2015,岡山県,栃木県,5
2015,山口県,群馬県,5
2015,徳島県,宮城県,5
2015,徳島県,宮崎県,5
2015,香川県,新潟県,5
2015,愛媛県,福井県,5
2015,高知県,宮城県,5
2015,高知県,熊本県,5
2015,福岡県,岩手県,5
2015,福岡県,山形県,5
2015,福岡県,福島県,5
2015,佐賀県,栃木県,5
2015,佐賀県,徳島県,5
2015,熊本県,香川県,5
2015,熊本県,愛媛県,5
2015,大分県,群馬県,5
2015,宮崎県,新潟県,5
2015,宮崎県,三重県,5
2015,鹿児島県,秋田県,5
2015,鹿児島県,愛媛県,5
2015,沖縄県,島根県,5
2015,青森県,富山県,4
2015,青森県,広島県,4
2015,岩手県,滋賀県,4
2015,岩手県,広島県,4
2015,宮城県,鳥取県,4
2015,宮城県,岡山県,4
2015,宮城県,熊本県,4
2015,秋田県,滋賀県,4
2015,山形県,岐阜県,4
2015,山形県,広島県,4
2015,福島県,福井県,4
2015,福島県,沖縄県,4
2015,栃木県,島根県,4
2015,栃木県,鹿児島県,4
2015,群馬県,高知県,4
2015,群馬県,熊本県,4
2015,埼玉県,富山県,4
2015,埼玉県,島根県,4
2015,埼玉県,高知県,4
2015,埼玉県,佐賀県,4
2015,千葉県,岡山県,4
2015,東京都,和歌山県,4
2015,神奈川県,鳥取県,4
2015,新潟県,三重県,4
2015,富山県,青森県,4
2015,富山県,宮崎県,4
2015,石川県,愛媛県,4
2015,石川県,沖縄県,4
2015,岐阜県,宮崎県,4
2015,静岡県,和歌山県,4
2015,三重県,山形県,4
2015,三重県,佐賀県,4
2015,三重県,熊本県,4
2015,三重県,宮崎県,4
2015,滋賀県,香川県,4
2015,滋賀県,熊本県,4
2015,滋賀県,宮崎県,4
2015,京都府,青森県,4
2015,大阪府,佐賀県,4
2015,兵庫県,青森県,4
2015,奈良県,新潟県,4
2015,奈良県,鹿児島県,4
2015,和歌山県,青森県,4
2015,和歌山県,宮城県,4
2015,和歌山県,群馬県,4
2015,和歌山県,新潟県,4
2015,和歌山県,大分県,4
2015,鳥取県,富山県,4
2015,鳥取県,福井県,4
2015,鳥取県,宮崎県,4
2015,鳥取県,沖縄県,4
2015,島根県,宮城県,4
2015,島根県,新潟県,4
2015,島根県,長野県,4
2015,岡山県,福井県,4
2015,岡山県,佐賀県,4
2015,広島県,青森県,4
2015,広島県,福井県,4
2015,徳島県,栃木県,4
2015,徳島県,群馬県,4
2015,徳島県,福井県,4
2015,徳島県,熊本県,4
2015,香川県,群馬県,4
2015,香川県,長野県,4
2015,高知県,栃木県,4
2015,高知県,長野県,4
2015,高知県,鳥取県,4
2015,福岡県,秋田県,4
2015,福岡県,福井県,4
2015,佐賀県,石川県,4
2015,佐賀県,鳥取県,4
2015,長崎県,石川県,4
2015,熊本県,福島県,4
2015,熊本県,和歌山県,4
2015,大分県,三重県,4
2015,宮崎県,福島県,4
2015,宮崎県,石川県,4
2015,宮崎県,長野県,4
2015,鹿児島県,青森県,4
2015,鹿児島県,山形県,4
2015,鹿児島県,富山県,4
2015,鹿児島県,長野県,4
2015,北海道,和歌山県,3
2015,青森県,岡山県,3
2015,青森県,大分県,3
2015,宮城県,三重県,3
2015,宮城県,奈良県,3
2015,宮城県,愛媛県,3
2015,宮城県,長崎県,3
2015,秋田県,三重県,3
2015,秋田県,奈良県,3
2015,秋田県,岡山県,3
2015,秋田県,福岡県,3
2015,山形県,熊本県,3
2015,山形県,鹿児島県,3
2015,山形県,沖縄県,3
2015,福島県,岐阜県,3
2015,福島県,和歌山県,3
2015,福島県,広島県,3
2015,茨城県,福井県,3
2015,茨城県,和歌山県,3
2015,茨城県,香川県,3
2015,栃木県,徳島県,3
2015,栃木県,熊本県,3
2015,群馬県,宮崎県,3
2015,埼玉県,鳥取県,3
2015,埼玉県,広島県,3
2015,埼玉県,香川県,3
2015,埼玉県,愛媛県,3
2015,千葉県,福井県,3
2015,千葉県,愛媛県,3
2015,神奈川県,佐賀県,3
2015,新潟県,高知県,3
2015,新潟県,宮崎県,3
2015,富山県,愛媛県,3
2015,石川県,山形県,3
2015,石川県,福島県,3
2015,石川県,島根県,3
2015,石川県,宮崎県,3
2015,山梨県,三重県,3
2015,山梨県,大分県,3
2015,山梨県,宮崎県,3
2015,長野県,和歌山県,3
2015,長野県,徳島県,3
2015,長野県,香川県,3
2015,長野県,熊本県,3
2015,岐阜県,佐賀県,3
2015,静岡県,佐賀県,3
2015,三重県,青森県,3
2015,三重県,長崎県,3
2015,滋賀県,秋田県,3
2015,奈良県,青森県,3
2015,奈良県,岩手県,3
2015,奈良県,秋田県,3
2015,奈良県,栃木県,3
2015,奈良県,熊本県,3
2015,和歌山県,福島県,3
2015,和歌山県,熊本県,3
2015,和歌山県,宮崎県,3
2015,鳥取県,宮城県,3
2015,鳥取県,秋田県,3
2015,鳥取県,佐賀県,3
2015,鳥取県,大分県,3
2015,鳥取県,鹿児島県,3
2015,島根県,群馬県,3
2015,島根県,福井県,3
2015,島根県,沖縄県,3
2015,広島県,岩手県,3
2015,広島県,山形県,3
2015,山口県,福島県,3
2015,山口県,栃木県,3
2015,山口県,新潟県,3
2015,山口県,富山県,3
2015,山口県,三重県,3
2015,山口県,沖縄県,3
2015,徳島県,三重県,3
2015,香川県,福島県,3
2015,香川県,富山県,3
2015,愛媛県,福島県,3
2015,愛媛県,三重県,3
2015,高知県,群馬県,3
2015,高知県,三重県,3
2015,高知県,和歌山県,3
2015,佐賀県,宮城県,3
2015,佐賀県,長野県,3
2015,佐賀県,三重県,3
2015,佐賀県,和歌山県,3
2015,佐賀県,愛媛県,3
2015,長崎県,新潟県,3
2015,長崎県,長野県,3
2015,大分県,栃木県,3
2015,大分県,石川県,3
2015,宮崎県,岩手県,3
2015,宮崎県,宮城県,3
2015,沖縄県,富山県,3
2015,沖縄県,和歌山県,3
2015,青森県,福井県,2
2015,青森県,三重県,2
2015,青森県,山口県,2
2015,青森県,鹿児島県,2
2015,岩手県,岡山県,2
2015,岩手県,山口県,2
2015,岩手県,愛媛県,2
2015,岩手県,福岡県,2
2015,岩手県,長崎県,2
2015,岩手県,宮崎県,2
2015,宮城県,山口県,2
2015,宮城県,高知県,2
2015,宮城県,大分県,2
2015,宮城県,鹿児島県,2
2015,秋田県,福井県,2
2015,山形県,三重県,2
2015,山形県,鳥取県,2
2015,山形県,島根県,2
2015,山形県,岡山県,2
2015,山形県,福岡県,2
2015,福島県,鳥取県,2
2015,福島県,岡山県,2
2015,福島県,大分県,2
2015,栃木県,福井県,2
2015,栃木県,香川県,2
2015,栃木県,愛媛県,2
2015,栃木県,長崎県,2
2015,栃木県,大分県,2
2015,群馬県,三重県,2
2015,群馬県,和歌山県,2
2015,群馬県,鳥取県,2
2015,群馬県,香川県,2
2015,千葉県,和歌山県,2
2015,千葉県,鳥取県,2
2015,千葉県,香川県,2
2015,神奈川県,和歌山県,2
2015,新潟県,鳥取県,2
2015,新潟県,島根県,2
2015,新潟県,山口県,2
2015,富山県,鳥取県,2
2015,富山県,徳島県,2
2015,富山県,高知県,2
2015,富山県,熊本県,2
2015,富山県,沖縄県,2
2015,石川県,青森県,2
2015,石川県,岩手県,2
2015,石川県,徳島県,2
2015,石川県,熊本県,2
2015,福井県,岩手県,2
2015,福井県,山形県,2
2015,福井県,福島県,2
2015,山梨県,和歌山県,2
2015,山梨県,島根県,2
2015,山梨県,高知県,2
2015,山梨県,佐賀県,2
2015,山梨県,長崎県,2
2015,山梨県,鹿児島県,2
2015,長野県,愛媛県,2
2015,長野県,大分県,2
2015,三重県,沖縄県,2
2015,滋賀県,岩手県,2
2015,滋賀県,群馬県,2
2015,奈良県,佐賀県,2
2015,和歌山県,佐賀県,2
2015,鳥取県,岩手県,2
2015,島根県,岩手県,2
2015,島根県,富山県,2
2015,島根県,佐賀県,2
2015,広島県,福島県,2
2015,山口県,岩手県,2
2015,山口県,宮城県,2
2015,山口県,秋田県,2
2015,山口県,山形県,2
2015,徳島県,山形県,2
2015,徳島県,富山県,2
2015,徳島県,長野県,2
2015,徳島県,鹿児島県,2
2015,香川県,山形県,2
2015,香川県,佐賀県,2
2015,愛媛県,岩手県,2
2015,愛媛県,富山県,2
2015,高知県,秋田県,2
2015,高知県,福島県,2
2015,高知県,福井県,2
2015,佐賀県,岩手県,2
2015,佐賀県,山形県,2
2015,長崎県,富山県,2
2015,熊本県,長野県,2
2015,大分県,宮城県,2
2015,大分県,秋田県,2
2015,大分県,新潟県,2
2015,大分県,福井県,2
2015,大分県,和歌山県,2
2015,宮崎県,秋田県,2
2015,宮崎県,和歌山県,2
2015,鹿児島県,福島県,2
2015,鹿児島県,福井県,2
2015,沖縄県,青森県,2
2015,北海道,島根県,1
2015,北海道,佐賀県,1
2015,青森県,愛媛県,1
2015,青森県,高知県,1
2015,青森県,熊本県,1
2015,岩手県,福井県,1
2015,岩手県,三重県,1
2015,岩手県,和歌山県,1
2015,岩手県,鳥取県,1
2015,岩手県,島根県,1
2015,岩手県,香川県,1
2015,岩手県,熊本県,1
2015,岩手県,鹿児島県,1
2015,宮城県,福井県,1
2015,宮城県,和歌山県,1
2015,宮城県,徳島県,1
2015,宮城県,宮崎県,1
2015,秋田県,和歌山県,1
2015,秋田県,島根県,1
2015,秋田県,広島県,1
2015,秋田県,山口県,1
2015,秋田県,高知県,1
2015,秋田県,宮崎県,1
2015,山形県,福井県,1
2015,山形県,山口県,1
2015,山形県,高知県,1
2015,山形県,佐賀県,1
2015,福島県,三重県,1
2015,福島県,島根県,1
2015,福島県,山口県,1
2015,福島県,香川県,1
2015,福島県,愛媛県,1
2015,福島県,長崎県,1
2015,福島県,宮崎県,1
2015,栃木県,和歌山県,1
2015,栃木県,佐賀県,1
2015,群馬県,愛媛県,1
2015,群馬県,佐賀県,1
2015,群馬県,長崎県,1
2015,群馬県,鹿児島県,1
2015,埼玉県,三重県,1
2015,埼玉県,和歌山県,1
2015,千葉県,佐賀県,1
2015,新潟県,和歌山県,1
2015,新潟県,徳島県,1
2015,新潟県,大分県,1
2015,新潟県,鹿児島県,1
2015,富山県,香川県,1
2015,石川県,長崎県,1
2015,石川県,大分県,1
2015,福井県,愛媛県,1
2015,福井県,佐賀県,1
2015,福井県,長崎県,1
2015,福井県,熊本県,1
2015,福井県,大分県,1
2015,福井県,宮崎県,1
2015,山梨県,青森県,1
2015,山梨県,徳島県,1
2015,山梨県,香川県,1
2015,山梨県,愛媛県,1
2015,長野県,山口県,1
2015,岐阜県,岩手県,1
2015,滋賀県,宮城県,1
2015,滋賀県,福島県,1
2015,滋賀県,佐賀県,1
2015,京都府,岩手県,1
2015,京都府,山形県,1
2015,京都府,佐賀県,1
2015,奈良県,福島県,1
2015,和歌山県,岩手県,1
2015,和歌山県,秋田県,1
2015,和歌山県,山形県,1
2015,鳥取県,青森県,1
2015,鳥取県,熊本県,1
2015,島根県,秋田県,1
2015,島根県,山形県,1
2015,島根県,福島県,1
2015,岡山県,岩手県,1
2015,岡山県,山形県,1
2015,広島県,富山県,1
2015,山口県,福井県,1
2015,徳島県,新潟県,1
2015,徳島県,佐賀県,1
2015,香川県,福井県,1
2015,高知県,青森県,1
2015,高知県,山形県,1
2015,高知県,富山県,1
2015,佐賀県,富山県,1
2015,佐賀県,山梨県,1
2015,長崎県,秋田県,1
2015,長崎県,福井県,1
2015,熊本県,新潟県,1
2015,熊本県,富山県,1
2015,大分県,山形県,1
2015,大分県,富山県,1
2015,大分県,長野県,1
2015,宮崎県,青森県,1
2015,宮崎県,山形県,1
2015,鹿児島県,岩手県,1
2015,沖縄県,福井県,1
2016,神奈川県,東京都,21526
2016,埼玉県,東京都,17008
2016,千葉県,東京都,13433
2016,東京都,神奈川県,10569
2016,大阪府,京都府,7366
2016,兵庫県,大阪府,7060
2016,東京都,埼玉県,6468
2016,大阪府,兵庫県,5593
2016,茨城県,東京都,5153
2016,東京都,千葉県,4543
2016,岐阜県,愛知県,4519
2016,静岡県,東京都,3461
2016,京都府,大阪府,3312
2016,奈良県,大阪府,3177
2016,三重県,愛知県,3082
2016,滋賀県,京都府,2774
2016,兵庫県,京都府,2733
2016,栃木県,東京都,2689
2016,群馬県,東京都,2424
2016,長野県,東京都,2212
2016,静岡県,神奈川県,2190
2016,北海道,東京都,2155
2016,千葉県,神奈川県,2124
2016,新潟県,東京都,2121
2016,愛知県,東京都,2104
2016,茨城県,千葉県,2012
2016,静岡県,愛知県,1951
2016,埼玉県,神奈川県,1926
2016,千葉県,埼玉県,1918
2016,埼玉県,千葉県,1880
2016,和歌山県,大阪府,1849
2016,福島県,東京都,1773
2016,山梨県,東京都,1606
2016,大阪府,奈良県,1594
2016,奈良県,京都府,1574
2016,愛知県,岐阜県,1411
2016,佐賀県,福岡県,1399
2016,群馬県,埼玉県,1392
2016,茨城県,埼玉県,1364
2016,福岡県,東京都,1346
2016,滋賀県,大阪府,1296
2016,大阪府,滋賀県,1295
2016,熊本県,福岡県,1279
2016,京都府,滋賀県,1260
2016,大阪府,東京都,1251
2016,栃木県,埼玉県,1193
2016,宮城県,東京都,1165
2016,茨城県,神奈川県,1155
2016,長崎県,福岡県,1142
2016,愛知県,京都府,1055
2016,大分県,福岡県,1046
2016,神奈川県,千葉県,1034
2016,鹿児島県,福岡県,1034
2016,兵庫県,東京都,1003
2016,長野県,神奈川県,991
2016,神奈川県,埼玉県,952
2016,福島県,宮城県,923
2016,山口県,福岡県,919
2016,広島県,岡山県,891
2016,広島県,東京都,872
2016,新潟県,神奈川県,862
2016,宮崎県,福岡県,849
2016,山形県,宮城県,831
2016,富山県,石川県,823
2016,岩手県,宮城県,817
2016,広島県,大阪府,811
2016,群馬県,神奈川県,785
2016,京都府,兵庫県,768
2016,栃木県,神奈川県,762
2016,兵庫県,岡山県,760
2016,福岡県,熊本県,735
2016,千葉県,茨城県,729
2016,大阪府,和歌山県,721
2016,山口県,広島県,712
2016,新潟県,埼玉県,706
2016,広島県,京都府,684
2016,愛知県,神奈川県,673
2016,愛知県,三重県,669
2016,山形県,東京都,661
2016,岡山県,大阪府,661
2016,福島県,埼玉県,660
2016,青森県,東京都,659
2016,福島県,神奈川県,656
2016,富山県,東京都,653
2016,長野県,埼玉県,649
2016,福岡県,佐賀県,647
2016,長野県,愛知県,638
2016,愛知県,静岡県,636
2016,三重県,大阪府,636
2016,北海道,神奈川県,631
2016,静岡県,千葉県,631
2016,鹿児島県,東京都,628
2016,岩手県,東京都,615
2016,福岡県,山口県,613
2016,山梨県,神奈川県,612
2016,福岡県,京都府,608
2016,福岡県,長崎県,604
2016,奈良県,兵庫県,602
2016,岡山県,兵庫県,591
2016,香川県,岡山県,584
2016,東京都,茨城県,582
2016,岡山県,広島県,581
2016,岐阜県,東京都,574
2016,愛媛県,広島県,571
2016,栃木県,千葉県,562
2016,宮城県,山形県,557
2016,広島県,兵庫県,555
2016,愛知県,大阪府,549
2016,埼玉県,群馬県,548
2016,広島県,福岡県,543
2016,東京都,北海道,542
2016,香川県,大阪府,541
2016,青森県,宮城県,540
2016,秋田県,宮城県,527
2016,熊本県,東京都,524
2016,秋田県,東京都,522
2016,静岡県,京都府,520
2016,静岡県,埼玉県,510
2016,沖縄県,東京都,495
2016,三重県,東京都,493
2016,岡山県,東京都,489
2016,三重県,京都府,487
2016,和歌山県,京都府,481
2016,石川県,東京都,480
2016,岡山県,京都府,480
2016,福岡県,大阪府,478
2016,北海道,青森県,474
2016,東京都,山梨県,472
2016,長野県,千葉県,470
2016,愛媛県,東京都,470
2016,島根県,広島県,468
2016,兵庫県,滋賀県,464
2016,愛媛県,大阪府,455
2016,栃木県,群馬県,453
2016,愛知県,滋賀県,453
2016,茨城県,栃木県,447
2016,広島県,山口県,446
2016,福岡県,神奈川県,438
2016,福島県,千葉県,437
2016,香川県,兵庫県,436
2016,宮崎県,東京都,435
2016,京都府,東京都,431
2016,愛媛県,岡山県,427
2016,新潟県,千葉県,426
2016,宮城県,神奈川県,422
2016,東京都,京都府,422
2016,埼玉県,茨城県,420
2016,福井県,京都府,411
2016,岡山県,香川県,408
2016,長崎県,東京都,403
2016,北海道,京都府,400
2016,石川県,京都府,395
2016,富山県,愛知県,390
2016,京都府,奈良県,378
2016,鹿児島県,熊本県,378
2016,群馬県,千葉県,371
2016,兵庫県,広島県,368
2016,広島県,愛媛県,367
2016,香川県,東京都,367
2016,和歌山県,兵庫県,365
2016,北海道,埼玉県,362
2016,石川県,富山県,360
2016,香川県,京都府,360
2016,青森県,北海道,357
2016,福井県,石川県,342
2016,大阪府,神奈川県,340
2016,岐阜県,京都府,339
2016,北海道,千葉県,337
2016,長野県,山梨県,336
2016,山口県,東京都,336
2016,福井県,愛知県,335
2016,愛知県,兵庫県,334
2016,宮崎県,熊本県,333
2016,福岡県,兵庫県,332
2016,福島県,栃木県,331
2016,佐賀県,東京都,329
2016,愛媛県,兵庫県,327
2016,北海道,大阪府,324
2016,山形県,神奈川県,324
2016,兵庫県,奈良県,324
2016,静岡県,山梨県,323
2016,大分県,東京都,321
2016,福岡県,広島県,319
2016,福岡県,大分県,318
2016,宮城県,埼玉県,309
2016,長野県,群馬県,306
2016,徳島県,大阪府,305
2016,高知県,東京都,303
2016,岩手県,北海道,302
2016,東京都,群馬県,299
2016,愛媛県,京都府,298
2016,石川県,大阪府,295
2016,福島県,茨城県,294
2016,奈良県,東京都,293
2016,宮城県,岩手県,290
2016,福井県,大阪府,288
2016,高知県,大阪府,287
2016,長崎県,熊本県,285
2016,沖縄県,福岡県,285
2016,兵庫県,鳥取県,284
2016,岩手県,青森県,280
2016,長野県,新潟県,279
2016,愛媛県,徳島県,279
2016,福井県,東京都,270
2016,新潟県,石川県,269
2016,長野県,石川県,267
2016,兵庫県,徳島県,267
2016,福島県,新潟県,264
2016,神奈川県,山梨県,261
2016,静岡県,大阪府,257
2016,広島県,神奈川県,257
2016,熊本県,鹿児島県,257
2016,鳥取県,大阪府,254
2016,石川県,愛知県,253
2016,山形県,新潟県,252
2016,青森県,神奈川県,251
2016,岐阜県,滋賀県,251
2016,兵庫県,神奈川県,251
2016,神奈川県,北海道,250
2016,富山県,京都府,250
2016,山口県,岡山県,249
2016,徳島県,兵庫県,248
2016,大分県,熊本県,248
2016,茨城県,福島県,247
2016,愛知県,石川県,246
2016,青森県,岩手県,245
2016,山梨県,埼玉県,245
2016,宮崎県,鹿児島県,245
2016,長野県,京都府,244
2016,愛知県,富山県,244
2016,福岡県,鹿児島県,242
2016,佐賀県,長崎県,242
2016,滋賀県,兵庫県,241
2016,群馬県,栃木県,240
2016,千葉県,北海道,240
2016,岩手県,神奈川県,238
2016,愛知県,北海道,238
2016,愛知県,福井県,238
2016,東京都,宮城県,237
2016,島根県,岡山県,234
2016,愛知県,長野県,231
2016,東京都,静岡県,230
2016,富山県,神奈川県,230
2016,兵庫県,愛知県,226
2016,兵庫県,福岡県,225
2016,埼玉県,栃木県,222
2016,香川県,愛媛県,221
2016,宮城県,千葉県,220
2016,奈良県,滋賀県,220
2016,山口県,大阪府,220
2016,高知県,兵庫県,219
2016,鹿児島県,宮崎県,219
2016,香川県,広島県,218
2016,群馬県,新潟県,216
2016,大阪府,北海道,216
2016,宮城県,福島県,215
2016,愛知県,千葉県,215
2016,高知県,岡山県,215
2016,山梨県,千葉県,214
2016,山口県,京都府,214
2016,愛媛県,福岡県,213
2016,山形県,埼玉県,212
2016,島根県,大阪府,212
2016,沖縄県,大阪府,212
2016,沖縄県,神奈川県,211
2016,埼玉県,北海道,209
2016,神奈川県,静岡県,209
2016,和歌山県,東京都,209
2016,北海道,兵庫県,208
2016,山形県,千葉県,208
2016,新潟県,群馬県,208
2016,鳥取県,岡山県,207
2016,栃木県,福島県,205
2016,愛知県,埼玉県,204
2016,鳥取県,京都府,204
2016,秋田県,青森県,203
2016,栃木県,茨城県,203
2016,茨城県,群馬県,202
2016,新潟県,宮城県,200
2016,熊本県,長崎県,200
2016,岐阜県,石川県,199
2016,滋賀県,愛知県,199
2016,鹿児島県,大阪府,199
2016,秋田県,新潟県,198
2016,長崎県,佐賀県,198
2016,富山県,新潟県,197
2016,福岡県,宮崎県,197
2016,秋田県,岩手県,196
2016,鳥取県,兵庫県,196
2016,北海道,愛知県,195
2016,福島県,山形県,195
2016,茨城県,宮城県,195
2016,岐阜県,大阪府,195
2016,大阪府,愛知県,195
2016,静岡県,北海道,193
2016,熊本県,神奈川県,193
2016,岐阜県,神奈川県,192
2016,山口県,兵庫県,192
2016,東京都,大阪府,191
2016,石川県,神奈川県,191
2016,岡山県,福岡県,189
2016,秋田県,神奈川県,186
2016,広島県,島根県,186
2016,佐賀県,熊本県,184
2016,青森県,千葉県,183
2016,静岡県,石川県,183
2016,兵庫県,北海道,183
2016,鳥取県,東京都,183
2016,徳島県,東京都,183
2016,青森県,埼玉県,182
2016,神奈川県,京都府,182
2016,島根県,兵庫県,182
2016,三重県,滋賀県,179
2016,兵庫県,高知県,179
2016,徳島県,岡山県,176
2016,熊本県,大阪府,176
2016,東京都,長野県,175
2016,熊本県,京都府,175
2016,島根県,東京都,173
2016,北海道,宮城県,172
2016,山形県,福島県,172
2016,岩手県,埼玉県,171
2016,福井県,兵庫県,171
2016,栃木県,宮城県,170
2016,徳島県,京都府,168
2016,香川県,徳島県,168
2016,長崎県,大分県,167
2016,三重県,兵庫県,166
2016,熊本県,大分県,166
2016,三重県,神奈川県,164
2016,滋賀県,東京都,164
2016,富山県,大阪府,163
2016,高知県,京都府,162
2016,宮崎県,大分県,162
2016,鹿児島県,神奈川県,162
2016,静岡県,兵庫県,161
2016,大分県,長崎県,158
2016,愛媛県,香川県,156
2016,大阪府,広島県,155
2016,秋田県,埼玉県,154
2016,岡山県,愛媛県,153
2016,福島県,群馬県,152
2016,大阪府,岡山県,151
2016,宮城県,北海道,150
2016,岐阜県,静岡県,148
2016,静岡県,岐阜県,148
2016,福岡県,岡山県,148
2016,長崎県,山口県,148
2016,愛知県,広島県,147
2016,鳥取県,広島県,147
2016,茨城県,北海道,146
2016,石川県,福井県,144
2016,長野県,富山県,144
2016,広島県,滋賀県,144
2016,福岡県,埼玉県,144
2016,神奈川県,茨城県,143
2016,石川県,兵庫県,141
2016,新潟県,京都府,139
2016,岡山県,徳島県,139
2016,高知県,愛媛県,139
2016,長崎県,鹿児島県,139
2016,岩手県,千葉県,138
2016,秋田県,北海道,138
2016,福岡県,千葉県,138
2016,沖縄県,千葉県,138
2016,埼玉県,宮城県,137
2016,栃木県,新潟県,136
2016,愛媛県,神奈川県,136
2016,高知県,香川県,135
2016,大分県,広島県,135
2016,宮崎県,神奈川県,135
2016,鹿児島県,広島県,135
2016,宮城県,栃木県,134
2016,秋田県,千葉県,134
2016,群馬県,茨城県,134
2016,岡山県,神奈川県,134
2016,熊本県,宮崎県,134
2016,千葉県,群馬県,133
2016,山梨県,長野県,133
2016,三重県,静岡県,132
2016,大阪府,福岡県,132
2016,岡山県,山口県,132
2016,大分県,京都府,132
2016,大分県,山口県,132
2016,岩手県,山形県,131
2016,静岡県,滋賀県,130
2016,徳島県,香川県,130
2016,鳥取県,島根県,129
2016,埼玉県,京都府,128
2016,大阪府,埼玉県,128
2016,徳島県,高知県,128
2016,高知県,徳島県,128
2016,千葉県,静岡県,127
2016,東京都,愛知県,127
2016,静岡県,群馬県,127
2016,三重県,岐阜県,127
2016,岡山県,島根県,127
2016,長崎県,広島県,127
2016,静岡県,茨城県,126
2016,島根県,京都府,126
2016,福岡県,滋賀県,126
2016,熊本県,佐賀県,126
2016,徳島県,広島県,125
2016,沖縄県,埼玉県,125
2016,三重県,奈良県,123
2016,大分県,大阪府,123
2016,岩手県,秋田県,122
2016,千葉県,京都府,122
2016,富山県,埼玉県,122
2016,岡山県,鳥取県,122
2016,宮崎県,長崎県,121
2016,静岡県,宮城県,120
2016,茨城県,京都府,119
2016,愛知県,山梨県,119
2016,大分県,宮崎県,119
2016,山梨県,静岡県,118
2016,鹿児島県,京都府,118
2016,岩手県,福島県,117
2016,長野県,静岡県,117
2016,岐阜県,富山県,117
2016,愛知県,奈良県,117
2016,兵庫県,香川県,117
2016,島根県,鳥取県,117
2016,広島県,愛知県,117
2016,大阪府,徳島県,116
2016,兵庫県,島根県,116
2016,岡山県,高知県,116
2016,兵庫県,山口県,115
2016,長崎県,神奈川県,115
2016,新潟県,福島県,114
2016,福井県,滋賀県,114
2016,広島県,千葉県,114
2016,愛媛県,山口県,113
2016,青森県,秋田県,112
2016,秋田県,山形県,112
2016,兵庫県,和歌山県,112
2016,山口県,神奈川県,112
2016,愛媛県,高知県,112
2016,埼玉県,山梨県,111
2016,富山県,福井県,110
2016,静岡県,長野県,110
2016,大阪府,鳥取県,110
2016,長野県,茨城県,109
2016,長野県,大阪府,109
2016,福岡県,愛知県,109
2016,鹿児島県,兵庫県,109
2016,北海道,茨城県,108
2016,新潟県,茨城県,108
2016,長崎県,大阪府,108
2016,鹿児島県,愛知県,108
2016,沖縄県,愛知県,108
2016,新潟県,山形県,107
2016,香川県,神奈川県,107
2016,千葉県,宮城県,106
2016,神奈川県,群馬県,106
2016,京都府,愛知県,106
2016,茨城県,静岡県,105
2016,福井県,富山県,105
2016,長野県,岐阜県,105
2016,大阪府,千葉県,105
2016,熊本県,広島県,105
2016,群馬県,京都府,104
2016,兵庫県,石川県,104
2016,鹿児島県,埼玉県,104
2016,沖縄県,岐阜県,104
2016,沖縄県,岡山県,104
2016,北海道,岩手県,103
2016,奈良県,愛知県,103
2016,鹿児島県,山口県,103
2016,京都府,神奈川県,102
2016,兵庫県,千葉県,102
2016,栃木県,山形県,101
2016,千葉県,山梨県,101
2016,滋賀県,岐阜県,101
2016,群馬県,宮城県,100
2016,東京都,兵庫県,100
2016,新潟県,長野県,100
2016,富山県,千葉県,100
2016,愛知県,茨城県,100
2016,島根県,山口県,100
2016,佐賀県,山口県,100
2016,宮城県,秋田県,99
2016,神奈川県,宮城県,99
2016,岐阜県,兵庫県,99
2016,鹿児島県,長崎県,99
2016,北海道,静岡県,98
2016,茨城県,愛知県,98
2016,神奈川県,大阪府,98
2016,岐阜県,三重県,98
2016,大阪府,三重県,98
2016,茨城県,大阪府,96
2016,栃木県,北海道,96
2016,愛媛県,愛知県,96
2016,熊本県,兵庫県,96
2016,宮城県,新潟県,95
2016,広島県,埼玉県,95
2016,宮崎県,京都府,95
2016,東京都,福岡県,94
2016,石川県,新潟県,94
2016,岐阜県,福井県,94
2016,京都府,北海道,94
2016,長崎県,京都府,94
2016,北海道,山形県,93
2016,新潟県,富山県,93
2016,福井県,神奈川県,93
2016,島根県,福岡県,93
2016,徳島県,愛媛県,93
2016,宮崎県,大阪府,93
2016,群馬県,石川県,92
2016,静岡県,広島県,92
2016,京都府,岡山県,92
2016,大分県,鹿児島県,92
2016,茨城県,山梨県,91
2016,岐阜県,長野県,91
2016,和歌山県,奈良県,91
2016,高知県,広島県,91
2016,北海道,群馬県,90
2016,東京都,栃木県,90
2016,岡山県,滋賀県,90
2016,大分県,神奈川県,90
2016,青森県,山形県,89
2016,山形県,栃木県,89
2016,群馬県,北海道,89
2016,埼玉県,静岡県,88
2016,神奈川県,長野県,88
2016,新潟県,北海道,88
2016,北海道,石川県,87
2016,宮城県,群馬県,87
2016,大阪府,石川県,87
2016,北海道,福岡県,86
2016,岩手県,群馬県,86
2016,京都府,石川県,86
2016,長崎県,兵庫県,86
2016,宮城県,京都府,85
2016,埼玉県,長野県,85
2016,静岡県,三重県,85
2016,香川県,高知県,85
2016,千葉県,大阪府,84
2016,富山県,岐阜県,84
2016,京都府,広島県,84
2016,大阪府,高知県,84
2016,兵庫県,静岡県,84
2016,奈良県,神奈川県,84
2016,広島県,高知県,84
2016,長崎県,宮崎県,84
2016,兵庫県,愛媛県,83
2016,和歌山県,愛知県,83
2016,佐賀県,神奈川県,83
2016,熊本県,山口県,83
2016,青森県,栃木県,82
2016,宮城県,青森県,82
2016,長野県,北海道,82
2016,佐賀県,広島県,82
2016,大分県,兵庫県,82
2016,鹿児島県,沖縄県,82
2016,富山県,兵庫県,81
2016,長野県,宮城県,81
2016,兵庫県,埼玉県,81
2016,宮城県,茨城県,80
2016,沖縄県,徳島県,80
2016,山形県,群馬県,79
2016,岐阜県,千葉県,79
2016,宮崎県,山口県,79
2016,沖縄県,兵庫県,79
2016,沖縄県,長崎県,79
2016,北海道,山梨県,78
2016,山形県,北海道,78
2016,京都府,鳥取県,78
2016,広島県,北海道,78
2016,佐賀県,京都府,78
2016,鹿児島県,大分県,78
2016,栃木県,静岡県,77
2016,神奈川県,愛知県,77
2016,石川県,滋賀県,77
2016,愛知県,秋田県,77
2016,愛知県,福岡県,77
2016,福島県,北海道,76
2016,高知県,神奈川県,76
2016,三重県,石川県,75
2016,滋賀県,石川県,75
2016,京都府,福井県,75
2016,奈良県,北海道,75
2016,和歌山県,滋賀県,75
2016,沖縄県,京都府,75
2016,山梨県,愛知県,74
2016,長野県,栃木県,74
2016,大阪府,静岡県,74
2016,茨城県,新潟県,73
2016,東京都,新潟県,73
2016,青森県,茨城県,72
2016,岩手県,栃木県,72
2016,山形県,岩手県,72
2016,茨城県,山形県,72
2016,栃木県,京都府,72
2016,静岡県,山形県,72
2016,岩手県,茨城県,71
2016,栃木県,秋田県,71
2016,群馬県,長野県,71
2016,東京都,福島県,71
2016,石川県,埼玉県,71
2016,石川県,千葉県,71
2016,滋賀県,福井県,71
2016,宮崎県,兵庫県,71
2016,宮崎県,広島県,71
2016,北海道,新潟県,70
2016,秋田県,福島県,70
2016,愛知県,鳥取県,70
2016,奈良県,三重県,70
2016,香川県,福岡県,70
2016,鹿児島県,千葉県,70
2016,東京都,秋田県,69
2016,東京都,大分県,69
2016,愛知県,高知県,69
2016,岡山県,愛知県,69
2016,宮崎県,埼玉県,69
2016,石川県,北海道,68
2016,山梨県,京都府,68
2016,愛知県,宮城県,68
2016,三重県,広島県,68
2016,広島県,徳島県,68
2016,静岡県,福島県,67
2016,山口県,大分県,67
2016,福岡県,北海道,67
2016,沖縄県,熊本県,67
2016,埼玉県,大阪府,66
2016,熊本県,埼玉県,66
2016,東京都,山形県,65
2016,新潟県,秋田県,65
2016,新潟県,栃木県,65
2016,愛媛県,千葉県,65
2016,長崎県,愛知県,65
2016,千葉県,長野県,64
2016,新潟県,山梨県,64
2016,山梨県,大阪府,64
2016,大阪府,茨城県,64
2016,愛媛県,大分県,64
2016,福岡県,沖縄県,64
2016,長崎県,岡山県,64
2016,北海道,秋田県,63
2016,北海道,広島県,63
2016,山形県,秋田県,63
2016,大阪府,岐阜県,63
2016,広島県,鳥取県,63
2016,福岡県,茨城県,63
2016,北海道,長野県,62
2016,新潟県,大阪府,62
2016,静岡県,奈良県,62
2016,京都府,福岡県,62
2016,和歌山県,神奈川県,62
2016,広島県,香川県,62
2016,宮崎県,千葉県,62
2016,鹿児島県,岡山県,62
2016,沖縄県,大分県,62
2016,沖縄県,宮崎県,62
2016,群馬県,福島県,61
2016,神奈川県,兵庫県,61
2016,富山県,滋賀県,61
2016,静岡県,新潟県,61
2016,愛知県,岡山県,61
2016,和歌山県,岡山県,61
2016,岡山県,埼玉県,61
2016,広島県,奈良県,61
2016,高知県,千葉県,61
2016,熊本県,千葉県,61
2016,青森県,福島県,60
2016,秋田県,栃木県,60
2016,山形県,茨城県,60
2016,福島県,岩手県,60
2016,石川県,岐阜県,60
2016,愛知県,群馬県,60
2016,奈良県,福岡県,60
2016,愛媛県,埼玉県,60
2016,北海道,滋賀県,59
2016,群馬県,山梨県,59
2016,三重県,千葉県,59
2016,和歌山県,徳島県,59
2016,島根県,神奈川県,59
2016,佐賀県,大分県,59
2016,福島県,京都府,58
2016,東京都,石川県,58
2016,岐阜県,北海道,58
2016,大阪府,大分県,58
2016,和歌山県,広島県,58
2016,香川県,滋賀県,58
2016,佐賀県,大阪府,58
2016,三重県,埼玉県,57
2016,佐賀県,鹿児島県,57
2016,熊本県,岡山県,57
2016,大分県,岡山県,57
2016,茨城県,長野県,56
2016,群馬県,静岡県,56
2016,新潟県,愛知県,56
2016,佐賀県,兵庫県,56
2016,長崎県,沖縄県,56
2016,大分県,佐賀県,56
2016,茨城県,秋田県,55
2016,千葉県,栃木県,55
2016,福井県,岐阜県,55
2016,静岡県,秋田県,55
2016,愛知県,山形県,55
2016,徳島県,愛知県,55
2016,岩手県,新潟県,54
2016,岡山県,奈良県,54
2016,長崎県,埼玉県,54
2016,秋田県,群馬県,53
2016,山形県,青森県,53
2016,長野県,山形県,53
2016,愛媛県,滋賀県,53
2016,山梨県,北海道,52
2016,滋賀県,神奈川県,52
2016,京都府,高知県,52
2016,兵庫県,福井県,52
2016,徳島県,神奈川県,52
2016,香川県,愛知県,52
2016,高知県,愛知県,52
2016,福島県,山梨県,51
2016,岐阜県,埼玉県,51
2016,三重県,北海道,51
2016,滋賀県,奈良県,51
2016,大阪府,福井県,51
2016,大阪府,長野県,51
2016,兵庫県,三重県,51
2016,長崎県,千葉県,51
2016,宮崎県,佐賀県,51
2016,秋田県,茨城県,50
2016,新潟県,静岡県,50
2016,兵庫県,長野県,50
2016,山口県,熊本県,50
2016,愛媛県,島根県,50
2016,福島県,秋田県,49
2016,福島県,静岡県,49
2016,埼玉県,福島県,49
2016,富山県,北海道,49
2016,富山県,山梨県,49
2016,山梨県,茨城県,49
2016,愛知県,山口県,49
2016,山口県,長崎県,49
2016,宮崎県,愛知県,49
2016,岩手県,山梨県,48
2016,栃木県,山梨県,48
2016,埼玉県,新潟県,48
2016,東京都,沖縄県,48
2016,福井県,静岡県,48
2016,広島県,鹿児島県,48
2016,山口県,滋賀県,48
2016,愛媛県,北海道,48
2016,千葉県,愛知県,47
2016,長野県,滋賀県,47
2016,静岡県,栃木県,47
2016,静岡県,岡山県,47
2016,静岡県,福岡県,47
2016,滋賀県,広島県,47
2016,兵庫県,茨城県,47
2016,兵庫県,山梨県,47
2016,兵庫県,岐阜県,47
2016,兵庫県,大分県,47
2016,奈良県,和歌山県,47
2016,鳥取県,福岡県,47
2016,沖縄県,茨城県,47
2016,埼玉県,山形県,46
2016,東京都,滋賀県,46
2016,富山県,宮城県,46
2016,富山県,茨城県,46
2016,富山県,長野県,46
2016,山梨県,兵庫県,46
2016,山口県,愛知県,46
2016,宮城県,山梨県,45
2016,埼玉県,愛知県,45
2016,福井県,埼玉県,45
2016,福井県,広島県,45
2016,岐阜県,山梨県,45
2016,三重県,富山県,45
2016,京都府,静岡県,45
2016,奈良県,埼玉県,45
2016,広島県,大分県,45
2016,香川県,山口県,45
2016,高知県,埼玉県,45
2016,宮城県,愛知県,44
2016,富山県,群馬県,44
2016,山梨県,群馬県,44
2016,静岡県,富山県,44
2016,静岡県,高知県,44
2016,愛知県,新潟県,44
2016,山口県,千葉県,44
2016,佐賀県,宮崎県,44
2016,宮崎県,岡山県,44
2016,沖縄県,北海道,44
2016,沖縄県,広島県,44
2016,神奈川県,新潟県,43
2016,京都府,大分県,43
2016,大阪府,山口県,43
2016,大阪府,愛媛県,43
2016,島根県,愛知県,43
2016,高知県,福岡県,43
2016,神奈川県,福岡県,42
2016,福井県,千葉県,42
2016,福井県,新潟県,42
2016,岐阜県,広島県,42
2016,愛知県,沖縄県,42
2016,三重県,岡山県,42
2016,島根県,愛媛県,42
2016,山口県,愛媛県,42
2016,熊本県,北海道,42
2016,北海道,奈良県,41
2016,青森県,群馬県,41
2016,茨城県,兵庫県,41
2016,東京都,富山県,41
2016,長野県,兵庫県,41
2016,岐阜県,奈良県,41
2016,京都府,岐阜県,41
2016,大阪府,沖縄県,41
2016,山口県,埼玉県,41
2016,青森県,新潟県,40
2016,石川県,宮城県,40
2016,愛知県,大分県,40
2016,滋賀県,静岡県,40
2016,京都府,長野県,40
2016,京都府,徳島県,40
2016,兵庫県,長崎県,40
2016,兵庫県,沖縄県,40
2016,鳥取県,山口県,40
2016,香川県,埼玉県,40
2016,熊本県,愛知県,40
2016,宮崎県,静岡県,40
2016,宮城県,大阪府,39
2016,栃木県,長野県,39
2016,群馬県,愛知県,39
2016,埼玉県,秋田県,39
2016,千葉県,山形県,39
2016,鳥取県,愛知県,39
2016,岡山県,北海道,39
2016,香川県,奈良県,39
2016,愛媛県,山梨県,39
2016,熊本県,沖縄県,39
2016,群馬県,秋田県,38
2016,神奈川県,福島県,38
2016,新潟県,福井県,38
2016,京都府,千葉県,38
2016,大阪府,香川県,38
2016,兵庫県,宮崎県,38
2016,徳島県,福岡県,38
2016,宮崎県,沖縄県,38
2016,宮城県,静岡県,37
2016,東京都,岩手県,37
2016,石川県,長野県,37
2016,静岡県,福井県,37
2016,静岡県,鳥取県,37
2016,兵庫県,富山県,37
2016,岡山県,千葉県,37
2016,佐賀県,岡山県,37
2016,北海道,沖縄県,36
2016,岩手県,京都府,36
2016,東京都,熊本県,36
2016,愛知県,鹿児島県,36
2016,大阪府,宮崎県,36
2016,和歌山県,静岡県,36
2016,鳥取県,愛媛県,36
2016,山口県,島根県,36
2016,福岡県,静岡県,36
2016,福岡県,奈良県,36
2016,大分県,沖縄県,36
2016,沖縄県,山口県,36
2016,北海道,栃木県,35
2016,北海道,岐阜県,35
2016,山形県,石川県,35
2016,千葉県,兵庫県,35
2016,石川県,奈良県,35
2016,大阪府,宮城県,35
2016,兵庫県,宮城県,35
2016,鳥取県,神奈川県,35
2016,鳥取県,滋賀県,35
2016,広島県,静岡県,35
2016,徳島県,滋賀県,35
2016,徳島県,奈良県,35
2016,香川県,千葉県,35
2016,大分県,埼玉県,35
2016,北海道,長崎県,34
2016,福島県,青森県,34
2016,群馬県,大阪府,34
2016,千葉県,福島県,34
2016,神奈川県,秋田県,34
2016,石川県,群馬県,34
2016,三重県,福井県,34
2016,京都府,島根県,34
2016,和歌山県,北海道,34
2016,島根県,滋賀県,34
2016,鹿児島県,佐賀県,34
2016,福島県,大阪府,33
2016,茨城県,石川県,33
2016,東京都,青森県,33
2016,新潟県,兵庫県,33
2016,長野県,福島県,33
2016,和歌山県,福岡県,33
2016,鳥取県,高知県,33
2016,広島県,茨城県,33
2016,広島県,長崎県,33
2016,広島県,沖縄県,33
2016,愛媛県,奈良県,33
2016,宮崎県,茨城県,33
2016,山形県,山梨県,32
2016,神奈川県,石川県,32
2016,山梨県,宮城県,32
2016,静岡県,山口県,32
2016,三重県,長野県,32
2016,滋賀県,北海道,32
2016,岡山県,茨城県,32
2016,岡山県,山梨県,32
2016,広島県,熊本県,32
2016,広島県,宮崎県,32
2016,愛媛県,宮崎県,32
2016,大分県,千葉県,32
2016,鹿児島県,茨城県,32
2016,北海道,大分県,31
2016,山形県,京都府,31
2016,栃木県,岩手県,31
2016,神奈川県,滋賀県,31
2016,福井県,奈良県,31
2016,長野県,福井県,31
2016,岐阜県,新潟県,31
2016,滋賀県,三重県,31
2016,奈良県,岡山県,31
2016,奈良県,広島県,31
2016,和歌山県,三重県,31
2016,和歌山県,高知県,31
2016,福岡県,高知県,31
2016,熊本県,茨城県,31
2016,大分県,愛知県,31
2016,沖縄県,鹿児島県,31
2016,北海道,福島県,30
2016,北海道,岡山県,30
2016,青森県,京都府,30
2016,茨城県,福岡県,30
2016,群馬県,山形県,30
2016,神奈川県,栃木県,30
2016,石川県,茨城県,30
2016,福井県,山梨県,30
2016,山梨県,新潟県,30
2016,三重県,山梨県,30
2016,大阪府,島根県,30
2016,大阪府,鹿児島県,30
2016,奈良県,千葉県,30
2016,和歌山県,山口県,30
2016,鳥取県,埼玉県,30
2016,島根県,高知県,30
2016,岡山県,静岡県,30
2016,愛媛県,茨城県,30
2016,福岡県,山梨県,30
2016,佐賀県,埼玉県,30
2016,佐賀県,千葉県,30
2016,長崎県,茨城県,30
2016,栃木県,大阪府,29
2016,埼玉県,青森県,29
2016,千葉県,新潟県,29
2016,千葉県,福岡県,29
2016,東京都,岡山県,29
2016,石川県,山梨県,29
2016,石川県,静岡県,29
2016,京都府,和歌山県,29
2016,京都府,山口県,29
2016,兵庫県,鹿児島県,29
2016,和歌山県,鳥取県,29
2016,島根県,千葉県,29
2016,愛媛県,沖縄県,29
2016,高知県,滋賀県,29
2016,長崎県,高知県,29
2016,宮崎県,高知県,29
2016,青森県,静岡県,28
2016,秋田県,京都府,28
2016,茨城県,滋賀県,28
2016,埼玉県,石川県,28
2016,東京都,奈良県,28
2016,富山県,奈良県,28
2016,長野県,奈良県,28
2016,愛知県,福島県,28
2016,三重県,茨城県,28
2016,鳥取県,奈良県,28
2016,山口県,鹿児島県,28
2016,高知県,奈良県,28
2016,大分県,滋賀県,28
2016,鹿児島県,群馬県,28
2016,沖縄県,山梨県,28
2016,新潟県,滋賀県,27
2016,山梨県,石川県,27
2016,三重県,福岡県,27
2016,滋賀県,岡山県,27
2016,京都府,埼玉県,27
2016,京都府,富山県,27
2016,京都府,三重県,27
2016,大阪府,富山県,27
2016,大阪府,山梨県,27
2016,山口県,奈良県,27
2016,鹿児島県,奈良県,27
2016,宮城県,兵庫県,26
2016,茨城県,沖縄県,26
2016,栃木県,石川県,26
2016,群馬県,富山県,26
2016,神奈川県,山形県,26
2016,大阪府,熊本県,26
2016,広島県,山梨県,26
2016,徳島県,山口県,26
2016,鹿児島県,北海道,26
2016,鹿児島県,山梨県,26
2016,山形県,静岡県,25
2016,山形県,大阪府,25
2016,千葉県,秋田県,25
2016,神奈川県,岩手県,25
2016,神奈川県,大分県,25
2016,富山県,静岡県,25
2016,山梨県,福岡県,25
2016,長野県,秋田県,25
2016,長野県,三重県,25
2016,静岡県,島根県,25
2016,愛知県,島根県,25
2016,愛知県,宮崎県,25
2016,滋賀県,福岡県,25
2016,京都府,香川県,25
2016,和歌山県,石川県,25
2016,島根県,奈良県,25
2016,島根県,香川県,25
2016,徳島県,埼玉県,25
2016,高知県,山口県,25
2016,佐賀県,愛知県,25
2016,長崎県,静岡県,25
2016,長崎県,島根県,25
2016,熊本県,滋賀県,25
2016,大分県,高知県,25
2016,鹿児島県,静岡県,25
2016,栃木県,愛知県,24
2016,東京都,広島県,24
2016,東京都,鹿児島県,24
2016,福井県,茨城県,24
2016,岐阜県,群馬県,24
2016,京都府,茨城県,24
2016,和歌山県,岐阜県,24
2016,鳥取県,香川県,24
2016,愛媛県,静岡県,24
2016,長崎県,滋賀県,24
2016,熊本県,静岡県,24
2016,沖縄県,静岡県,24
2016,秋田県,山梨県,23
2016,茨城県,青森県,23
2016,東京都,長崎県,23
2016,福井県,岡山県,23
2016,島根県,埼玉県,23
2016,岡山県,石川県,23
2016,徳島県,千葉県,23
2016,福岡県,鳥取県,23
2016,大分県,愛媛県,23
2016,福島県,長野県,22
2016,埼玉県,福岡県,22
2016,東京都,鳥取県,22
2016,新潟県,青森県,22
2016,福井県,北海道,22
2016,長野県,広島県,22
2016,岐阜県,茨城県,22
2016,静岡県,沖縄県,22
2016,愛知県,愛媛県,22
2016,香川県,島根県,22
2016,宮崎県,滋賀県,22
2016,沖縄県,群馬県,22
2016,沖縄県,石川県,22
2016,青森県,山梨県,21
2016,岩手県,静岡県,21
2016,茨城県,岩手県,21
2016,茨城県,広島県,21
2016,栃木県,青森県,21
2016,東京都,岐阜県,21
2016,東京都,高知県,21
2016,東京都,宮崎県,21
2016,神奈川県,沖縄県,21
2016,新潟県,岩手県,21
2016,石川県,広島県,21
2016,岐阜県,岡山県,21
2016,愛知県,和歌山県,21
2016,滋賀県,埼玉県,21
2016,滋賀県,千葉県,21
2016,岡山県,大分県,21
2016,広島県,岐阜県,21
2016,徳島県,静岡県,21
2016,北海道,熊本県,20
2016,宮城県,滋賀県,20
2016,茨城県,富山県,20
2016,栃木県,滋賀県,20
2016,栃木県,兵庫県,20
2016,埼玉県,岩手県,20
2016,埼玉県,兵庫県,20
2016,千葉県,奈良県,20
2016,神奈川県,奈良県,20
2016,新潟県,岐阜県,20
2016,富山県,広島県,20
2016,岐阜県,鳥取県,20
2016,愛知県,長崎県,20
2016,三重県,和歌山県,20
2016,三重県,高知県,20
2016,京都府,沖縄県,20
2016,大阪府,長崎県,20
2016,奈良県,長野県,20
2016,奈良県,山口県,20
2016,和歌山県,千葉県,20
2016,和歌山県,島根県,20
2016,鳥取県,徳島県,20
2016,岡山県,長崎県,20
2016,山口県,高知県,20
2016,山口県,宮崎県,20
2016,愛媛県,鳥取県,20
2016,佐賀県,滋賀県,20
2016,北海道,富山県,19
2016,北海道,山口県,19
2016,青森県,愛知県,19
2016,栃木県,富山県,19
2016,群馬県,兵庫県,19
2016,埼玉県,広島県,19
2016,千葉県,熊本県,19
2016,石川県,福岡県,19
2016,福井県,長野県,19
2016,山梨県,栃木県,19
2016,三重県,鳥取県,19
2016,京都府,愛媛県,19
2016,大阪府,群馬県,19
2016,奈良県,茨城県,19
2016,奈良県,鳥取県,19
2016,奈良県,徳島県,19
2016,和歌山県,埼玉県,19
2016,島根県,静岡県,19
2016,岡山県,岐阜県,19
2016,岡山県,鹿児島県,19
2016,徳島県,山梨県,19
2016,香川県,大分県,19
2016,福岡県,岐阜県,19
2016,長崎県,北海道,19
2016,岩手県,石川県,18
2016,秋田県,大阪府,18
2016,埼玉県,富山県,18
2016,千葉県,石川県,18
2016,静岡県,岩手県,18
2016,静岡県,長崎県,18
2016,静岡県,大分県,18
2016,静岡県,宮崎県,18
2016,愛知県,岩手県,18
2016,三重県,島根県,18
2016,和歌山県,愛媛県,18
2016,島根県,長崎県,18
2016,広島県,佐賀県,18
2016,山口県,北海道,18
2016,徳島県,茨城県,18
2016,香川県,茨城県,18
2016,福岡県,石川県,18
2016,福岡県,島根県,18
2016,長崎県,鳥取県,18
2016,熊本県,高知県,18
2016,大分県,島根県,18
2016,沖縄県,香川県,18
2016,沖縄県,高知県,18
2016,北海道,鹿児島県,17
2016,青森県,長野県,17
2016,岩手県,沖縄県,17
2016,千葉県,大分県,17
2016,東京都,山口県,17
2016,東京都,徳島県,17
2016,神奈川県,富山県,17
2016,神奈川県,熊本県,17
2016,新潟県,福岡県,17
2016,福井県,鳥取県,17
2016,福井県,高知県,17
2016,岐阜県,秋田県,17
2016,岐阜県,島根県,17
2016,岐阜県,福岡県,17
2016,岐阜県,沖縄県,17
2016,静岡県,熊本県,17
2016,大阪府,新潟県,17
2016,兵庫県,群馬県,17
2016,兵庫県,新潟県,17
2016,奈良県,石川県,17
2016,鳥取県,茨城県,17
2016,岡山県,和歌山県,17
2016,岡山県,沖縄県,17
2016,香川県,北海道,17
2016,香川県,鳥取県,17
2016,愛媛県,鹿児島県,17
2016,高知県,北海道,17
2016,福岡県,和歌山県,17
2016,沖縄県,栃木県,17
2016,沖縄県,新潟県,17
2016,沖縄県,長野県,17
2016,北海道,福井県,16
2016,青森県,大阪府,16
2016,山形県,愛知県,16
2016,神奈川県,広島県,16
2016,静岡県,青森県,16
2016,愛知県,栃木県,16
2016,京都府,山梨県,16
2016,京都府,宮崎県,16
2016,兵庫県,秋田県,16
2016,奈良県,福井県,16
2016,和歌山県,長野県,16
2016,島根県,北海道,16
2016,島根県,徳島県,16
2016,山口県,茨城県,16
2016,山口県,鳥取県,16
2016,山口県,佐賀県,16
2016,徳島県,北海道,16
2016,香川県,静岡県,16
2016,愛媛県,長野県,16
2016,愛媛県,熊本県,16
2016,熊本県,奈良県,16
2016,大分県,北海道,16
2016,大分県,徳島県,16
2016,秋田県,静岡県,15
2016,福島県,愛知県,15
2016,茨城県,鹿児島県,15
2016,埼玉県,沖縄県,15
2016,千葉県,青森県,15
2016,千葉県,高知県,15
2016,東京都,三重県,15
2016,東京都,島根県,15
2016,神奈川県,鹿児島県,15
2016,石川県,岡山県,15
2016,福井県,島根県,15
2016,山梨県,福島県,15
2016,山梨県,奈良県,15
2016,滋賀県,長野県,15
2016,滋賀県,和歌山県,15
2016,兵庫県,熊本県,15
2016,奈良県,宮城県,15
2016,和歌山県,福井県,15
2016,和歌山県,山梨県,15
2016,鳥取県,石川県,15
2016,岡山県,宮崎県,15
2016,広島県,群馬県,15
2016,広島県,長野県,15
2016,山口県,徳島県,15
2016,愛媛県,宮城県,15
2016,福岡県,愛媛県,15
2016,熊本県,岐阜県,15
2016,熊本県,三重県,15
2016,宮崎県,奈良県,15
2016,宮崎県,島根県,15
2016,鹿児島県,岐阜県,15
2016,沖縄県,滋賀県,15
2016,青森県,石川県,14
2016,岩手県,愛知県,14
2016,宮城県,石川県,14
2016,宮城県,長野県,14
2016,福島県,石川県,14
2016,茨城県,熊本県,14
2016,埼玉県,岡山県,14
2016,埼玉県,高知県,14
2016,千葉県,岩手県,14
2016,神奈川県,岐阜県,14
2016,富山県,栃木県,14
2016,岐阜県,高知県,14
2016,静岡県,和歌山県,14
2016,愛知県,徳島県,14
2016,滋賀県,富山県,14
2016,滋賀県,高知県,14
2016,京都府,熊本県,14
2016,和歌山県,香川県,14
2016,鳥取県,北海道,14
2016,鳥取県,静岡県,14
2016,島根県,大分県,14
2016,広島県,和歌山県,14
2016,山口県,静岡県,14
2016,徳島県,鳥取県,14
2016,愛媛県,群馬県,14
2016,福岡県,宮城県,14
2016,佐賀県,茨城県,14
2016,佐賀県,沖縄県,14
2016,大分県,茨城県,14
2016,鹿児島県,新潟県,14
2016,鹿児島県,滋賀県,14
2016,沖縄県,佐賀県,14
2016,宮城県,奈良県,13
2016,秋田県,富山県,13
2016,山形県,富山県,13
2016,茨城県,奈良県,13
2016,群馬県,滋賀県,13
2016,埼玉県,滋賀県,13
2016,東京都,福井県,13
2016,東京都,愛媛県,13
2016,神奈川県,山口県,13
2016,新潟県,奈良県,13
2016,福井県,群馬県,13
2016,山梨県,秋田県,13
2016,長野県,沖縄県,13
2016,三重県,群馬県,13
2016,三重県,山口県,13
2016,滋賀県,茨城県,13
2016,京都府,宮城県,13
2016,京都府,鹿児島県,13
2016,奈良県,静岡県,13
2016,奈良県,愛媛県,13
2016,奈良県,高知県,13
2016,鳥取県,千葉県,13
2016,島根県,茨城県,13
2016,香川県,岐阜県,13
2016,愛媛県,長崎県,13
2016,福岡県,群馬県,13
2016,長崎県,山梨県,13
2016,熊本県,山梨県,13
2016,宮崎県,群馬県,13
2016,鹿児島県,栃木県,13
2016,北海道,高知県,12
2016,秋田県,愛知県,12
2016,千葉県,富山県,12
2016,千葉県,愛媛県,12
2016,千葉県,沖縄県,12
2016,神奈川県,青森県,12
2016,神奈川県,岡山県,12
2016,石川県,三重県,12
2016,福井県,福岡県,12
2016,岐阜県,宮城県,12
2016,岐阜県,山口県,12
2016,静岡県,愛媛県,12
2016,静岡県,鹿児島県,12
2016,兵庫県,佐賀県,12
2016,広島県,栃木県,12
2016,広島県,新潟県,12
2016,香川県,和歌山県,12
2016,香川県,長崎県,12
2016,高知県,岐阜県,12
2016,高知県,静岡県,12
2016,福岡県,三重県,12
2016,長崎県,徳島県,12
2016,熊本県,群馬県,12
2016,宮崎県,北海道,12
2016,宮崎県,山梨県,12
2016,鹿児島県,徳島県,12
2016,鹿児島県,高知県,12
2016,北海道,香川県,11
2016,宮城県,広島県,11
2016,秋田県,石川県,11
2016,福島県,兵庫県,11
2016,茨城県,宮崎県,11
2016,栃木県,奈良県,11
2016,栃木県,広島県,11
2016,栃木県,沖縄県,11
2016,群馬県,青森県,11
2016,群馬県,福岡県,11
2016,千葉県,滋賀県,11
2016,神奈川県,宮崎県,11
2016,新潟県,広島県,11
2016,富山県,秋田県,11
2016,石川県,沖縄県,11
2016,岐阜県,香川県,11
2016,愛知県,青森県,11
2016,三重県,愛媛県,11
2016,滋賀県,島根県,11
2016,滋賀県,徳島県,11
2016,兵庫県,山形県,11
2016,奈良県,岐阜県,11
2016,和歌山県,長崎県,11
2016,岡山県,宮城県,11
2016,岡山県,三重県,11
2016,広島県,石川県,11
2016,広島県,三重県,11
2016,山口県,山梨県,11
2016,香川県,長野県,11
2016,香川県,三重県,11
2016,愛媛県,岐阜県,11
2016,高知県,茨城県,11
2016,高知県,山梨県,11
2016,福岡県,栃木県,11
2016,福岡県,徳島県,11
2016,佐賀県,静岡県,11
2016,長崎県,岐阜県,11
2016,長崎県,奈良県,11
2016,熊本県,島根県,11
2016,鹿児島県,宮城県,11
2016,鹿児島県,島根県,11
2016,沖縄県,奈良県,11
2016,北海道,三重県,10
2016,岩手県,大阪府,10
2016,宮城県,福岡県,10
2016,茨城県,岡山県,10
2016,茨城県,山口県,10
2016,茨城県,大分県,10
2016,栃木県,福岡県,10
2016,埼玉県,岐阜県,10
2016,神奈川県,三重県,10
2016,富山県,山形県,10
2016,富山県,三重県,10
2016,山梨県,山形県,10
2016,長野県,岩手県,10
2016,岐阜県,福島県,10
2016,愛知県,佐賀県,10
2016,愛知県,熊本県,10
2016,滋賀県,鳥取県,10
2016,滋賀県,山口県,10
2016,京都府,群馬県,10
2016,京都府,新潟県,10
2016,大阪府,福島県,10
2016,奈良県,長崎県,10
2016,奈良県,大分県,10
2016,和歌山県,茨城県,10
2016,鳥取県,宮崎県,10
2016,島根県,宮城県,10
2016,島根県,岐阜県,10
2016,島根県,熊本県,10
2016,島根県,宮崎県,10
2016,岡山県,長野県,10
2016,岡山県,佐賀県,10
2016,徳島県,石川県,10
2016,徳島県,島根県,10
2016,香川県,沖縄県,10
2016,愛媛県,石川県,10
2016,高知県,大分県,10
2016,福岡県,香川県,10
2016,長崎県,石川県,10
2016,大分県,鳥取県,10
2016,鹿児島県,石川県,10
2016,沖縄県,宮城県,10
2016,北海道,徳島県,9
2016,北海道,愛媛県,9
2016,北海道,宮崎県,9
2016,宮城県,富山県,9
2016,山形県,長野県,9
2016,茨城県,岐阜県,9
2016,茨城県,高知県,9
2016,群馬県,岩手県,9
2016,群馬県,沖縄県,9
2016,埼玉県,愛媛県,9
2016,埼玉県,長崎県,9
2016,埼玉県,大分県,9
2016,千葉県,長崎県,9
2016,東京都,佐賀県,9
2016,神奈川県,徳島県,9
2016,神奈川県,高知県,9
2016,神奈川県,長崎県,9
2016,石川県,長崎県,9
2016,福井県,三重県,9
2016,福井県,和歌山県,9
2016,山梨県,富山県,9
2016,山梨県,岐阜県,9
2016,山梨県,滋賀県,9
2016,山梨県,熊本県,9
2016,長野県,高知県,9
2016,岐阜県,栃木県,9
2016,三重県,宮城県,9
2016,三重県,新潟県,9
2016,三重県,徳島県,9
2016,三重県,香川県,9
2016,滋賀県,山梨県,9
2016,京都府,長崎県,9
2016,大阪府,秋田県,9
2016,兵庫県,岩手県,9
2016,兵庫県,栃木県,9
2016,奈良県,沖縄県,9
2016,鳥取県,和歌山県,9
2016,島根県,石川県,9
2016,島根県,山梨県,9
2016,岡山県,栃木県,9
2016,岡山県,熊本県,9
2016,香川県,鹿児島県,9
2016,福岡県,長野県,9
2016,佐賀県,石川県,9
2016,大分県,山梨県,9
2016,大分県,奈良県,9
2016,宮崎県,富山県,9
2016,沖縄県,愛媛県,9
2016,北海道,鳥取県,8
2016,青森県,富山県,8
2016,青森県,奈良県,8
2016,岩手県,兵庫県,8
2016,福島県,奈良県,8
2016,群馬県,福井県,8
2016,群馬県,奈良県,8
2016,群馬県,広島県,8
2016,埼玉県,三重県,8
2016,埼玉県,奈良県,8
2016,埼玉県,宮崎県,8
2016,千葉県,岐阜県,8
2016,千葉県,岡山県,8
2016,石川県,大分県,8
2016,福井県,秋田県,8
2016,福井県,栃木県,8
2016,福井県,山口県,8
2016,山梨県,広島県,8
2016,長野県,和歌山県,8
2016,長野県,鳥取県,8
2016,長野県,岡山県,8
2016,長野県,福岡県,8
2016,長野県,鹿児島県,8
2016,三重県,山形県,8
2016,三重県,沖縄県,8
2016,滋賀県,大分県,8
2016,大阪府,栃木県,8
2016,和歌山県,宮城県,8
2016,和歌山県,宮崎県,8
2016,鳥取県,山梨県,8
2016,岡山県,新潟県,8
2016,広島県,宮城県,8
2016,徳島県,岐阜県,8
2016,香川県,山梨県,8
2016,香川県,熊本県,8
2016,愛媛県,栃木県,8
2016,愛媛県,和歌山県,8
2016,高知県,鳥取県,8
2016,佐賀県,北海道,8
2016,佐賀県,高知県,8
2016,長崎県,長野県,8
2016,熊本県,石川県,8
2016,熊本県,長野県,8
2016,大分県,静岡県,8
2016,大分県,香川県,8
2016,宮崎県,愛媛県,8
2016,鹿児島県,秋田県,8
2016,鹿児島県,鳥取県,8
2016,鹿児島県,愛媛県,8
2016,沖縄県,岩手県,8
2016,岩手県,長野県,7
2016,岩手県,福岡県,7
2016,秋田県,兵庫県,7
2016,山形県,岐阜県,7
2016,山形県,兵庫県,7
2016,福島県,沖縄県,7
2016,栃木県,岐阜県,7
2016,栃木県,三重県,7
2016,栃木県,鳥取県,7
2016,群馬県,鹿児島県,7
2016,埼玉県,山口県,7
2016,千葉県,広島県,7
2016,千葉県,鹿児島県,7
2016,東京都,和歌山県,7
2016,東京都,香川県,7
2016,神奈川県,福井県,7
2016,新潟県,岡山県,7
2016,新潟県,沖縄県,7
2016,富山県,鳥取県,7
2016,富山県,福岡県,7
2016,石川県,福島県,7
2016,石川県,和歌山県,7
2016,山梨県,三重県,7
2016,山梨県,大分県,7
2016,長野県,青森県,7
2016,岐阜県,山形県,7
2016,岐阜県,和歌山県,7
2016,静岡県,徳島県,7
2016,三重県,栃木県,7
2016,三重県,大分県,7
2016,滋賀県,鹿児島県,7
2016,京都府,青森県,7
2016,大阪府,山形県,7
2016,奈良県,山梨県,7
2016,奈良県,島根県,7
2016,和歌山県,鹿児島県,7
2016,鳥取県,宮城県,7
2016,鳥取県,長崎県,7
2016,鳥取県,大分県,7
2016,鳥取県,鹿児島県,7
2016,島根県,和歌山県,7
2016,島根県,鹿児島県,7
2016,岡山県,群馬県,7
2016,山口県,群馬県,7
2016,山口県,和歌山県,7
2016,山口県,香川県,7
2016,徳島県,栃木県,7
2016,香川県,新潟県,7
2016,香川県,石川県,7
2016,愛媛県,新潟県,7
2016,愛媛県,福井県,7
2016,高知県,宮崎県,7
2016,佐賀県,群馬県,7
2016,佐賀県,奈良県,7
2016,長崎県,福島県,7
2016,長崎県,栃木県,7
2016,熊本県,新潟県,7
2016,宮崎県,福島県,7
2016,宮崎県,栃木県,7
2016,宮崎県,新潟県,7
2016,宮崎県,岐阜県,7
2016,沖縄県,福井県,7
2016,北海道,和歌山県,6
2016,北海道,島根県,6
2016,青森県,兵庫県,6
2016,岩手県,岐阜県,6
2016,福島県,富山県,6
2016,茨城県,福井県,6
2016,茨城県,三重県,6
2016,栃木県,山口県,6
2016,栃木県,熊本県,6
2016,栃木県,鹿児島県,6
2016,群馬県,岐阜県,6
2016,群馬県,岡山県,6
2016,群馬県,長崎県,6
2016,群馬県,大分県,6
2016,埼玉県,福井県,6
2016,埼玉県,鳥取県,6
2016,埼玉県,鹿児島県,6
2016,千葉県,鳥取県,6
2016,神奈川県,鳥取県,6
2016,新潟県,長崎県,6
2016,富山県,青森県,6
2016,富山県,岡山県,6
2016,石川県,栃木県,6
2016,福井県,徳島県,6
2016,福井県,沖縄県,6
2016,長野県,徳島県,6
2016,岐阜県,徳島県,6
2016,岐阜県,大分県,6
2016,岐阜県,鹿児島県,6
2016,滋賀県,宮城県,6
2016,大阪府,岩手県,6
2016,兵庫県,福島県,6
2016,奈良県,富山県,6
2016,鳥取県,沖縄県,6
2016,岡山県,富山県,6
2016,広島県,富山県,6
2016,徳島県,長野県,6
2016,徳島県,長崎県,6
2016,徳島県,大分県,6
2016,香川県,栃木県,6
2016,香川県,宮崎県,6
2016,愛媛県,福島県,6
2016,高知県,石川県,6
2016,高知県,長野県,6
2016,高知県,和歌山県,6
2016,福岡県,新潟県,6
2016,福岡県,富山県,6
2016,佐賀県,徳島県,6
2016,長崎県,群馬県,6
2016,長崎県,三重県,6
2016,長崎県,香川県,6
2016,長崎県,愛媛県,6
2016,熊本県,鳥取県,6
2016,熊本県,香川県,6
2016,熊本県,愛媛県,6
2016,宮崎県,青森県,6
2016,宮崎県,石川県,6
2016,宮崎県,徳島県,6
2016,鹿児島県,福島県,6
2016,鹿児島県,三重県,6
2016,沖縄県,秋田県,6
2016,沖縄県,福島県,6
2016,宮城県,熊本県,5
2016,宮城県,大分県,5
2016,秋田県,長野県,5
2016,秋田県,滋賀県,5
2016,山形県,福井県,5
2016,福島県,広島県,5
2016,福島県,福岡県,5
2016,茨城県,鳥取県,5
2016,茨城県,長崎県,5
2016,栃木県,島根県,5
2016,栃木県,岡山県,5
2016,栃木県,長崎県,5
2016,群馬県,高知県,5
2016,埼玉県,徳島県,5
2016,埼玉県,熊本県,5
2016,千葉県,島根県,5
2016,千葉県,山口県,5
2016,神奈川県,島根県,5
2016,新潟県,鳥取県,5
2016,富山県,福島県,5
2016,富山県,山口県,5
2016,富山県,高知県,5
2016,富山県,沖縄県,5
2016,石川県,山形県,5
2016,石川県,島根県,5
2016,石川県,高知県,5
2016,福井県,宮城県,5
2016,福井県,宮崎県,5
2016,山梨県,岩手県,5
2016,山梨県,福井県,5
2016,山梨県,岡山県,5
2016,長野県,愛媛県,5
2016,岐阜県,青森県,5
2016,岐阜県,愛媛県,5
2016,岐阜県,長崎県,5
2016,愛知県,香川県,5
2016,三重県,福島県,5
2016,三重県,鹿児島県,5
2016,滋賀県,香川県,5
2016,兵庫県,青森県,5
2016,奈良県,香川県,5
2016,和歌山県,新潟県,5
2016,和歌山県,富山県,5
2016,和歌山県,大分県,5
2016,鳥取県,栃木県,5
2016,鳥取県,三重県,5
2016,島根県,栃木県,5
2016,山口県,宮城県,5
2016,山口県,石川県,5
2016,山口県,三重県,5
2016,徳島県,宮城県,5
2016,徳島県,群馬県,5
2016,徳島県,和歌山県,5
2016,徳島県,沖縄県,5
2016,香川県,群馬県,5
2016,愛媛県,三重県,5
2016,高知県,宮城県,5
2016,高知県,島根県,5
2016,佐賀県,島根県,5
2016,佐賀県,愛媛県,5
2016,長崎県,宮城県,5
2016,大分県,栃木県,5
2016,大分県,群馬県,5
2016,宮崎県,三重県,5
2016,鹿児島県,山形県,5
2016,沖縄県,青森県,5
2016,沖縄県,山形県,5
2016,沖縄県,三重県,5
2016,青森県,岐阜県,4
2016,宮城県,福井県,4
2016,宮城県,岐阜県,4
2016,宮城県,三重県,4
2016,宮城県,沖縄県,4
2016,山形県,福岡県,4
2016,福島県,滋賀県,4
2016,福島県,熊本県,4
2016,茨城県,島根県,4
2016,茨城県,香川県,4
2016,栃木県,福井県,4
2016,栃木県,高知県,4
2016,群馬県,三重県,4
2016,埼玉県,島根県,4
2016,千葉県,宮崎県,4
2016,神奈川県,佐賀県,4
2016,新潟県,島根県,4
2016,新潟県,高知県,4
2016,富山県,宮崎県,4
2016,石川県,鳥取県,4
2016,石川県,愛媛県,4
2016,福井県,長崎県,4
2016,福井県,大分県,4
2016,山梨県,長崎県,4
2016,山梨県,沖縄県,4
2016,静岡県,香川県,4
2016,三重県,秋田県,4
2016,三重県,佐賀県,4
2016,三重県,長崎県,4
2016,三重県,熊本県,4
2016,三重県,宮崎県,4
2016,滋賀県,山形県,4
2016,滋賀県,群馬県,4
2016,滋賀県,新潟県,4
2016,滋賀県,沖縄県,4
2016,京都府,岩手県,4
2016,京都府,福島県,4
2016,京都府,栃木県,4
2016,大阪府,佐賀県,4
2016,奈良県,秋田県,4
2016,奈良県,新潟県,4
2016,奈良県,宮崎県,4
2016,和歌山県,沖縄県,4
2016,鳥取県,群馬県,4
2016,鳥取県,福井県,4
2016,鳥取県,岐阜県,4
2016,鳥取県,熊本県,4
2016,島根県,長野県,4
2016,島根県,沖縄県,4
2016,広島県,青森県,4
2016,広島県,福島県,4
2016,山口県,長野県,4
2016,山口県,岐阜県,4
2016,山口県,沖縄県,4
2016,徳島県,三重県,4
2016,香川県,青森県,4
2016,愛媛県,青森県,4
2016,愛媛県,山形県,4
2016,愛媛県,佐賀県,4
2016,高知県,栃木県,4
2016,高知県,福井県,4
2016,福岡県,福島県,4
2016,福岡県,福井県,4
2016,佐賀県,宮城県,4
2016,佐賀県,栃木県,4
2016,佐賀県,鳥取県,4
2016,長崎県,秋田県,4
2016,長崎県,新潟県,4
2016,長崎県,富山県,4
2016,長崎県,福井県,4
2016,熊本県,栃木県,4
2016,熊本県,徳島県,4
2016,大分県,新潟県,4
2016,大分県,和歌山県,4
2016,宮崎県,香川県,4
2016,鹿児島県,長野県,4
2016,沖縄県,富山県,4
2016,沖縄県,鳥取県,4
2016,青森県,香川県,3
2016,青森県,沖縄県,3
2016,岩手県,広島県,3
2016,岩手県,大分県,3
2016,宮城県,岡山県,3
2016,宮城県,山口県,3
2016,宮城県,長崎県,3
2016,秋田県,沖縄県,3
2016,山形県,滋賀県,3
2016,山形県,広島県,3
2016,山形県,沖縄県,3
2016,福島県,三重県,3
2016,福島県,鳥取県,3
2016,福島県,岡山県,3
2016,福島県,長崎県,3
2016,福島県,大分県,3
2016,茨城県,徳島県,3
2016,栃木県,徳島県,3
2016,栃木県,愛媛県,3
2016,群馬県,和歌山県,3
2016,千葉県,福井県,3
2016,神奈川県,和歌山県,3
2016,神奈川県,香川県,3
2016,新潟県,徳島県,3
2016,新潟県,熊本県,3
2016,新潟県,大分県,3
2016,富山県,岩手県,3
2016,富山県,島根県,3
2016,富山県,長崎県,3
2016,富山県,大分県,3
2016,石川県,徳島県,3
2016,福井県,福島県,3
2016,福井県,愛媛県,3
2016,山梨県,青森県,3
2016,山梨県,和歌山県,3
2016,山梨県,島根県,3
2016,山梨県,徳島県,3
2016,山梨県,高知県,3
2016,山梨県,鹿児島県,3
2016,長野県,島根県,3
2016,長野県,山口県,3
2016,長野県,長崎県,3
2016,長野県,大分県,3
2016,岐阜県,熊本県,3
2016,岐阜県,宮崎県,3
2016,静岡県,佐賀県,3
2016,三重県,岩手県,3
2016,滋賀県,青森県,3
2016,滋賀県,愛媛県,3
2016,京都府,山形県,3
2016,大阪府,青森県,3
2016,奈良県,岩手県,3
2016,奈良県,栃木県,3
2016,奈良県,群馬県,3
2016,奈良県,鹿児島県,3
2016,和歌山県,山形県,3
2016,和歌山県,群馬県,3
2016,和歌山県,熊本県,3
2016,鳥取県,秋田県,3
2016,鳥取県,長野県,3
2016,島根県,群馬県,3
2016,島根県,三重県,3
2016,島根県,佐賀県,3
2016,岡山県,青森県,3
2016,岡山県,秋田県,3
2016,広島県,秋田県,3
2016,徳島県,新潟県,3
2016,徳島県,富山県,3
2016,徳島県,熊本県,3
2016,香川県,宮城県,3
2016,香川県,秋田県,3
2016,愛媛県,岩手県,3
2016,高知県,秋田県,3
2016,高知県,群馬県,3
2016,高知県,三重県,3
2016,高知県,沖縄県,3
2016,福岡県,秋田県,3
2016,佐賀県,富山県,3
2016,佐賀県,山梨県,3
2016,佐賀県,岐阜県,3
2016,佐賀県,香川県,3
2016,長崎県,山形県,3
2016,長崎県,和歌山県,3
2016,熊本県,宮城県,3
2016,大分県,福島県,3
2016,宮崎県,宮城県,3
2016,宮崎県,長野県,3
2016,宮崎県,鳥取県,3
2016,鹿児島県,富山県,3
2016,鹿児島県,香川県,3
2016,沖縄県,和歌山県,3
2016,沖縄県,島根県,3
2016,青森県,滋賀県,2
2016,青森県,広島県,2
2016,岩手県,三重県,2
2016,岩手県,奈良県,2
2016,岩手県,岡山県,2
2016,岩手県,鹿児島県,2
2016,宮城県,鳥取県,2
2016,宮城県,島根県,2
2016,宮城県,徳島県,2
2016,宮城県,宮崎県,2
2016,秋田県,奈良県,2
2016,秋田県,鳥取県,2
2016,秋田県,福岡県,2
2016,山形県,三重県,2
2016,山形県,奈良県,2
2016,山形県,熊本県,2
2016,山形県,宮崎県,2
2016,山形県,鹿児島県,2
2016,福島県,宮崎県,2
2016,茨城県,和歌山県,2
2016,群馬県,島根県,2
2016,埼玉県,佐賀県,2
2016,千葉県,三重県,2
2016,神奈川県,愛媛県,2
2016,新潟県,三重県,2
2016,新潟県,宮崎県,2
2016,石川県,秋田県,2
2016,石川県,鹿児島県,2
2016,福井県,岩手県,2
2016,福井県,山形県,2
2016,福井県,香川県,2
2016,福井県,鹿児島県,2
2016,山梨県,山口県,2
2016,山梨県,愛媛県,2
2016,山梨県,宮崎県,2
2016,長野県,香川県,2
2016,長野県,宮崎県,2
2016,滋賀県,栃木県,2
2016,滋賀県,長崎県,2
2016,滋賀県,熊本県,2
2016,滋賀県,宮崎県,2
2016,京都府,秋田県,2
2016,京都府,佐賀県,2
2016,奈良県,山形県,2
2016,奈良県,福島県,2
2016,奈良県,熊本県,2
2016,和歌山県,岩手県,2
2016,和歌山県,栃木県,2
2016,和歌山県,佐賀県,2
2016,鳥取県,新潟県,2
2016,鳥取県,富山県,2
2016,島根県,青森県,2
2016,岡山県,岩手県,2
2016,岡山県,山形県,2
2016,広島県,山形県,2
2016,広島県,福井県,2
2016,山口県,青森県,2
2016,山口県,福島県,2
2016,山口県,新潟県,2
2016,山口県,富山県,2
2016,徳島県,秋田県,2
2016,徳島県,福井県,2
2016,徳島県,宮崎県,2
2016,香川県,富山県,2
2016,香川県,福井県,2
2016,愛媛県,秋田県,2
2016,愛媛県,富山県,2
2016,高知県,福島県,2
2016,高知県,新潟県,2
2016,高知県,佐賀県,2
2016,高知県,長崎県,2
2016,高知県,熊本県,2
2016,高知県,鹿児島県,2
2016,福岡県,青森県,2
2016,福岡県,岩手県,2
2016,福岡県,山形県,2
2016,佐賀県,新潟県,2
2016,佐賀県,長野県,2
2016,佐賀県,三重県,2
2016,長崎県,岩手県,2
2016,熊本県,岩手県,2
2016,熊本県,富山県,2
2016,熊本県,和歌山県,2
2016,大分県,富山県,2
2016,大分県,長野県,2
2016,大分県,岐阜県,2
2016,大分県,三重県,2
2016,宮崎県,秋田県,2
2016,宮崎県,和歌山県,2
2016,鹿児島県,青森県,2
2016,鹿児島県,岩手県,2
2016,鹿児島県,福井県,2
2016,青森県,福井県,1
2016,青森県,三重県,1
2016,青森県,鳥取県,1
2016,青森県,岡山県,1
2016,青森県,山口県,1
2016,青森県,愛媛県,1
2016,青森県,高知県,1
2016,青森県,福岡県,1
2016,青森県,宮崎県,1
2016,青森県,鹿児島県,1
2016,岩手県,富山県,1
2016,岩手県,滋賀県,1
2016,岩手県,鳥取県,1
2016,岩手県,島根県,1
2016,岩手県,宮崎県,1
2016,宮城県,和歌山県,1
2016,宮城県,佐賀県,1
2016,宮城県,鹿児島県,1
2016,秋田県,福井県,1
2016,秋田県,三重県,1
2016,秋田県,岡山県,1
2016,秋田県,広島県,1
2016,秋田県,熊本県,1
2016,秋田県,宮崎県,1
2016,秋田県,鹿児島県,1
2016,山形県,島根県,1
2016,山形県,愛媛県,1
2016,山形県,高知県,1
2016,山形県,大分県,1
2016,福島県,福井県,1
2016,福島県,岐阜県,1
2016,福島県,島根県,1
2016,福島県,香川県,1
2016,茨城県,愛媛県,1
2016,茨城県,佐賀県,1
2016,栃木県,和歌山県,1
2016,栃木県,香川県,1
2016,栃木県,佐賀県,1
2016,栃木県,大分県,1
2016,栃木県,宮崎県,1
2016,群馬県,鳥取県,1
2016,群馬県,愛媛県,1
2016,群馬県,佐賀県,1
2016,群馬県,熊本県,1
2016,群馬県,宮崎県,1
2016,千葉県,和歌山県,1
2016,千葉県,徳島県,1
2016,千葉県,佐賀県,1
2016,新潟県,山口県,1
2016,新潟県,愛媛県,1
2016,新潟県,鹿児島県,1
2016,富山県,和歌山県,1
2016,富山県,徳島県,1
2016,富山県,熊本県,1
2016,石川県,青森県,1
2016,石川県,岩手県,1
2016,石川県,熊本県,1
2016,福井県,青森県,1
2016,福井県,佐賀県,1
2016,山梨県,香川県,1
2016,山梨県,佐賀県,1
2016,長野県,佐賀県,1
2016,長野県,熊本県,1
2016,岐阜県,佐賀県,1
2016,三重県,青森県,1
2016,滋賀県,佐賀県,1
2016,奈良県,佐賀県,1
2016,和歌山県,青森県,1
2016,和歌山県,秋田県,1
2016,鳥取県,岩手県,1
2016,鳥取県,山形県,1
2016,鳥取県,福島県,1
2016,鳥取県,佐賀県,1
2016,島根県,岩手県,1
2016,島根県,山形県,1
2016,島根県,福島県,1
2016,島根県,新潟県,1
2016,島根県,富山県,1
2016,島根県,福井県,1
2016,岡山県,福島県,1
2016,岡山県,福井県,1
2016,広島県,岩手県,1
2016,山口県,秋田県,1
2016,山口県,栃木県,1
2016,山口県,福井県,1
2016,徳島県,岩手県,1
2016,徳島県,福島県,1
2016,徳島県,鹿児島県,1
2016,香川県,山形県,1
2016,香川県,佐賀県,1
2016,高知県,青森県,1
2016,高知県,山形県,1
2016,高知県,富山県,1
2016,佐賀県,青森県,1
2016,佐賀県,岩手県,1
2016,佐賀県,福島県,1
2016,長崎県,青森県,1
2016,熊本県,青森県,1
2016,熊本県,秋田県,1
2016,熊本県,福島県,1
2016,熊本県,福井県,1
2016,大分県,青森県,1
2016,大分県,岩手県,1
2016,大分県,宮城県,1
2016,大分県,秋田県,1
2016,大分県,石川県,1
2016,大分県,福井県,1
2016,宮崎県,岩手県,1
2016,宮崎県,福井県,1
2016,鹿児島県,和歌山県,1
2017,神奈川県,東京都,21900
2017,埼玉県,東京都,17661
2017,千葉県,東京都,13425
2017,東京都,神奈川県,10517
2017,兵庫県,大阪府,7379
2017,大阪府,京都府,7149
2017,東京都,埼玉県,6561
2017,大阪府,兵庫県,5558
2017,茨城県,東京都,5044
2017,東京都,千葉県,4627
2017,岐阜県,愛知県,4592
2017,静岡県,東京都,3527
2017,京都府,大阪府,3236
2017,三重県,愛知県,3207
2017,奈良県,大阪府,3156
2017,滋賀県,京都府,2953
2017,兵庫県,京都府,2815
2017,栃木県,東京都,2629
2017,群馬県,東京都,2431
2017,静岡県,神奈川県,2187
2017,長野県,東京都,2159
2017,千葉県,神奈川県,2104
2017,愛知県,東京都,2103
2017,北海道,東京都,2090
2017,静岡県,愛知県,2078
2017,埼玉県,神奈川県,2012
2017,千葉県,埼玉県,1966
2017,新潟県,東京都,1932
2017,埼玉県,千葉県,1869
2017,和歌山県,大阪府,1852
2017,茨城県,千葉県,1827
2017,福島県,東京都,1702
2017,大阪府,奈良県,1680
2017,山梨県,東京都,1644
2017,奈良県,京都府,1556
2017,群馬県,埼玉県,1412
2017,佐賀県,福岡県,1404
2017,福岡県,東京都,1396
2017,京都府,滋賀県,1358
2017,愛知県,岐阜県,1348
2017,茨城県,埼玉県,1332
2017,滋賀県,大阪府,1314
2017,大阪府,滋賀県,1282
2017,熊本県,福岡県,1251
2017,大阪府,東京都,1237
2017,長崎県,福岡県,1186
2017,宮城県,東京都,1133
2017,愛知県,京都府,1107
2017,茨城県,神奈川県,1106
2017,栃木県,埼玉県,1105
2017,鹿児島県,福岡県,1082
2017,神奈川県,千葉県,1021
2017,山口県,福岡県,996
2017,大分県,福岡県,993
2017,兵庫県,東京都,981
2017,長野県,神奈川県,971
2017,福島県,宮城県,960
2017,広島県,東京都,923
2017,神奈川県,埼玉県,902
2017,広島県,岡山県,902
2017,広島県,大阪府,870
2017,山形県,宮城県,855
2017,岩手県,宮城県,848
2017,宮崎県,福岡県,837
2017,新潟県,神奈川県,823
2017,富山県,石川県,823
2017,京都府,兵庫県,790
2017,栃木県,神奈川県,756
2017,山口県,広島県,748
2017,兵庫県,岡山県,738
2017,千葉県,茨城県,718
2017,群馬県,神奈川県,715
2017,広島県,京都府,704
2017,大阪府,和歌山県,698
2017,福岡県,熊本県,690
2017,長野県,埼玉県,667
2017,岡山県,大阪府,667
2017,北海道,神奈川県,665
2017,愛知県,三重県,664
2017,三重県,大阪府,664
2017,福島県,神奈川県,663
2017,奈良県,兵庫県,661
2017,福岡県,佐賀県,661
2017,静岡県,千葉県,658
2017,愛知県,神奈川県,652
2017,青森県,東京都,648
2017,長野県,愛知県,638
2017,山形県,東京都,634
2017,山梨県,神奈川県,627
2017,香川県,大阪府,619
2017,福岡県,山口県,618
2017,新潟県,埼玉県,616
2017,愛知県,静岡県,616
2017,富山県,東京都,605
2017,埼玉県,群馬県,604
2017,鹿児島県,東京都,604
2017,岐阜県,東京都,598
2017,岡山県,兵庫県,598
2017,宮城県,山形県,594
2017,香川県,岡山県,586
2017,熊本県,東京都,583
2017,福島県,埼玉県,576
2017,岩手県,東京都,574
2017,愛媛県,広島県,571
2017,青森県,宮城県,570
2017,岡山県,広島県,570
2017,福岡県,長崎県,565
2017,東京都,北海道,562
2017,広島県,福岡県,554
2017,愛知県,大阪府,552
2017,福岡県,京都府,551
2017,秋田県,宮城県,534
2017,静岡県,埼玉県,529
2017,石川県,東京都,526
2017,静岡県,京都府,525
2017,沖縄県,東京都,525
2017,岡山県,京都府,524
2017,三重県,東京都,523
2017,広島県,兵庫県,523
2017,岡山県,東京都,518
2017,栃木県,千葉県,507
2017,東京都,山梨県,502
2017,福岡県,大阪府,500
2017,三重県,京都府,498
2017,東京都,茨城県,497
2017,秋田県,東京都,496
2017,島根県,広島県,494
2017,北海道,青森県,483
2017,福島県,千葉県,480
2017,愛媛県,東京都,477
2017,茨城県,栃木県,474
2017,京都府,東京都,472
2017,愛知県,滋賀県,462
2017,兵庫県,滋賀県,461
2017,香川県,兵庫県,461
2017,和歌山県,京都府,460
2017,栃木県,群馬県,454
2017,長野県,千葉県,453
2017,愛媛県,岡山県,450
2017,愛媛県,大阪府,447
2017,新潟県,千葉県,443
2017,広島県,山口県,442
2017,東京都,京都府,439
2017,福岡県,神奈川県,436
2017,宮城県,神奈川県,432
2017,京都府,奈良県,431
2017,福井県,京都府,423
2017,福島県,栃木県,422
2017,北海道,埼玉県,421
2017,宮崎県,東京都,417
2017,香川県,京都府,410
2017,長崎県,東京都,400
2017,兵庫県,広島県,391
2017,香川県,東京都,389
2017,福井県,石川県,387
2017,石川県,京都府,386
2017,埼玉県,茨城県,385
2017,北海道,京都府,381
2017,広島県,愛媛県,376
2017,北海道,大阪府,375
2017,群馬県,千葉県,375
2017,北海道,千葉県,373
2017,岐阜県,京都府,373
2017,岡山県,香川県,370
2017,和歌山県,兵庫県,362
2017,富山県,愛知県,361
2017,大阪府,神奈川県,352
2017,青森県,北海道,350
2017,石川県,富山県,349
2017,福岡県,大分県,341
2017,福井県,大阪府,340
2017,長野県,群馬県,335
2017,山口県,東京都,335
2017,東京都,群馬県,334
2017,奈良県,東京都,333
2017,愛知県,兵庫県,331
2017,鹿児島県,熊本県,331
2017,沖縄県,福岡県,331
2017,兵庫県,奈良県,329
2017,高知県,大阪府,328
2017,福井県,愛知県,322
2017,愛媛県,兵庫県,316
2017,静岡県,大阪府,315
2017,徳島県,大阪府,315
2017,大分県,東京都,315
2017,佐賀県,東京都,313
2017,石川県,大阪府,311
2017,静岡県,山梨県,311
2017,兵庫県,徳島県,307
2017,福岡県,広島県,307
2017,山形県,神奈川県,304
2017,福岡県,兵庫県,303
2017,福島県,新潟県,301
2017,兵庫県,鳥取県,301
2017,福井県,東京都,294
2017,山形県,新潟県,292
2017,愛媛県,京都府,292
2017,宮崎県,熊本県,291
2017,長野県,山梨県,290
2017,神奈川県,北海道,289
2017,山梨県,埼玉県,278
2017,岩手県,青森県,277
2017,新潟県,石川県,277
2017,広島県,神奈川県,277
2017,兵庫県,神奈川県,274
2017,愛知県,北海道,272
2017,香川県,広島県,272
2017,岩手県,北海道,270
2017,宮城県,埼玉県,269
2017,鳥取県,大阪府,269
2017,高知県,東京都,264
2017,山口県,大阪府,262
2017,宮城県,岩手県,260
2017,茨城県,福島県,258
2017,熊本県,鹿児島県,258
2017,青森県,岩手県,256
2017,宮城県,千葉県,255
2017,神奈川県,山梨県,255
2017,長野県,新潟県,255
2017,長野県,石川県,254
2017,長崎県,熊本県,253
2017,茨城県,群馬県,251
2017,島根県,大阪府,251
2017,愛知県,長野県,249
2017,福島県,茨城県,248
2017,愛知県,福井県,248
2017,石川県,愛知県,247
2017,山梨県,千葉県,247
2017,愛知県,石川県,247
2017,島根県,岡山県,247
2017,徳島県,兵庫県,247
2017,長野県,京都府,246
2017,山口県,京都府,245
2017,香川県,愛媛県,245
2017,高知県,兵庫県,245
2017,新潟県,群馬県,242
2017,群馬県,栃木県,241
2017,山口県,岡山県,241
2017,青森県,神奈川県,239
2017,埼玉県,北海道,239
2017,東京都,宮城県,237
2017,徳島県,京都府,237
2017,兵庫県,福岡県,235
2017,埼玉県,栃木県,234
2017,東京都,静岡県,234
2017,愛知県,千葉県,234
2017,福岡県,鹿児島県,234
2017,愛知県,埼玉県,233
2017,佐賀県,長崎県,233
2017,宮城県,福島県,232
2017,岩手県,神奈川県,231
2017,山口県,兵庫県,231
2017,富山県,京都府,228
2017,岐阜県,大阪府,228
2017,岐阜県,滋賀県,224
2017,滋賀県,兵庫県,224
2017,熊本県,神奈川県,222
2017,鳥取県,岡山県,221
2017,北海道,愛知県,220
2017,富山県,神奈川県,220
2017,愛知県,富山県,219
2017,茨城県,宮城県,218
2017,広島県,島根県,216
2017,奈良県,滋賀県,213
2017,大分県,熊本県,212
2017,岐阜県,神奈川県,207
2017,鹿児島県,大阪府,207
2017,群馬県,新潟県,206
2017,兵庫県,愛知県,206
2017,大阪府,北海道,205
2017,高知県,岡山県,204
2017,北海道,兵庫県,203
2017,山形県,埼玉県,203
2017,三重県,兵庫県,203
2017,岡山県,愛媛県,203
2017,鹿児島県,宮崎県,203
2017,徳島県,岡山県,202
2017,徳島県,東京都,201
2017,神奈川県,京都府,199
2017,熊本県,大阪府,199
2017,千葉県,北海道,198
2017,和歌山県,東京都,198
2017,岡山県,福岡県,198
2017,沖縄県,大阪府,198
2017,山形県,千葉県,197
2017,愛媛県,福岡県,197
2017,秋田県,神奈川県,196
2017,佐賀県,熊本県,196
2017,鹿児島県,神奈川県,196
2017,東京都,大阪府,194
2017,富山県,新潟県,193
2017,福島県,山形県,192
2017,神奈川県,静岡県,192
2017,三重県,神奈川県,192
2017,大阪府,愛知県,192
2017,静岡県,北海道,191
2017,滋賀県,愛知県,191
2017,宮崎県,鹿児島県,191
2017,高知県,京都府,190
2017,秋田県,青森県,189
2017,青森県,埼玉県,187
2017,長崎県,佐賀県,186
2017,沖縄県,神奈川県,186
2017,愛媛県,徳島県,184
2017,沖縄県,千葉県,184
2017,鳥取県,京都府,183
2017,富山県,大阪府,182
2017,鳥取県,兵庫県,182
2017,秋田県,岩手県,180
2017,栃木県,宮城県,180
2017,秋田県,新潟県,177
2017,茨城県,北海道,177
2017,福井県,兵庫県,177
2017,大阪府,広島県,177
2017,栃木県,茨城県,176
2017,福岡県,岡山県,175
2017,北海道,宮城県,171
2017,岩手県,埼玉県,171
2017,鳥取県,東京都,171
2017,島根県,東京都,171
2017,宮崎県,大分県,171
2017,新潟県,宮城県,170
2017,島根県,兵庫県,170
2017,石川県,福井県,169
2017,兵庫県,高知県,168
2017,愛媛県,香川県,168
2017,岐阜県,石川県,166
2017,岐阜県,静岡県,165
2017,大分県,長崎県,164
2017,福島県,群馬県,163
2017,青森県,千葉県,162
2017,香川県,徳島県,161
2017,熊本県,京都府,161
2017,栃木県,福島県,160
2017,静岡県,茨城県,160
2017,滋賀県,東京都,160
2017,福岡県,千葉県,160
2017,石川県,神奈川県,159
2017,兵庫県,北海道,159
2017,秋田県,埼玉県,158
2017,熊本県,大分県,158
2017,山形県,福島県,157
2017,栃木県,新潟県,157
2017,埼玉県,宮城県,155
2017,東京都,長野県,155
2017,長崎県,大分県,154
2017,神奈川県,茨城県,153
2017,愛媛県,神奈川県,152
2017,長崎県,山口県,152
2017,熊本県,長崎県,152
2017,岩手県,千葉県,151
2017,福岡県,宮崎県,151
2017,宮城県,北海道,147
2017,秋田県,北海道,147
2017,広島県,滋賀県,146
2017,静岡県,群馬県,145
2017,静岡県,石川県,145
2017,岐阜県,富山県,144
2017,静岡県,長野県,144
2017,鳥取県,広島県,144
2017,長崎県,広島県,144
2017,高知県,愛媛県,143
2017,大阪府,岡山県,142
2017,静岡県,兵庫県,140
2017,大分県,広島県,140
2017,千葉県,京都府,139
2017,静岡県,滋賀県,139
2017,鳥取県,島根県,139
2017,岡山県,高知県,139
2017,愛知県,広島県,138
2017,宮崎県,神奈川県,138
2017,群馬県,茨城県,137
2017,石川県,兵庫県,137
2017,福岡県,埼玉県,137
2017,熊本県,宮崎県,137
2017,大分県,山口県,137
2017,静岡県,岐阜県,136
2017,鹿児島県,広島県,136
2017,三重県,奈良県,135
2017,鹿児島県,京都府,135
2017,山梨県,長野県,134
2017,岡山県,神奈川県,134
2017,兵庫県,香川県,133
2017,岡山県,島根県,133
2017,宮崎県,長崎県,133
2017,京都府,神奈川県,132
2017,埼玉県,京都府,130
2017,千葉県,群馬県,130
2017,東京都,愛知県,130
2017,長野県,富山県,130
2017,三重県,岐阜県,130
2017,京都府,愛知県,130
2017,岩手県,秋田県,127
2017,秋田県,千葉県,127
2017,神奈川県,群馬県,127
2017,群馬県,宮城県,126
2017,千葉県,宮城県,126
2017,岡山県,山口県,126
2017,新潟県,福島県,125
2017,岡山県,鳥取県,125
2017,岡山県,徳島県,125
2017,高知県,徳島県,125
2017,三重県,滋賀県,123
2017,長野県,静岡県,122
2017,愛媛県,高知県,122
2017,鹿児島県,長崎県,122
2017,沖縄県,埼玉県,122
2017,沖縄県,愛知県,122
2017,石川県,新潟県,121
2017,岐阜県,三重県,121
2017,島根県,京都府,121
2017,熊本県,佐賀県,121
2017,岩手県,山形県,120
2017,茨城県,京都府,120
2017,新潟県,京都府,120
2017,徳島県,香川県,119
2017,兵庫県,山口県,118
2017,大分県,大阪府,118
2017,北海道,静岡県,117
2017,福井県,滋賀県,116
2017,山梨県,静岡県,116
2017,長野県,岐阜県,116
2017,群馬県,京都府,115
2017,福井県,富山県,115
2017,新潟県,北海道,114
2017,岐阜県,長野県,114
2017,愛知県,茨城県,114
2017,兵庫県,愛媛県,114
2017,島根県,福岡県,114
2017,熊本県,広島県,114
2017,大阪府,埼玉県,113
2017,長崎県,神奈川県,113
2017,千葉県,静岡県,112
2017,大阪府,千葉県,112
2017,福岡県,滋賀県,112
2017,大分県,京都府,112
2017,宮城県,栃木県,111
2017,栃木県,山形県,111
2017,新潟県,長野県,111
2017,島根県,鳥取県,111
2017,埼玉県,山梨県,110
2017,長野県,茨城県,110
2017,三重県,静岡県,110
2017,徳島県,愛媛県,110
2017,鹿児島県,千葉県,110
2017,東京都,兵庫県,109
2017,滋賀県,岐阜県,109
2017,兵庫県,和歌山県,109
2017,鹿児島県,兵庫県,109
2017,沖縄県,岡山県,109
2017,富山県,埼玉県,108
2017,愛知県,山梨県,108
2017,福岡県,愛知県,108
2017,岐阜県,兵庫県,107
2017,大阪府,福岡県,107
2017,兵庫県,島根県,107
2017,長崎県,鹿児島県,107
2017,大阪府,徳島県,106
2017,山口県,神奈川県,106
2017,愛媛県,愛知県,106
2017,宮崎県,大阪府,106
2017,北海道,岩手県,105
2017,岩手県,福島県,105
2017,愛知県,奈良県,105
2017,広島県,埼玉県,105
2017,徳島県,高知県,105
2017,宮城県,青森県,104
2017,秋田県,山形県,104
2017,滋賀県,石川県,104
2017,鹿児島県,埼玉県,104
2017,長野県,大阪府,103
2017,広島県,愛知県,102
2017,愛媛県,山口県,102
2017,長崎県,宮崎県,102
2017,大分県,宮崎県,102
2017,北海道,茨城県,101
2017,新潟県,山形県,101
2017,富山県,福井県,101
2017,静岡県,宮城県,101
2017,熊本県,山口県,101
2017,茨城県,山梨県,100
2017,長野県,北海道,100
2017,兵庫県,千葉県,100
2017,広島県,千葉県,99
2017,香川県,神奈川県,99
2017,栃木県,北海道,98
2017,神奈川県,宮城県,98
2017,香川県,高知県,98
2017,長崎県,大阪府,98
2017,熊本県,兵庫県,98
2017,茨城県,新潟県,97
2017,茨城県,静岡県,97
2017,静岡県,三重県,97
2017,北海道,群馬県,96
2017,京都府,北海道,96
2017,徳島県,広島県,96
2017,石川県,滋賀県,95
2017,三重県,石川県,95
2017,兵庫県,長野県,95
2017,大分県,兵庫県,95
2017,北海道,福岡県,94
2017,和歌山県,奈良県,94
2017,兵庫県,静岡県,93
2017,佐賀県,京都府,93
2017,京都府,鳥取県,92
2017,高知県,香川県,92
2017,長崎県,京都府,92
2017,鹿児島県,愛知県,92
2017,長野県,栃木県,91
2017,愛知県,福岡県,91
2017,京都府,岡山県,91
2017,埼玉県,長野県,90
2017,岐阜県,福井県,90
2017,兵庫県,埼玉県,90
2017,島根県,山口県,90
2017,広島県,高知県,90
2017,沖縄県,長崎県,90
2017,宮城県,京都府,89
2017,神奈川県,大阪府,89
2017,鹿児島県,山口県,89
2017,青森県,秋田県,88
2017,神奈川県,愛知県,88
2017,静岡県,広島県,88
2017,京都府,広島県,88
2017,奈良県,神奈川県,88
2017,新潟県,茨城県,87
2017,大阪府,鳥取県,87
2017,宮崎県,京都府,87
2017,宮城県,群馬県,86
2017,新潟県,秋田県,86
2017,大阪府,高知県,86
2017,岡山県,滋賀県,86
2017,大分県,鹿児島県,86
2017,石川県,北海道,85
2017,岡山県,愛知県,85
2017,青森県,山形県,84
2017,千葉県,愛知県,84
2017,東京都,栃木県,84
2017,東京都,福岡県,84
2017,神奈川県,長野県,84
2017,奈良県,愛知県,84
2017,沖縄県,岐阜県,84
2017,千葉県,山梨県,83
2017,千葉県,大阪府,83
2017,富山県,千葉県,83
2017,富山県,兵庫県,83
2017,群馬県,石川県,82
2017,東京都,大分県,82
2017,富山県,長野県,82
2017,岩手県,茨城県,81
2017,宮城県,秋田県,81
2017,東京都,新潟県,81
2017,高知県,広島県,81
2017,山形県,栃木県,80
2017,福井県,神奈川県,80
2017,兵庫県,石川県,80
2017,青森県,栃木県,79
2017,新潟県,富山県,79
2017,大阪府,三重県,79
2017,和歌山県,滋賀県,79
2017,宮崎県,広島県,79
2017,秋田県,栃木県,78
2017,高知県,神奈川県,78
2017,佐賀県,神奈川県,78
2017,鹿児島県,大分県,78
2017,岐阜県,千葉県,77
2017,大分県,神奈川県,77
2017,岩手県,群馬県,76
2017,宮城県,新潟県,76
2017,福島県,北海道,76
2017,茨城県,長野県,76
2017,熊本県,千葉県,76
2017,茨城県,大阪府,75
2017,栃木県,静岡県,75
2017,広島県,鳥取県,75
2017,長崎県,兵庫県,75
2017,沖縄県,徳島県,75
2017,山形県,秋田県,74
2017,新潟県,栃木県,74
2017,静岡県,山形県,74
2017,京都府,石川県,74
2017,佐賀県,広島県,74
2017,山形県,北海道,73
2017,群馬県,長野県,73
2017,山梨県,愛知県,73
2017,岐阜県,山梨県,73
2017,香川県,滋賀県,73
2017,佐賀県,大阪府,73
2017,佐賀県,大分県,73
2017,青森県,群馬県,72
2017,栃木県,秋田県,72
2017,新潟県,大阪府,72
2017,山梨県,大阪府,72
2017,群馬県,北海道,71
2017,広島県,北海道,71
2017,佐賀県,山口県,71
2017,熊本県,埼玉県,71
2017,宮崎県,兵庫県,71
2017,沖縄県,京都府,71
2017,北海道,山梨県,70
2017,岩手県,栃木県,70
2017,茨城県,山形県,70
2017,愛知県,宮城県,70
2017,山形県,群馬県,69
2017,茨城県,愛知県,69
2017,鹿児島県,沖縄県,69
2017,秋田県,福島県,68
2017,長野県,宮城県,68
2017,三重県,広島県,68
2017,大阪府,石川県,68
2017,大阪府,大分県,68
2017,奈良県,北海道,68
2017,和歌山県,広島県,68
2017,広島県,香川県,68
2017,愛媛県,滋賀県,68
2017,宮崎県,埼玉県,68
2017,北海道,石川県,67
2017,宮城県,茨城県,67
2017,栃木県,山梨県,67
2017,静岡県,新潟県,67
2017,京都府,福井県,67
2017,大阪府,長野県,67
2017,宮崎県,山口県,67
2017,群馬県,福島県,66
2017,埼玉県,新潟県,66
2017,千葉県,長野県,66
2017,東京都,山形県,66
2017,福井県,岐阜県,66
2017,山梨県,京都府,66
2017,大阪府,静岡県,66
2017,沖縄県,広島県,66
2017,北海道,新潟県,65
2017,福島県,秋田県,65
2017,新潟県,山梨県,65
2017,愛知県,岡山県,65
2017,和歌山県,愛知県,65
2017,福岡県,北海道,64
2017,沖縄県,兵庫県,64
2017,青森県,茨城県,63
2017,山形県,岩手県,63
2017,埼玉県,静岡県,63
2017,三重県,千葉県,63
2017,大阪府,茨城県,63
2017,香川県,愛知県,63
2017,香川県,福岡県,63
2017,愛媛県,千葉県,63
2017,愛媛県,大分県,63
2017,沖縄県,熊本県,63
2017,北海道,秋田県,62
2017,石川県,埼玉県,62
2017,大阪府,岐阜県,62
2017,茨城県,秋田県,61
2017,岐阜県,埼玉県,61
2017,大阪府,山口県,61
2017,沖縄県,大分県,61
2017,北海道,山形県,60
2017,埼玉県,福島県,60
2017,東京都,福島県,60
2017,静岡県,奈良県,60
2017,三重県,北海道,60
2017,京都府,高知県,60
2017,広島県,奈良県,60
2017,静岡県,福島県,59
2017,奈良県,和歌山県,59
2017,広島県,大分県,59
2017,山口県,滋賀県,59
2017,山口県,長崎県,59
2017,福岡県,沖縄県,59
2017,青森県,福島県,58
2017,秋田県,群馬県,58
2017,新潟県,愛知県,58
2017,富山県,滋賀県,58
2017,岐阜県,北海道,58
2017,愛知県,高知県,58
2017,奈良県,三重県,58
2017,鹿児島県,岡山県,58
2017,北海道,滋賀県,57
2017,岩手県,山梨県,57
2017,山形県,茨城県,57
2017,群馬県,山梨県,57
2017,東京都,石川県,57
2017,富山県,岐阜県,57
2017,滋賀県,福井県,57
2017,滋賀県,奈良県,57
2017,和歌山県,徳島県,57
2017,北海道,広島県,56
2017,栃木県,京都府,56
2017,群馬県,大阪府,56
2017,富山県,北海道,56
2017,愛知県,群馬県,56
2017,京都府,福岡県,56
2017,兵庫県,三重県,56
2017,岡山県,千葉県,56
2017,高知県,愛知県,56
2017,埼玉県,大阪府,55
2017,山口県,愛知県,55
2017,佐賀県,兵庫県,55
2017,長崎県,千葉県,55
2017,長崎県,愛知県,55
2017,長崎県,岡山県,55
2017,熊本県,岡山県,55
2017,宮崎県,佐賀県,55
2017,三重県,長野県,54
2017,滋賀県,神奈川県,54
2017,北海道,大分県,53
2017,茨城県,兵庫県,53
2017,千葉県,栃木県,53
2017,福井県,静岡県,53
2017,山梨県,北海道,53
2017,島根県,愛媛県,53
2017,愛媛県,埼玉県,53
2017,福島県,岩手県,52
2017,神奈川県,兵庫県,52
2017,山口県,千葉県,52
2017,山口県,熊本県,52
2017,徳島県,神奈川県,52
2017,福岡県,茨城県,52
2017,長崎県,沖縄県,52
2017,沖縄県,宮崎県,52
2017,富山県,山梨県,51
2017,石川県,千葉県,51
2017,京都府,山口県,51
2017,大阪府,福井県,51
2017,兵庫県,大分県,51
2017,奈良県,埼玉県,51
2017,愛媛県,島根県,51
2017,高知県,埼玉県,51
2017,宮崎県,千葉県,51
2017,埼玉県,愛知県,50
2017,東京都,秋田県,50
2017,静岡県,富山県,50
2017,愛知県,鳥取県,50
2017,島根県,神奈川県,50
2017,広島県,茨城県,50
2017,北海道,栃木県,49
2017,秋田県,茨城県,49
2017,福島県,京都府,49
2017,富山県,群馬県,49
2017,京都府,埼玉県,49
2017,京都府,静岡県,49
2017,岡山県,埼玉県,49
2017,広島県,長崎県,49
2017,大分県,岡山県,49
2017,東京都,沖縄県,48
2017,三重県,埼玉県,48
2017,岡山県,奈良県,48
2017,熊本県,愛知県,48
2017,富山県,宮城県,47
2017,福井県,千葉県,47
2017,愛知県,秋田県,47
2017,京都府,長野県,47
2017,鳥取県,神奈川県,47
2017,山口県,大分県,47
2017,徳島県,愛知県,47
2017,沖縄県,山口県,47
2017,北海道,奈良県,46
2017,群馬県,静岡県,46
2017,千葉県,秋田県,46
2017,福井県,広島県,46
2017,長野県,滋賀県,46
2017,長野県,兵庫県,46
2017,岐阜県,広島県,46
2017,静岡県,栃木県,46
2017,滋賀県,広島県,46
2017,兵庫県,山梨県,46
2017,和歌山県,神奈川県,46
2017,和歌山県,高知県,46
2017,長崎県,埼玉県,46
2017,神奈川県,福島県,45
2017,山梨県,兵庫県,45
2017,静岡県,福岡県,45
2017,愛知県,島根県,45
2017,和歌山県,北海道,45
2017,高知県,福岡県,45
2017,大分県,愛知県,45
2017,宮崎県,愛知県,45
2017,宮城県,大阪府,44
2017,山形県,青森県,44
2017,埼玉県,石川県,44
2017,新潟県,静岡県,44
2017,石川県,宮城県,44
2017,静岡県,秋田県,44
2017,静岡県,岡山県,44
2017,大阪府,香川県,44
2017,大阪府,愛媛県,44
2017,兵庫県,福井県,44
2017,山口県,愛媛県,44
2017,沖縄県,北海道,44
2017,栃木県,石川県,43
2017,栃木県,長野県,43
2017,神奈川県,福岡県,43
2017,富山県,静岡県,43
2017,石川県,岐阜県,43
2017,福井県,新潟県,43
2017,兵庫県,岐阜県,43
2017,福岡県,奈良県,43
2017,佐賀県,宮崎県,43
2017,北海道,長野県,42
2017,北海道,沖縄県,42
2017,栃木県,大阪府,42
2017,東京都,岩手県,42
2017,東京都,滋賀県,42
2017,神奈川県,新潟県,42
2017,京都府,三重県,42
2017,奈良県,千葉県,42
2017,奈良県,福岡県,42
2017,和歌山県,岡山県,42
2017,山口県,埼玉県,42
2017,佐賀県,鹿児島県,42
2017,岩手県,新潟県,41
2017,群馬県,愛知県,41
2017,千葉県,山形県,41
2017,愛知県,大分県,41
2017,香川県,埼玉県,41
2017,愛媛県,北海道,41
2017,熊本県,沖縄県,41
2017,大分県,佐賀県,41
2017,北海道,岡山県,40
2017,福島県,山梨県,40
2017,千葉県,福島県,40
2017,東京都,奈良県,40
2017,石川県,群馬県,40
2017,石川県,長野県,40
2017,三重県,福井県,40
2017,三重県,山梨県,40
2017,滋賀県,静岡県,40
2017,兵庫県,長崎県,40
2017,奈良県,広島県,40
2017,広島県,鹿児島県,40
2017,香川県,奈良県,40
2017,高知県,千葉県,40
2017,大分県,埼玉県,40
2017,山形県,静岡県,39
2017,山梨県,茨城県,39
2017,静岡県,高知県,39
2017,愛知県,沖縄県,39
2017,和歌山県,三重県,39
2017,沖縄県,茨城県,39
2017,新潟県,兵庫県,38
2017,石川県,静岡県,38
2017,愛知県,山口県,38
2017,愛知県,宮崎県,38
2017,大阪府,島根県,38
2017,兵庫県,茨城県,38
2017,愛媛県,山梨県,38
2017,熊本県,茨城県,38
2017,宮崎県,岡山県,38
2017,宮崎県,沖縄県,38
2017,神奈川県,石川県,37
2017,富山県,茨城県,37
2017,長野県,山形県,37
2017,長野県,奈良県,37
2017,京都府,千葉県,37
2017,鳥取県,福岡県,37
2017,広島県,静岡県,37
2017,大分県,高知県,37
2017,鹿児島県,山梨県,37
2017,青森県,新潟県,36
2017,宮城県,山梨県,36
2017,栃木県,愛知県,36
2017,千葉県,新潟県,36
2017,東京都,熊本県,36
2017,神奈川県,栃木県,36
2017,山梨県,宮城県,36
2017,山梨県,群馬県,36
2017,山梨県,新潟県,36
2017,長野県,福島県,36
2017,京都府,徳島県,36
2017,京都府,大分県,36
2017,島根県,奈良県,36
2017,広島県,徳島県,36
2017,広島県,宮崎県,36
2017,徳島県,滋賀県,36
2017,青森県,大阪府,35
2017,宮城県,愛知県,35
2017,山形県,石川県,35
2017,群馬県,山形県,35
2017,千葉県,兵庫県,35
2017,東京都,岡山県,35
2017,福井県,埼玉県,35
2017,岡山県,静岡県,35
2017,徳島県,福岡県,35
2017,埼玉県,山形県,34
2017,東京都,広島県,34
2017,鳥取県,奈良県,34
2017,島根県,高知県,34
2017,岡山県,北海道,34
2017,山口県,島根県,34
2017,香川県,千葉県,34
2017,鹿児島県,佐賀県,34
2017,北海道,長崎県,33
2017,神奈川県,秋田県,33
2017,神奈川県,大分県,33
2017,愛知県,山形県,33
2017,京都府,茨城県,33
2017,大阪府,宮崎県,33
2017,大阪府,沖縄県,33
2017,奈良県,岡山県,33
2017,和歌山県,静岡県,33
2017,島根県,滋賀県,33
2017,宮城県,静岡県,32
2017,秋田県,京都府,32
2017,群馬県,富山県,32
2017,石川県,茨城県,32
2017,岐阜県,新潟県,32
2017,岐阜県,高知県,32
2017,京都府,富山県,32
2017,京都府,山梨県,32
2017,京都府,島根県,32
2017,兵庫県,沖縄県,32
2017,和歌山県,鳥取県,32
2017,和歌山県,福岡県,32
2017,岡山県,山梨県,32
2017,長崎県,高知県,32
2017,大分県,沖縄県,32
2017,沖縄県,鹿児島県,32
2017,北海道,福島県,31
2017,岩手県,京都府,31
2017,山形県,京都府,31
2017,福島県,青森県,31
2017,栃木県,岩手県,31
2017,埼玉県,秋田県,31
2017,岐阜県,茨城県,31
2017,岐阜県,奈良県,31
2017,愛知県,愛媛県,31
2017,三重県,富山県,31
2017,三重県,福岡県,31
2017,滋賀県,三重県,31
2017,鳥取県,愛知県,31
2017,岡山県,茨城県,31
2017,愛媛県,奈良県,31
2017,福岡県,高知県,31
2017,秋田県,山梨県,30
2017,東京都,青森県,30
2017,東京都,富山県,30
2017,新潟県,福井県,30
2017,長野県,福井県,30
2017,大阪府,富山県,30
2017,鳥取県,山口県,30
2017,広島県,岐阜県,30
2017,愛媛県,茨城県,30
2017,高知県,滋賀県,30
2017,福岡県,静岡県,30
2017,佐賀県,岡山県,30
2017,長崎県,静岡県,30
2017,宮城県,兵庫県,29
2017,山形県,山梨県,29
2017,福島県,長野県,29
2017,茨城県,福岡県,29
2017,群馬県,秋田県,29
2017,東京都,鹿児島県,29
2017,新潟県,岩手県,29
2017,新潟県,滋賀県,29
2017,福井県,奈良県,29
2017,三重県,岡山県,29
2017,滋賀県,北海道,29
2017,京都府,岐阜県,29
2017,大阪府,宮城県,29
2017,兵庫県,富山県,29
2017,鳥取県,愛媛県,29
2017,山口県,奈良県,29
2017,福岡県,島根県,29
2017,佐賀県,愛知県,29
2017,宮崎県,高知県,29
2017,沖縄県,石川県,29
2017,茨城県,青森県,28
2017,茨城県,石川県,28
2017,山梨県,石川県,28
2017,静岡県,福井県,28
2017,静岡県,島根県,28
2017,三重県,茨城県,28
2017,広島県,熊本県,28
2017,愛媛県,鳥取県,28
2017,佐賀県,埼玉県,28
2017,鹿児島県,静岡県,28
2017,北海道,熊本県,27
2017,福島県,静岡県,27
2017,埼玉県,兵庫県,27
2017,山梨県,栃木県,27
2017,静岡県,鳥取県,27
2017,大阪府,鹿児島県,27
2017,兵庫県,宮崎県,27
2017,和歌山県,山口県,27
2017,山口県,静岡県,27
2017,福岡県,岐阜県,27
2017,福岡県,愛媛県,27
2017,宮崎県,茨城県,27
2017,沖縄県,静岡県,27
2017,青森県,山梨県,26
2017,茨城県,沖縄県,26
2017,千葉県,青森県,26
2017,千葉県,福岡県,26
2017,神奈川県,山形県,26
2017,新潟県,青森県,26
2017,石川県,山梨県,26
2017,福井県,長野県,26
2017,長野県,三重県,26
2017,岐阜県,群馬県,26
2017,愛知県,和歌山県,26
2017,愛知県,長崎県,26
2017,京都府,和歌山県,26
2017,京都府,愛媛県,26
2017,鳥取県,徳島県,26
2017,徳島県,静岡県,26
2017,愛媛県,宮崎県,26
2017,長崎県,島根県,26
2017,大分県,千葉県,26
2017,鹿児島県,茨城県,26
2017,東京都,山口県,25
2017,愛知県,福島県,25
2017,京都府,香川県,25
2017,大阪府,長崎県,25
2017,大阪府,熊本県,25
2017,兵庫県,熊本県,25
2017,鳥取県,滋賀県,25
2017,島根県,埼玉県,25
2017,島根県,千葉県,25
2017,広島県,石川県,25
2017,香川県,山口県,25
2017,福岡県,山梨県,25
2017,大分県,愛媛県,25
2017,宮崎県,静岡県,25
2017,沖縄県,香川県,25
2017,茨城県,岩手県,24
2017,神奈川県,熊本県,24
2017,滋賀県,千葉県,24
2017,滋賀県,岡山県,24
2017,兵庫県,鹿児島県,24
2017,鳥取県,高知県,24
2017,岡山県,大分県,24
2017,香川県,鳥取県,24
2017,愛媛県,長崎県,24
2017,高知県,奈良県,24
2017,長崎県,鳥取県,24
2017,北海道,岐阜県,23
2017,青森県,愛知県,23
2017,青森県,京都府,23
2017,神奈川県,岩手県,23
2017,石川県,奈良県,23
2017,福井県,山梨県,23
2017,三重県,高知県,23
2017,大阪府,山梨県,23
2017,兵庫県,宮城県,23
2017,奈良県,石川県,23
2017,広島県,山梨県,23
2017,山口県,鹿児島県,23
2017,熊本県,滋賀県,23
2017,北海道,山口県,22
2017,福島県,石川県,22
2017,福島県,愛知県,22
2017,茨城県,滋賀県,22
2017,栃木県,青森県,22
2017,埼玉県,福岡県,22
2017,東京都,宮崎県,22
2017,福井県,茨城県,22
2017,岐阜県,福岡県,22
2017,静岡県,岩手県,22
2017,静岡県,山口県,22
2017,愛知県,新潟県,22
2017,滋賀県,福岡県,22
2017,京都府,沖縄県,22
2017,奈良県,茨城県,22
2017,奈良県,鳥取県,22
2017,奈良県,高知県,22
2017,島根県,愛知県,22
2017,愛媛県,静岡県,22
2017,大分県,北海道,22
2017,鹿児島県,北海道,22
2017,鹿児島県,群馬県,22
2017,鹿児島県,滋賀県,22
2017,沖縄県,栃木県,22
2017,北海道,富山県,21
2017,宮城県,石川県,21
2017,宮城県,長野県,21
2017,埼玉県,岩手県,21
2017,埼玉県,滋賀県,21
2017,東京都,鳥取県,21
2017,富山県,奈良県,21
2017,長野県,秋田県,21
2017,静岡県,宮崎県,21
2017,兵庫県,新潟県,21
2017,奈良県,岐阜県,21
2017,和歌山県,千葉県,21
2017,和歌山県,石川県,21
2017,和歌山県,岐阜県,21
2017,和歌山県,香川県,21
2017,鳥取県,千葉県,21
2017,広島県,沖縄県,21
2017,徳島県,埼玉県,21
2017,佐賀県,千葉県,21
2017,熊本県,北海道,21
2017,大分県,奈良県,21
2017,青森県,静岡県,20
2017,山形県,愛知県,20
2017,石川県,福岡県,20
2017,山梨県,広島県,20
2017,山梨県,福岡県,20
2017,岐阜県,鳥取県,20
2017,岐阜県,岡山県,20
2017,愛知県,栃木県,20
2017,愛知県,徳島県,20
2017,滋賀県,埼玉県,20
2017,滋賀県,長野県,20
2017,鳥取県,埼玉県,20
2017,島根県,香川県,20
2017,岡山県,石川県,20
2017,岡山県,長野県,20
2017,山口県,茨城県,20
2017,徳島県,山梨県,20
2017,長崎県,茨城県,20
2017,熊本県,静岡県,20
2017,大分県,茨城県,20
2017,宮崎県,滋賀県,20
2017,青森県,石川県,19
2017,岩手県,大阪府,19
2017,茨城県,広島県,19
2017,千葉県,滋賀県,19
2017,千葉県,広島県,19
2017,東京都,高知県,19
2017,石川県,広島県,19
2017,福井県,岡山県,19
2017,岐阜県,山口県,19
2017,三重県,山口県,19
2017,滋賀県,鳥取県,19
2017,奈良県,静岡県,19
2017,和歌山県,埼玉県,19
2017,岡山県,和歌山県,19
2017,広島県,宮城県,19
2017,徳島県,奈良県,19
2017,福岡県,鳥取県,19
2017,宮崎県,奈良県,19
2017,鹿児島県,宮城県,19
2017,鹿児島県,高知県,19
2017,沖縄県,滋賀県,19
2017,北海道,鹿児島県,18
2017,岩手県,愛知県,18
2017,山形県,大阪府,18
2017,福島県,大阪府,18
2017,埼玉県,広島県,18
2017,千葉県,熊本県,18
2017,東京都,岐阜県,18
2017,東京都,島根県,18
2017,神奈川県,鹿児島県,18
2017,新潟県,奈良県,18
2017,新潟県,福岡県,18
2017,福井県,福岡県,18
2017,三重県,群馬県,18
2017,京都府,宮城県,18
2017,島根県,長崎県,18
2017,広島県,和歌山県,18
2017,山口県,北海道,18
2017,山口県,佐賀県,18
2017,香川県,茨城県,18
2017,福岡県,石川県,18
2017,佐賀県,茨城県,18
2017,熊本県,山梨県,18
2017,鹿児島県,奈良県,18
2017,沖縄県,高知県,18
2017,茨城県,岐阜県,17
2017,栃木県,富山県,17
2017,群馬県,兵庫県,17
2017,東京都,長崎県,17
2017,神奈川県,滋賀県,17
2017,新潟県,岐阜県,17
2017,静岡県,青森県,17
2017,静岡県,長崎県,17
2017,愛知県,熊本県,17
2017,大阪府,青森県,17
2017,奈良県,愛媛県,17
2017,鳥取県,静岡県,17
2017,香川県,静岡県,17
2017,長崎県,北海道,17
2017,長崎県,滋賀県,17
2017,岩手県,石川県,16
2017,秋田県,静岡県,16
2017,埼玉県,青森県,16
2017,千葉県,大分県,16
2017,富山県,広島県,16
2017,福井県,山口県,16
2017,長野県,広島県,16
2017,静岡県,徳島県,16
2017,愛知県,鹿児島県,16
2017,滋賀県,茨城県,16
2017,兵庫県,秋田県,16
2017,島根県,徳島県,16
2017,岡山県,熊本県,16
2017,広島県,長野県,16
2017,山口県,宮崎県,16
2017,徳島県,山口県,16
2017,愛媛県,群馬県,16
2017,福岡県,栃木県,16
2017,福岡県,和歌山県,16
2017,長崎県,山梨県,16
2017,大分県,滋賀県,16
2017,大分県,鳥取県,16
2017,鹿児島県,岐阜県,16
2017,鹿児島県,島根県,16
2017,沖縄県,山梨県,16
2017,沖縄県,長野県,16
2017,茨城県,奈良県,15
2017,千葉県,奈良県,15
2017,東京都,愛媛県,15
2017,神奈川県,富山県,15
2017,神奈川県,広島県,15
2017,福井県,三重県,15
2017,山梨県,福島県,15
2017,三重県,鳥取県,15
2017,滋賀県,山口県,15
2017,大阪府,秋田県,15
2017,奈良県,山口県,15
2017,奈良県,徳島県,15
2017,和歌山県,茨城県,15
2017,鳥取県,香川県,15
2017,島根県,北海道,15
2017,岡山県,宮崎県,15
2017,広島県,三重県,15
2017,福岡県,群馬県,15
2017,熊本県,岐阜県,15
2017,沖縄県,佐賀県,15
2017,岩手県,長野県,14
2017,秋田県,石川県,14
2017,秋田県,愛知県,14
2017,福島県,兵庫県,14
2017,栃木県,兵庫県,14
2017,埼玉県,富山県,14
2017,埼玉県,沖縄県,14
2017,千葉県,石川県,14
2017,神奈川県,青森県,14
2017,神奈川県,高知県,14
2017,富山県,福島県,14
2017,福井県,北海道,14
2017,長野県,岩手県,14
2017,長野県,高知県,14
2017,岐阜県,大分県,14
2017,三重県,宮城県,14
2017,京都府,宮崎県,14
2017,大阪府,新潟県,14
2017,兵庫県,群馬県,14
2017,奈良県,宮城県,14
2017,鳥取県,北海道,14
2017,鳥取県,石川県,14
2017,岡山県,岐阜県,14
2017,岡山県,鹿児島県,14
2017,山口県,香川県,14
2017,徳島県,千葉県,14
2017,香川県,北海道,14
2017,香川県,島根県,14
2017,愛媛県,鹿児島県,14
2017,高知県,北海道,14
2017,福岡県,宮城県,14
2017,佐賀県,滋賀県,14
2017,熊本県,高知県,14
2017,宮崎県,愛媛県,14
2017,沖縄県,群馬県,14
2017,沖縄県,三重県,14
2017,岩手県,兵庫県,13
2017,宮城県,滋賀県,13
2017,茨城県,山口県,13
2017,茨城県,熊本県,13
2017,埼玉県,大分県,13
2017,千葉県,宮崎県,13
2017,富山県,三重県,13
2017,石川県,三重県,13
2017,山梨県,岐阜県,13
2017,静岡県,鹿児島県,13
2017,静岡県,沖縄県,13
2017,京都府,秋田県,13
2017,京都府,群馬県,13
2017,兵庫県,福島県,13
2017,奈良県,香川県,13
2017,和歌山県,島根県,13
2017,和歌山県,愛媛県,13
2017,鳥取県,茨城県,13
2017,島根県,石川県,13
2017,島根県,静岡県,13
2017,島根県,大分県,13
2017,岡山県,群馬県,13
2017,岡山県,長崎県,13
2017,広島県,佐賀県,13
2017,山口県,高知県,13
2017,徳島県,北海道,13
2017,徳島県,鳥取県,13
2017,愛媛県,岐阜県,13
2017,愛媛県,熊本県,13
2017,高知県,静岡県,13
2017,高知県,山口県,13
2017,熊本県,栃木県,13
2017,大分県,島根県,13
2017,大分県,徳島県,13
2017,宮崎県,群馬県,13
2017,宮崎県,山梨県,13
2017,宮崎県,岐阜県,13
2017,鹿児島県,栃木県,13
2017,鹿児島県,愛媛県,13
2017,北海道,佐賀県,12
2017,山形県,富山県,12
2017,山形県,兵庫県,12
2017,栃木県,奈良県,12
2017,群馬県,岡山県,12
2017,群馬県,高知県,12
2017,群馬県,福岡県,12
2017,千葉県,岐阜県,12
2017,千葉県,長崎県,12
2017,東京都,三重県,12
2017,東京都,徳島県,12
2017,神奈川県,長崎県,12
2017,富山県,山形県,12
2017,福井県,群馬県,12
2017,福井県,鳥取県,12
2017,長野県,岡山県,12
2017,静岡県,熊本県,12
2017,静岡県,大分県,12
2017,愛知県,岩手県,12
2017,三重県,島根県,12
2017,滋賀県,富山県,12
2017,大阪府,栃木県,12
2017,奈良県,大分県,12
2017,和歌山県,長崎県,12
2017,島根県,宮崎県,12
2017,岡山県,三重県,12
2017,岡山県,沖縄県,12
2017,徳島県,和歌山県,12
2017,愛媛県,石川県,12
2017,愛媛県,長野県,12
2017,愛媛県,沖縄県,12
2017,高知県,岐阜県,12
2017,福岡県,三重県,12
2017,佐賀県,島根県,12
2017,佐賀県,高知県,12
2017,大分県,静岡県,12
2017,北海道,三重県,11
2017,青森県,富山県,11
2017,青森県,兵庫県,11
2017,岩手県,静岡県,11
2017,茨城県,鹿児島県,11
2017,栃木県,滋賀県,11
2017,栃木県,広島県,11
2017,群馬県,滋賀県,11
2017,千葉県,富山県,11
2017,千葉県,沖縄県,11
2017,神奈川県,三重県,11
2017,神奈川県,岡山県,11
2017,神奈川県,山口県,11
2017,神奈川県,宮崎県,11
2017,富山県,栃木県,11
2017,山梨県,奈良県,11
2017,静岡県,愛媛県,11
2017,三重県,和歌山県,11
2017,三重県,徳島県,11
2017,滋賀県,大分県,11
2017,奈良県,長野県,11
2017,奈良県,長崎県,11
2017,和歌山県,福井県,11
2017,和歌山県,山梨県,11
2017,山口県,長野県,11
2017,徳島県,長野県,11
2017,香川県,大分県,11
2017,愛媛県,宮城県,11
2017,福岡県,長野県,11
2017,佐賀県,沖縄県,11
2017,熊本県,群馬県,11
2017,宮崎県,北海道,11
2017,鹿児島県,三重県,11
2017,鹿児島県,鳥取県,11
2017,沖縄県,奈良県,11
2017,青森県,長野県,10
2017,宮城県,富山県,10
2017,宮城県,広島県,10
2017,山形県,長野県,10
2017,茨城県,富山県,10
2017,群馬県,青森県,10
2017,群馬県,岩手県,10
2017,埼玉県,奈良県,10
2017,千葉県,岩手県,10
2017,千葉県,岡山県,10
2017,神奈川県,岐阜県,10
2017,福井県,島根県,10
2017,山梨県,秋田県,10
2017,山梨県,富山県,10
2017,山梨県,岡山県,10
2017,長野県,福岡県,10
2017,岐阜県,宮城県,10
2017,岐阜県,山形県,10
2017,静岡県,和歌山県,10
2017,三重県,山形県,10
2017,三重県,愛媛県,10
2017,三重県,沖縄県,10
2017,滋賀県,山梨県,10
2017,滋賀県,香川県,10
2017,京都府,長崎県,10
2017,大阪府,山形県,10
2017,大阪府,群馬県,10
2017,奈良県,富山県,10
2017,奈良県,宮崎県,10
2017,奈良県,沖縄県,10
2017,和歌山県,長野県,10
2017,島根県,茨城県,10
2017,岡山県,宮城県,10
2017,岡山県,栃木県,10
2017,広島県,秋田県,10
2017,広島県,栃木県,10
2017,広島県,新潟県,10
2017,徳島県,石川県,10
2017,徳島県,島根県,10
2017,香川県,宮崎県,10
2017,佐賀県,鳥取県,10
2017,長崎県,岐阜県,10
2017,熊本県,石川県,10
2017,熊本県,長野県,10
2017,熊本県,奈良県,10
2017,大分県,山梨県,10
2017,宮崎県,宮城県,10
2017,沖縄県,新潟県,10
2017,沖縄県,愛媛県,10
2017,北海道,高知県,9
2017,北海道,宮崎県,9
2017,秋田県,長野県,9
2017,山形県,滋賀県,9
2017,福島県,滋賀県,9
2017,茨城県,島根県,9
2017,茨城県,高知県,9
2017,栃木県,福岡県,9
2017,栃木県,沖縄県,9
2017,埼玉県,岡山県,9
2017,埼玉県,長崎県,9
2017,埼玉県,鹿児島県,9
2017,千葉県,山口県,9
2017,千葉県,高知県,9
2017,千葉県,鹿児島県,9
2017,東京都,福井県,9
2017,神奈川県,奈良県,9
2017,新潟県,広島県,9
2017,富山県,秋田県,9
2017,富山県,岡山県,9
2017,石川県,岡山県,9
2017,長野県,青森県,9
2017,長野県,島根県,9
2017,岐阜県,福島県,9
2017,岐阜県,和歌山県,9
2017,愛知県,青森県,9
2017,愛知県,香川県,9
2017,三重県,新潟県,9
2017,三重県,香川県,9
2017,滋賀県,高知県,9
2017,京都府,熊本県,9
2017,大阪府,福島県,9
2017,兵庫県,山形県,9
2017,兵庫県,佐賀県,9
2017,奈良県,福井県,9
2017,奈良県,山梨県,9
2017,広島県,群馬県,9
2017,山口県,宮城県,9
2017,山口県,群馬県,9
2017,山口県,鳥取県,9
2017,徳島県,岐阜県,9
2017,香川県,岐阜県,9
2017,愛媛県,新潟県,9
2017,高知県,宮崎県,9
2017,佐賀県,北海道,9
2017,佐賀県,愛媛県,9
2017,長崎県,群馬県,9
2017,長崎県,奈良県,9
2017,熊本県,島根県,9
2017,大分県,岐阜県,9
2017,宮崎県,栃木県,9
2017,鹿児島県,新潟県,9
2017,北海道,愛媛県,8
2017,岩手県,富山県,8
2017,宮城県,奈良県,8
2017,宮城県,沖縄県,8
2017,茨城県,岡山県,8
2017,茨城県,宮崎県,8
2017,群馬県,岐阜県,8
2017,埼玉県,岐阜県,8
2017,埼玉県,鳥取県,8
2017,埼玉県,山口県,8
2017,埼玉県,熊本県,8
2017,千葉県,島根県,8
2017,千葉県,愛媛県,8
2017,神奈川県,鳥取県,8
2017,石川県,和歌山県,8
2017,石川県,島根県,8
2017,山梨県,熊本県,8
2017,長野県,沖縄県,8
2017,岐阜県,島根県,8
2017,岐阜県,香川県,8
2017,岐阜県,愛媛県,8
2017,三重県,秋田県,8
2017,三重県,宮崎県,8
2017,滋賀県,徳島県,8
2017,滋賀県,鹿児島県,8
2017,大阪府,岩手県,8
2017,奈良県,熊本県,8
2017,和歌山県,新潟県,8
2017,和歌山県,宮崎県,8
2017,鳥取県,和歌山県,8
2017,岡山県,富山県,8
2017,岡山県,福井県,8
2017,山口県,岐阜県,8
2017,徳島県,大分県,8
2017,香川県,石川県,8
2017,香川県,長野県,8
2017,香川県,三重県,8
2017,香川県,和歌山県,8
2017,香川県,熊本県,8
2017,香川県,沖縄県,8
2017,愛媛県,和歌山県,8
2017,佐賀県,静岡県,8
2017,長崎県,石川県,8
2017,長崎県,愛媛県,8
2017,熊本県,鳥取県,8
2017,宮崎県,徳島県,8
2017,宮崎県,香川県,8
2017,沖縄県,岩手県,8
2017,沖縄県,宮城県,8
2017,北海道,福井県,7
2017,北海道,徳島県,7
2017,岩手県,福岡県,7
2017,秋田県,大阪府,7
2017,秋田県,兵庫県,7
2017,山形県,岐阜県,7
2017,茨城県,長崎県,7
2017,栃木県,鳥取県,7
2017,栃木県,岡山県,7
2017,栃木県,高知県,7
2017,群馬県,奈良県,7
2017,群馬県,山口県,7
2017,埼玉県,高知県,7
2017,東京都,佐賀県,7
2017,神奈川県,沖縄県,7
2017,新潟県,岡山県,7
2017,新潟県,熊本県,7
2017,石川県,栃木県,7
2017,石川県,沖縄県,7
2017,長野県,鳥取県,7
2017,長野県,香川県,7
2017,岐阜県,秋田県,7
2017,岐阜県,徳島県,7
2017,岐阜県,長崎県,7
2017,岐阜県,宮崎県,7
2017,三重県,栃木県,7
2017,三重県,長崎県,7
2017,滋賀県,宮城県,7
2017,滋賀県,和歌山県,7
2017,滋賀県,宮崎県,7
2017,奈良県,秋田県,7
2017,奈良県,島根県,7
2017,奈良県,鹿児島県,7
2017,和歌山県,宮城県,7
2017,和歌山県,群馬県,7
2017,和歌山県,大分県,7
2017,鳥取県,富山県,7
2017,鳥取県,鹿児島県,7
2017,島根県,群馬県,7
2017,島根県,富山県,7
2017,島根県,岐阜県,7
2017,島根県,熊本県,7
2017,山口県,栃木県,7
2017,徳島県,茨城県,7
2017,愛媛県,栃木県,7
2017,高知県,大分県,7
2017,福岡県,新潟県,7
2017,福岡県,香川県,7
2017,佐賀県,石川県,7
2017,長崎県,長野県,7
2017,長崎県,徳島県,7
2017,長崎県,香川県,7
2017,宮崎県,福島県,7
2017,宮崎県,島根県,7
2017,沖縄県,鳥取県,7
2017,宮城県,福岡県,6
2017,秋田県,富山県,6
2017,福島県,広島県,6
2017,茨城県,大分県,6
2017,栃木県,福井県,6
2017,栃木県,岐阜県,6
2017,栃木県,熊本県,6
2017,群馬県,福井県,6
2017,群馬県,広島県,6
2017,群馬県,沖縄県,6
2017,埼玉県,愛媛県,6
2017,埼玉県,宮崎県,6
2017,千葉県,三重県,6
2017,千葉県,鳥取県,6
2017,神奈川県,福井県,6
2017,新潟県,三重県,6
2017,新潟県,島根県,6
2017,新潟県,沖縄県,6
2017,富山県,鳥取県,6
2017,富山県,福岡県,6
2017,石川県,山形県,6
2017,福井県,秋田県,6
2017,福井県,栃木県,6
2017,福井県,和歌山県,6
2017,福井県,高知県,6
2017,山梨県,滋賀県,6
2017,山梨県,大分県,6
2017,長野県,熊本県,6
2017,長野県,大分県,6
2017,長野県,鹿児島県,6
2017,岐阜県,鹿児島県,6
2017,愛知県,佐賀県,6
2017,三重県,大分県,6
2017,滋賀県,新潟県,6
2017,京都府,青森県,6
2017,京都府,栃木県,6
2017,京都府,新潟県,6
2017,京都府,鹿児島県,6
2017,兵庫県,岩手県,6
2017,奈良県,栃木県,6
2017,和歌山県,鹿児島県,6
2017,鳥取県,長野県,6
2017,鳥取県,岐阜県,6
2017,鳥取県,長崎県,6
2017,鳥取県,熊本県,6
2017,鳥取県,宮崎県,6
2017,島根県,山梨県,6
2017,島根県,長野県,6
2017,島根県,三重県,6
2017,島根県,鹿児島県,6
2017,山口県,山梨県,6
2017,徳島県,長崎県,6
2017,徳島県,沖縄県,6
2017,香川県,新潟県,6
2017,香川県,長崎県,6
2017,高知県,茨城県,6
2017,高知県,石川県,6
2017,高知県,長野県,6
2017,福岡県,徳島県,6
2017,佐賀県,新潟県,6
2017,佐賀県,岐阜県,6
2017,長崎県,宮城県,6
2017,長崎県,栃木県,6
2017,長崎県,新潟県,6
2017,熊本県,宮城県,6
2017,熊本県,新潟県,6
2017,大分県,香川県,6
2017,宮崎県,鳥取県,6
2017,鹿児島県,福島県,6
2017,鹿児島県,香川県,6
2017,沖縄県,青森県,6
2017,沖縄県,秋田県,6
2017,沖縄県,山形県,6
2017,沖縄県,福島県,6
2017,沖縄県,富山県,6
2017,沖縄県,福井県,6
2017,沖縄県,島根県,6
2017,北海道,鳥取県,5
2017,青森県,奈良県,5
2017,青森県,大分県,5
2017,岩手県,奈良県,5
2017,岩手県,沖縄県,5
2017,宮城県,岡山県,5
2017,秋田県,岐阜県,5
2017,秋田県,滋賀県,5
2017,山形県,奈良県,5
2017,福島県,福岡県,5
2017,福島県,沖縄県,5
2017,茨城県,福井県,5
2017,茨城県,和歌山県,5
2017,栃木県,香川県,5
2017,栃木県,大分県,5
2017,栃木県,宮崎県,5
2017,群馬県,鳥取県,5
2017,群馬県,大分県,5
2017,群馬県,宮崎県,5
2017,埼玉県,三重県,5
2017,埼玉県,島根県,5
2017,埼玉県,徳島県,5
2017,千葉県,徳島県,5
2017,東京都,香川県,5
2017,神奈川県,徳島県,5
2017,新潟県,高知県,5
2017,富山県,青森県,5
2017,富山県,沖縄県,5
2017,石川県,岩手県,5
2017,石川県,長崎県,5
2017,石川県,熊本県,5
2017,石川県,大分県,5
2017,山梨県,岩手県,5
2017,山梨県,徳島県,5
2017,長野県,和歌山県,5
2017,岐阜県,栃木県,5
2017,岐阜県,熊本県,5
2017,三重県,福島県,5
2017,京都府,佐賀県,5
2017,奈良県,新潟県,5
2017,和歌山県,栃木県,5
2017,和歌山県,沖縄県,5
2017,鳥取県,栃木県,5
2017,鳥取県,山梨県,5
2017,鳥取県,三重県,5
2017,島根県,栃木県,5
2017,岡山県,秋田県,5
2017,広島県,福井県,5
2017,山口県,石川県,5
2017,山口県,徳島県,5
2017,山口県,沖縄県,5
2017,香川県,栃木県,5
2017,香川県,山梨県,5
2017,愛媛県,富山県,5
2017,愛媛県,三重県,5
2017,高知県,宮城県,5
2017,高知県,栃木県,5
2017,高知県,群馬県,5
2017,高知県,鳥取県,5
2017,福岡県,富山県,5
2017,佐賀県,奈良県,5
2017,熊本県,和歌山県,5
2017,宮崎県,石川県,5
2017,宮崎県,長野県,5
2017,鹿児島県,長野県,5
2017,鹿児島県,和歌山県,5
2017,鹿児島県,徳島県,5
2017,北海道,和歌山県,4
2017,北海道,島根県,4
2017,北海道,香川県,4
2017,青森県,岐阜県,4
2017,岩手県,滋賀県,4
2017,岩手県,熊本県,4
2017,宮城県,長崎県,4
2017,山形県,沖縄県,4
2017,福島県,富山県,4
2017,福島県,奈良県,4
2017,茨城県,鳥取県,4
2017,茨城県,徳島県,4
2017,栃木県,島根県,4
2017,群馬県,熊本県,4
2017,埼玉県,福井県,4
2017,千葉県,和歌山県,4
2017,東京都,和歌山県,4
2017,神奈川県,島根県,4
2017,神奈川県,佐賀県,4
2017,富山県,岩手県,4
2017,富山県,山口県,4
2017,富山県,高知県,4
2017,石川県,鳥取県,4
2017,福井県,宮城県,4
2017,山梨県,青森県,4
2017,山梨県,山口県,4
2017,山梨県,香川県,4
2017,山梨県,長崎県,4
2017,長野県,山口県,4
2017,長野県,愛媛県,4
2017,長野県,宮崎県,4
2017,岐阜県,沖縄県,4
2017,静岡県,香川県,4
2017,静岡県,佐賀県,4
2017,三重県,熊本県,4
2017,滋賀県,栃木県,4
2017,滋賀県,愛媛県,4
2017,滋賀県,長崎県,4
2017,京都府,岩手県,4
2017,大阪府,佐賀県,4
2017,兵庫県,青森県,4
2017,兵庫県,栃木県,4
2017,奈良県,青森県,4
2017,和歌山県,富山県,4
2017,鳥取県,大分県,4
2017,島根県,新潟県,4
2017,島根県,福井県,4
2017,広島県,岩手県,4
2017,香川県,宮城県,4
2017,香川県,群馬県,4
2017,香川県,福井県,4
2017,愛媛県,青森県,4
2017,愛媛県,福井県,4
2017,高知県,新潟県,4
2017,高知県,福井県,4
2017,高知県,和歌山県,4
2017,高知県,島根県,4
2017,高知県,長崎県,4
2017,福岡県,秋田県,4
2017,福岡県,山形県,4
2017,佐賀県,栃木県,4
2017,佐賀県,山梨県,4
2017,佐賀県,長野県,4
2017,佐賀県,徳島県,4
2017,佐賀県,香川県,4
2017,長崎県,秋田県,4
2017,長崎県,富山県,4
2017,大分県,富山県,4
2017,大分県,長野県,4
2017,宮崎県,新潟県,4
2017,宮崎県,三重県,4
2017,鹿児島県,山形県,4
2017,青森県,三重県,3
2017,青森県,岡山県,3
2017,青森県,香川県,3
2017,青森県,沖縄県,3
2017,岩手県,福井県,3
2017,岩手県,長崎県,3
2017,宮城県,福井県,3
2017,宮城県,岐阜県,3
2017,宮城県,鹿児島県,3
2017,秋田県,福井県,3
2017,秋田県,奈良県,3
2017,秋田県,福岡県,3
2017,山形県,高知県,3
2017,山形県,鹿児島県,3
2017,福島県,岡山県,3
2017,福島県,長崎県,3
2017,茨城県,三重県,3
2017,栃木県,三重県,3
2017,栃木県,愛媛県,3
2017,群馬県,鹿児島県,3
2017,千葉県,佐賀県,3
2017,神奈川県,香川県,3
2017,新潟県,鳥取県,3
2017,新潟県,長崎県,3
2017,新潟県,鹿児島県,3
2017,富山県,和歌山県,3
2017,富山県,長崎県,3
2017,富山県,大分県,3
2017,富山県,宮崎県,3
2017,石川県,青森県,3
2017,石川県,秋田県,3
2017,石川県,福島県,3
2017,石川県,山口県,3
2017,石川県,徳島県,3
2017,石川県,愛媛県,3
2017,福井県,青森県,3
2017,福井県,宮崎県,3
2017,福井県,鹿児島県,3
2017,山梨県,山形県,3
2017,山梨県,福井県,3
2017,山梨県,和歌山県,3
2017,山梨県,鹿児島県,3
2017,長野県,長崎県,3
2017,岐阜県,岩手県,3
2017,三重県,青森県,3
2017,滋賀県,福島県,3
2017,滋賀県,島根県,3
2017,奈良県,岩手県,3
2017,和歌山県,熊本県,3
2017,鳥取県,青森県,3
2017,鳥取県,宮城県,3
2017,鳥取県,群馬県,3
2017,鳥取県,新潟県,3
2017,鳥取県,沖縄県,3
2017,島根県,宮城県,3
2017,島根県,和歌山県,3
2017,岡山県,岩手県,3
2017,岡山県,山形県,3
2017,広島県,山形県,3
2017,広島県,福島県,3
2017,山口県,福島県,3
2017,山口県,新潟県,3
2017,山口県,三重県,3
2017,山口県,和歌山県,3
2017,徳島県,山形県,3
2017,徳島県,群馬県,3
2017,徳島県,新潟県,3
2017,徳島県,富山県,3
2017,徳島県,三重県,3
2017,香川県,鹿児島県,3
2017,愛媛県,岩手県,3
2017,愛媛県,福島県,3
2017,高知県,三重県,3
2017,高知県,沖縄県,3
2017,福岡県,岩手県,3
2017,福岡県,福井県,3
2017,佐賀県,岩手県,3
2017,佐賀県,宮城県,3
2017,佐賀県,群馬県,3
2017,佐賀県,三重県,3
2017,長崎県,福井県,3
2017,長崎県,三重県,3
2017,長崎県,和歌山県,3
2017,熊本県,秋田県,3
2017,熊本県,富山県,3
2017,熊本県,香川県,3
2017,熊本県,愛媛県,3
2017,大分県,栃木県,3
2017,大分県,群馬県,3
2017,大分県,石川県,3
2017,大分県,三重県,3
2017,大分県,和歌山県,3
2017,宮崎県,青森県,3
2017,宮崎県,岩手県,3
2017,宮崎県,和歌山県,3
2017,鹿児島県,岩手県,3
2017,鹿児島県,秋田県,3
2017,鹿児島県,石川県,3
2017,青森県,滋賀県,2
2017,青森県,広島県,2
2017,青森県,山口県,2
2017,青森県,福岡県,2
2017,岩手県,岐阜県,2
2017,岩手県,三重県,2
2017,岩手県,鳥取県,2
2017,岩手県,岡山県,2
2017,岩手県,広島県,2
2017,岩手県,大分県,2
2017,岩手県,鹿児島県,2
2017,宮城県,三重県,2
2017,宮城県,鳥取県,2
2017,宮城県,山口県,2
2017,宮城県,徳島県,2
2017,宮城県,熊本県,2
2017,宮城県,大分県,2
2017,秋田県,鳥取県,2
2017,秋田県,島根県,2
2017,秋田県,高知県,2
2017,秋田県,鹿児島県,2
2017,山形県,和歌山県,2
2017,山形県,広島県,2
2017,山形県,長崎県,2
2017,福島県,岐阜県,2
2017,福島県,三重県,2
2017,福島県,島根県,2
2017,福島県,山口県,2
2017,福島県,宮崎県,2
2017,茨城県,愛媛県,2
2017,栃木県,和歌山県,2
2017,栃木県,山口県,2
2017,栃木県,鹿児島県,2
2017,群馬県,三重県,2
2017,群馬県,和歌山県,2
2017,群馬県,島根県,2
2017,群馬県,徳島県,2
2017,群馬県,愛媛県,2
2017,群馬県,長崎県,2
2017,千葉県,香川県,2
2017,神奈川県,和歌山県,2
2017,神奈川県,愛媛県,2
2017,新潟県,山口県,2
2017,新潟県,香川県,2
2017,新潟県,愛媛県,2
2017,富山県,島根県,2
2017,富山県,香川県,2
2017,石川県,高知県,2
2017,石川県,宮崎県,2
2017,福井県,徳島県,2
2017,福井県,愛媛県,2
2017,福井県,熊本県,2
2017,福井県,大分県,2
2017,福井県,沖縄県,2
2017,山梨県,三重県,2
2017,山梨県,鳥取県,2
2017,山梨県,島根県,2
2017,山梨県,愛媛県,2
2017,山梨県,沖縄県,2
2017,三重県,岩手県,2
2017,滋賀県,岩手県,2
2017,滋賀県,群馬県,2
2017,滋賀県,沖縄県,2
2017,京都府,福島県,2
2017,奈良県,福島県,2
2017,奈良県,群馬県,2
2017,和歌山県,秋田県,2
2017,和歌山県,山形県,2
2017,和歌山県,福島県,2
2017,鳥取県,岩手県,2
2017,鳥取県,福井県,2
2017,島根県,岩手県,2
2017,島根県,秋田県,2
2017,島根県,山形県,2
2017,島根県,佐賀県,2
2017,島根県,沖縄県,2
2017,岡山県,福島県,2
2017,岡山県,新潟県,2
2017,岡山県,佐賀県,2
2017,広島県,富山県,2
2017,山口県,福井県,2
2017,徳島県,青森県,2
2017,徳島県,岩手県,2
2017,徳島県,宮城県,2
2017,徳島県,栃木県,2
2017,徳島県,福井県,2
2017,徳島県,熊本県,2
2017,徳島県,鹿児島県,2
2017,香川県,秋田県,2
2017,愛媛県,山形県,2
2017,愛媛県,佐賀県,2
2017,高知県,青森県,2
2017,高知県,秋田県,2
2017,高知県,佐賀県,2
2017,高知県,熊本県,2
2017,福岡県,青森県,2
2017,佐賀県,青森県,2
2017,佐賀県,福井県,2
2017,佐賀県,和歌山県,2
2017,長崎県,青森県,2
2017,長崎県,山形県,2
2017,長崎県,福島県,2
2017,熊本県,山形県,2
2017,熊本県,福井県,2
2017,熊本県,三重県,2
2017,熊本県,徳島県,2
2017,大分県,宮城県,2
2017,大分県,福島県,2
2017,宮崎県,秋田県,2
2017,宮崎県,福井県,2
2017,鹿児島県,福井県,2
2017,青森県,福井県,1
2017,青森県,和歌山県,1
2017,青森県,島根県,1
2017,青森県,長崎県,1
2017,岩手県,島根県,1
2017,岩手県,愛媛県,1
2017,宮城県,和歌山県,1
2017,宮城県,島根県,1
2017,宮城県,愛媛県,1
2017,宮城県,高知県,1
2017,宮城県,佐賀県,1
2017,秋田県,三重県,1
2017,秋田県,岡山県,1
2017,秋田県,山口県,1
2017,秋田県,熊本県,1
2017,秋田県,沖縄県,1
2017,山形県,福井県,1
2017,山形県,三重県,1
2017,山形県,鳥取県,1
2017,山形県,岡山県,1
2017,山形県,徳島県,1
2017,山形県,香川県,1
2017,山形県,大分県,1
2017,福島県,福井県,1
2017,福島県,和歌山県,1
2017,福島県,鳥取県,1
2017,福島県,香川県,1
2017,福島県,高知県,1
2017,福島県,熊本県,1
2017,福島県,鹿児島県,1
2017,栃木県,徳島県,1
2017,栃木県,長崎県,1
2017,群馬県,佐賀県,1
2017,埼玉県,和歌山県,1
2017,埼玉県,香川県,1
2017,埼玉県,佐賀県,1
2017,千葉県,福井県,1
2017,新潟県,和歌山県,1
2017,新潟県,徳島県,1
2017,新潟県,大分県,1
2017,富山県,徳島県,1
2017,富山県,愛媛県,1
2017,富山県,熊本県,1
2017,富山県,鹿児島県,1
2017,石川県,香川県,1
2017,石川県,佐賀県,1
2017,福井県,福島県,1
2017,福井県,香川県,1
2017,山梨県,高知県,1
2017,山梨県,佐賀県,1
2017,山梨県,宮崎県,1
2017,長野県,佐賀県,1
2017,岐阜県,青森県,1
2017,岐阜県,佐賀県,1
2017,三重県,佐賀県,1
2017,三重県,鹿児島県,1
2017,滋賀県,青森県,1
2017,滋賀県,秋田県,1
2017,滋賀県,山形県,1
2017,滋賀県,佐賀県,1
2017,京都府,山形県,1
2017,奈良県,山形県,1
2017,奈良県,佐賀県,1
2017,和歌山県,青森県,1
2017,鳥取県,秋田県,1
2017,鳥取県,山形県,1
2017,鳥取県,福島県,1
2017,島根県,福島県,1
2017,岡山県,青森県,1
2017,山口県,岩手県,1
2017,山口県,山形県,1
2017,山口県,富山県,1
2017,徳島県,秋田県,1
2017,徳島県,福島県,1
2017,徳島県,宮崎県,1
2017,香川県,青森県,1
2017,香川県,岩手県,1
2017,香川県,福島県,1
2017,香川県,富山県,1
2017,香川県,佐賀県,1
2017,愛媛県,秋田県,1
2017,高知県,山形県,1
2017,高知県,福島県,1
2017,高知県,富山県,1
2017,高知県,山梨県,1
2017,高知県,鹿児島県,1
2017,福岡県,福島県,1
2017,佐賀県,秋田県,1
2017,佐賀県,山形県,1
2017,佐賀県,富山県,1
2017,長崎県,岩手県,1
2017,熊本県,青森県,1
2017,熊本県,福島県,1
2017,大分県,新潟県,1
2017,宮崎県,山形県,1
2017,宮崎県,富山県,1
2017,鹿児島県,富山県,1
2017,沖縄県,和歌山県,1
2018,神奈川県,東京都,22086
2018,埼玉県,東京都,17060
2018,千葉県,東京都,13342
2018,東京都,神奈川県,10336
2018,大阪府,京都府,7320
2018,兵庫県,大阪府,7115
2018,東京都,埼玉県,6381
2018,大阪府,兵庫県,5231
2018,茨城県,東京都,4862
2018,東京都,千葉県,4622
2018,岐阜県,愛知県,4597
2018,静岡県,東京都,3397
2018,奈良県,大阪府,3238
2018,京都府,大阪府,3157
2018,三重県,愛知県,2973
2018,滋賀県,京都府,2822
2018,兵庫県,京都府,2668
2018,栃木県,東京都,2484
2018,群馬県,東京都,2353
2018,長野県,東京都,2257
2018,千葉県,神奈川県,2127
2018,静岡県,神奈川県,2123
2018,北海道,東京都,2112
2018,愛知県,東京都,2111
2018,茨城県,千葉県,2067
2018,埼玉県,神奈川県,1976
2018,埼玉県,千葉県,1959
2018,千葉県,埼玉県,1950
2018,静岡県,愛知県,1924
2018,新潟県,東京都,1897
2018,和歌山県,大阪府,1783
2018,大阪府,奈良県,1715
2018,山梨県,東京都,1665
2018,奈良県,京都府,1585
2018,福島県,東京都,1495
2018,佐賀県,福岡県,1450
2018,愛知県,岐阜県,1445
2018,茨城県,埼玉県,1363
2018,福岡県,東京都,1341
2018,京都府,滋賀県,1340
2018,群馬県,埼玉県,1335
2018,熊本県,福岡県,1326
2018,滋賀県,大阪府,1308
2018,大阪府,東京都,1234
2018,長崎県,福岡県,1231
2018,大阪府,滋賀県,1199
2018,宮城県,東京都,1193
2018,栃木県,埼玉県,1170
2018,鹿児島県,福岡県,1130
2018,愛知県,京都府,1120
2018,茨城県,神奈川県,1102
2018,神奈川県,千葉県,1031
2018,兵庫県,東京都,1003
2018,富山県,石川県,988
2018,大分県,福岡県,980
2018,福島県,宮城県,970
2018,山口県,福岡県,969
2018,長野県,神奈川県,963
2018,神奈川県,埼玉県,896
2018,広島県,岡山県,891
2018,岩手県,宮城県,861
2018,広島県,東京都,860
2018,広島県,大阪府,847
2018,宮崎県,福岡県,844
2018,新潟県,神奈川県,792
2018,山形県,宮城県,787
2018,京都府,兵庫県,774
2018,兵庫県,岡山県,761
2018,栃木県,神奈川県,755
2018,山口県,広島県,735
2018,千葉県,茨城県,732
2018,大阪府,和歌山県,717
2018,北海道,神奈川県,705
2018,愛知県,静岡県,697
2018,群馬県,神奈川県,693
2018,愛知県,三重県,688
2018,福岡県,熊本県,688
2018,長野県,埼玉県,687
2018,福岡県,佐賀県,686
2018,新潟県,埼玉県,674
2018,福岡県,山口県,669
2018,愛知県,神奈川県,666
2018,岡山県,大阪府,648
2018,福島県,神奈川県,642
2018,静岡県,千葉県,641
2018,香川県,大阪府,637
2018,山形県,東京都,629
2018,東京都,北海道,624
2018,愛知県,大阪府,622
2018,鹿児島県,東京都,618
2018,山梨県,神奈川県,617
2018,富山県,東京都,612
2018,青森県,東京都,606
2018,広島県,福岡県,600
2018,長野県,愛知県,598
2018,香川県,岡山県,598
2018,青森県,宮城県,597
2018,広島県,京都府,596
2018,東京都,茨城県,595
2018,岡山県,兵庫県,593
2018,奈良県,兵庫県,589
2018,三重県,大阪府,577
2018,埼玉県,群馬県,575
2018,福島県,埼玉県,572
2018,愛媛県,広島県,568
2018,岡山県,広島県,560
2018,岐阜県,東京都,556
2018,秋田県,宮城県,552
2018,宮城県,山形県,551
2018,沖縄県,東京都,547
2018,岩手県,東京都,538
2018,福岡県,長崎県,533
2018,熊本県,東京都,531
2018,静岡県,京都府,526
2018,栃木県,千葉県,516
2018,島根県,広島県,508
2018,福岡県,京都府,508
2018,岡山県,京都府,507
2018,石川県,東京都,505
2018,岡山県,東京都,503
2018,福岡県,大阪府,496
2018,広島県,兵庫県,492
2018,茨城県,栃木県,490
2018,静岡県,埼玉県,486
2018,愛媛県,大阪府,483
2018,東京都,京都府,475
2018,三重県,京都府,475
2018,長野県,千葉県,472
2018,京都府,東京都,470
2018,三重県,東京都,469
2018,福島県,千葉県,468
2018,北海道,青森県,464
2018,東京都,山梨県,460
2018,秋田県,東京都,458
2018,香川県,兵庫県,454
2018,愛媛県,東京都,446
2018,広島県,山口県,443
2018,京都府,奈良県,440
2018,栃木県,群馬県,439
2018,愛媛県,岡山県,433
2018,兵庫県,滋賀県,432
2018,福井県,京都府,429
2018,愛知県,滋賀県,422
2018,和歌山県,京都府,419
2018,新潟県,千葉県,418
2018,宮城県,神奈川県,416
2018,福岡県,神奈川県,410
2018,宮崎県,東京都,409
2018,北海道,埼玉県,398
2018,埼玉県,茨城県,397
2018,福井県,石川県,396
2018,広島県,愛媛県,395
2018,香川県,京都府,391
2018,長崎県,東京都,387
2018,岡山県,香川県,381
2018,福島県,栃木県,376
2018,鹿児島県,熊本県,376
2018,香川県,東京都,373
2018,北海道,大阪府,363
2018,北海道,京都府,360
2018,石川県,京都府,360
2018,福井県,大阪府,358
2018,青森県,北海道,356
2018,和歌山県,兵庫県,356
2018,兵庫県,広島県,353
2018,岐阜県,京都府,349
2018,群馬県,千葉県,347
2018,山口県,東京都,347
2018,沖縄県,福岡県,346
2018,静岡県,山梨県,339
2018,愛知県,兵庫県,339
2018,東京都,群馬県,337
2018,大阪府,神奈川県,336
2018,福岡県,大分県,332
2018,石川県,富山県,331
2018,富山県,愛知県,329
2018,石川県,大阪府,328
2018,北海道,千葉県,323
2018,山形県,神奈川県,323
2018,長野県,群馬県,321
2018,佐賀県,東京都,319
2018,高知県,大阪府,318
2018,大分県,東京都,316
2018,長野県,石川県,313
2018,兵庫県,徳島県,312
2018,兵庫県,鳥取県,309
2018,奈良県,東京都,308
2018,福井県,愛知県,306
2018,愛媛県,兵庫県,306
2018,山形県,新潟県,305
2018,長野県,山梨県,304
2018,静岡県,大阪府,304
2018,宮城県,埼玉県,302
2018,福岡県,兵庫県,301
2018,宮崎県,熊本県,301
2018,愛知県,北海道,299
2018,兵庫県,奈良県,299
2018,愛知県,長野県,293
2018,福岡県,広島県,291
2018,広島県,神奈川県,289
2018,徳島県,大阪府,288
2018,兵庫県,神奈川県,286
2018,神奈川県,北海道,284
2018,愛知県,富山県,281
2018,鳥取県,大阪府,281
2018,福島県,新潟県,279
2018,岩手県,北海道,275
2018,香川県,広島県,275
2018,福島県,茨城県,273
2018,神奈川県,山梨県,268
2018,東京都,宮城県,266
2018,新潟県,石川県,265
2018,奈良県,滋賀県,264
2018,愛知県,石川県,263
2018,島根県,岡山県,262
2018,高知県,東京都,262
2018,宮城県,岩手県,261
2018,島根県,大阪府,261
2018,石川県,愛知県,260
2018,山梨県,埼玉県,260
2018,山梨県,千葉県,256
2018,長崎県,熊本県,256
2018,群馬県,栃木県,255
2018,福岡県,鹿児島県,255
2018,茨城県,群馬県,254
2018,岩手県,神奈川県,253
2018,愛媛県,京都府,253
2018,青森県,岩手県,251
2018,福井県,東京都,248
2018,長野県,新潟県,244
2018,宮城県,千葉県,243
2018,埼玉県,栃木県,239
2018,高知県,岡山県,239
2018,岩手県,青森県,238
2018,福島県,山形県,238
2018,山口県,大阪府,237
2018,東京都,静岡県,236
2018,愛知県,福井県,235
2018,宮崎県,鹿児島県,232
2018,千葉県,北海道,231
2018,富山県,神奈川県,229
2018,山口県,岡山県,229
2018,富山県,京都府,228
2018,徳島県,兵庫県,227
2018,高知県,兵庫県,227
2018,山口県,京都府,226
2018,佐賀県,長崎県,226
2018,北海道,愛知県,224
2018,愛知県,千葉県,224
2018,新潟県,群馬県,223
2018,長野県,京都府,223
2018,熊本県,神奈川県,223
2018,大分県,熊本県,223
2018,兵庫県,愛知県,222
2018,熊本県,鹿児島県,222
2018,山形県,千葉県,220
2018,岐阜県,滋賀県,220
2018,香川県,愛媛県,220
2018,兵庫県,福岡県,216
2018,茨城県,宮城県,215
2018,岐阜県,大阪府,214
2018,愛媛県,福岡県,213
2018,北海道,兵庫県,210
2018,青森県,神奈川県,209
2018,岡山県,福岡県,209
2018,栃木県,福島県,207
2018,沖縄県,大阪府,207
2018,東京都,大阪府,206
2018,富山県,大阪府,206
2018,神奈川県,静岡県,205
2018,岐阜県,石川県,205
2018,滋賀県,兵庫県,205
2018,茨城県,福島県,203
2018,栃木県,茨城県,203
2018,埼玉県,北海道,203
2018,静岡県,北海道,202
2018,山口県,兵庫県,201
2018,青森県,埼玉県,200
2018,徳島県,京都府,200
2018,兵庫県,北海道,198
2018,高知県,京都府,198
2018,大阪府,北海道,197
2018,神奈川県,京都府,196
2018,秋田県,神奈川県,195
2018,大阪府,愛知県,195
2018,鳥取県,岡山県,195
2018,徳島県,岡山県,195
2018,青森県,千葉県,194
2018,鳥取県,兵庫県,194
2018,山形県,埼玉県,193
2018,大阪府,広島県,193
2018,群馬県,新潟県,192
2018,広島県,島根県,192
2018,北海道,宮城県,191
2018,長崎県,佐賀県,191
2018,宮崎県,大分県,191
2018,愛知県,埼玉県,190
2018,宮城県,福島県,189
2018,徳島県,東京都,189
2018,秋田県,新潟県,188
2018,鹿児島県,大阪府,188
2018,沖縄県,神奈川県,186
2018,佐賀県,熊本県,185
2018,島根県,東京都,184
2018,新潟県,宮城県,181
2018,東京都,長野県,180
2018,三重県,兵庫県,178
2018,鳥取県,京都府,178
2018,和歌山県,東京都,177
2018,愛媛県,徳島県,177
2018,秋田県,青森県,176
2018,兵庫県,高知県,176
2018,秋田県,北海道,175
2018,香川県,徳島県,174
2018,秋田県,岩手県,173
2018,鹿児島県,神奈川県,173
2018,静岡県,茨城県,172
2018,静岡県,長野県,172
2018,岡山県,愛媛県,171
2018,茨城県,北海道,169
2018,岐阜県,神奈川県,168
2018,滋賀県,愛知県,168
2018,埼玉県,宮城県,164
2018,鳥取県,広島県,164
2018,富山県,新潟県,163
2018,大分県,長崎県,163
2018,沖縄県,千葉県,163
2018,福岡県,宮崎県,162
2018,神奈川県,茨城県,161
2018,熊本県,長崎県,161
2018,秋田県,埼玉県,160
2018,鳥取県,東京都,160
2018,鳥取県,島根県,160
2018,島根県,兵庫県,160
2018,鹿児島県,宮崎県,160
2018,千葉県,京都府,159
2018,岩手県,埼玉県,157
2018,栃木県,宮城県,155
2018,岐阜県,静岡県,154
2018,鹿児島県,京都府,154
2018,静岡県,兵庫県,153
2018,福岡県,千葉県,152
2018,石川県,神奈川県,150
2018,愛媛県,神奈川県,150
2018,福岡県,岡山県,148
2018,熊本県,大阪府,148
2018,宮城県,北海道,147
2018,福井県,兵庫県,147
2018,三重県,滋賀県,147
2018,大阪府,福岡県,147
2018,岡山県,山口県,147
2018,愛媛県,香川県,147
2018,滋賀県,東京都,145
2018,大阪府,岡山県,145
2018,神奈川県,群馬県,144
2018,長崎県,山口県,144
2018,長崎県,大分県,143
2018,新潟県,京都府,142
2018,愛知県,広島県,142
2018,福島県,群馬県,141
2018,東京都,愛知県,141
2018,愛媛県,高知県,141
2018,大分県,山口県,141
2018,沖縄県,埼玉県,141
2018,長崎県,鹿児島県,140
2018,岐阜県,富山県,139
2018,静岡県,群馬県,139
2018,島根県,京都府,139
2018,長崎県,広島県,138
2018,鹿児島県,長崎県,138
2018,栃木県,新潟県,137
2018,岡山県,神奈川県,137
2018,鹿児島県,広島県,137
2018,高知県,愛媛県,136
2018,岩手県,千葉県,135
2018,静岡県,石川県,135
2018,静岡県,岐阜県,135
2018,兵庫県,石川県,135
2018,大分県,広島県,135
2018,埼玉県,京都府,133
2018,神奈川県,宮城県,133
2018,三重県,奈良県,133
2018,兵庫県,山口県,133
2018,福岡県,埼玉県,133
2018,熊本県,京都府,133
2018,熊本県,広島県,133
2018,熊本県,大分県,133
2018,群馬県,茨城県,132
2018,埼玉県,山梨県,132
2018,三重県,神奈川県,132
2018,山梨県,長野県,131
2018,宮崎県,長崎県,131
2018,鹿児島県,愛知県,131
2018,石川県,福井県,130
2018,石川県,兵庫県,130
2018,岡山県,高知県,130
2018,岩手県,山形県,129
2018,山形県,福島県,129
2018,広島県,滋賀県,129
2018,大分県,京都府,129
2018,大分県,大阪府,129
2018,千葉県,群馬県,128
2018,千葉県,静岡県,128
2018,広島県,千葉県,127
2018,長野県,富山県,126
2018,岡山県,島根県,126
2018,静岡県,滋賀県,125
2018,秋田県,千葉県,124
2018,三重県,岐阜県,124
2018,京都府,愛知県,124
2018,兵庫県,香川県,124
2018,長崎県,大阪府,124
2018,岩手県,秋田県,122
2018,群馬県,宮城県,122
2018,東京都,兵庫県,122
2018,高知県,徳島県,122
2018,沖縄県,岐阜県,120
2018,沖縄県,愛知県,120
2018,京都府,神奈川県,119
2018,兵庫県,島根県,119
2018,徳島県,香川県,119
2018,岐阜県,長野県,118
2018,大阪府,鳥取県,118
2018,宮崎県,神奈川県,118
2018,新潟県,福島県,117
2018,新潟県,長野県,117
2018,福井県,滋賀県,117
2018,山梨県,静岡県,117
2018,岡山県,徳島県,117
2018,新潟県,山形県,116
2018,熊本県,宮崎県,115
2018,鹿児島県,兵庫県,115
2018,茨城県,京都府,114
2018,富山県,埼玉県,114
2018,大阪府,埼玉県,114
2018,大阪府,徳島県,114
2018,和歌山県,奈良県,114
2018,東京都,栃木県,113
2018,神奈川県,大阪府,113
2018,長野県,静岡県,113
2018,岡山県,鳥取県,113
2018,広島県,愛知県,112
2018,長野県,大阪府,111
2018,福岡県,滋賀県,111
2018,北海道,群馬県,110
2018,愛媛県,愛知県,110
2018,高知県,広島県,110
2018,新潟県,北海道,109
2018,大分県,宮崎県,109
2018,長野県,岐阜県,108
2018,愛知県,福岡県,108
2018,兵庫県,埼玉県,108
2018,香川県,神奈川県,108
2018,青森県,秋田県,107
2018,岩手県,福島県,107
2018,茨城県,静岡県,107
2018,島根県,鳥取県,107
2018,徳島県,愛媛県,107
2018,高知県,神奈川県,107
2018,石川県,新潟県,106
2018,岐阜県,兵庫県,106
2018,大阪府,三重県,106
2018,兵庫県,和歌山県,106
2018,山口県,神奈川県,106
2018,愛媛県,山口県,106
2018,千葉県,宮城県,105
2018,新潟県,富山県,105
2018,三重県,静岡県,105
2018,宮城県,新潟県,104
2018,群馬県,京都府,104
2018,兵庫県,千葉県,104
2018,広島県,埼玉県,104
2018,徳島県,広島県,104
2018,大分県,神奈川県,103
2018,鹿児島県,千葉県,103
2018,茨城県,大阪府,102
2018,奈良県,愛知県,102
2018,島根県,福岡県,102
2018,高知県,香川県,102
2018,長崎県,神奈川県,102
2018,沖縄県,長崎県,102
2018,栃木県,山形県,101
2018,静岡県,宮城県,101
2018,熊本県,佐賀県,101
2018,鹿児島県,埼玉県,101
2018,富山県,千葉県,100
2018,岐阜県,三重県,100
2018,福岡県,愛知県,100
2018,北海道,静岡県,99
2018,青森県,山形県,99
2018,秋田県,山形県,99
2018,東京都,福島県,99
2018,愛知県,茨城県,99
2018,北海道,岩手県,98
2018,栃木県,北海道,98
2018,愛知県,山梨県,98
2018,鹿児島県,山口県,98
2018,宮城県,栃木県,97
2018,富山県,福井県,97
2018,富山県,長野県,97
2018,京都府,広島県,97
2018,大阪府,千葉県,97
2018,徳島県,高知県,97
2018,山形県,栃木県,96
2018,群馬県,長野県,96
2018,福井県,富山県,96
2018,長野県,茨城県,96
2018,宮崎県,京都府,96
2018,沖縄県,岡山県,96
2018,千葉県,山梨県,95
2018,長野県,北海道,95
2018,岐阜県,福井県,95
2018,愛知県,奈良県,95
2018,長崎県,京都府,95
2018,群馬県,石川県,94
2018,滋賀県,岐阜県,94
2018,京都府,岡山県,94
2018,兵庫県,静岡県,94
2018,山形県,北海道,93
2018,静岡県,三重県,93
2018,岡山県,愛知県,93
2018,宮城県,青森県,92
2018,新潟県,秋田県,91
2018,兵庫県,愛媛県,91
2018,島根県,山口県,91
2018,宮崎県,大阪府,91
2018,沖縄県,広島県,91
2018,宮城県,茨城県,90
2018,埼玉県,長野県,90
2018,岐阜県,千葉県,90
2018,茨城県,山梨県,89
2018,広島県,高知県,89
2018,鹿児島県,大分県,89
2018,東京都,福岡県,88
2018,北海道,山梨県,87
2018,静岡県,広島県,87
2018,三重県,石川県,87
2018,和歌山県,滋賀県,87
2018,滋賀県,石川県,86
2018,宮城県,京都府,85
2018,福島県,北海道,85
2018,神奈川県,長野県,85
2018,山梨県,大阪府,85
2018,熊本県,兵庫県,85
2018,静岡県,奈良県,84
2018,奈良県,神奈川県,84
2018,千葉県,愛知県,83
2018,長野県,宮城県,83
2018,北海道,石川県,82
2018,神奈川県,愛知県,82
2018,石川県,滋賀県,82
2018,北海道,茨城県,81
2018,茨城県,愛知県,81
2018,栃木県,秋田県,81
2018,千葉県,大阪府,81
2018,大阪府,石川県,81
2018,香川県,高知県,81
2018,長崎県,宮崎県,81
2018,大分県,兵庫県,81
2018,青森県,群馬県,80
2018,山形県,秋田県,80
2018,京都府,北海道,80
2018,熊本県,埼玉県,80
2018,茨城県,長野県,79
2018,新潟県,茨城県,79
2018,香川県,福岡県,79
2018,宮崎県,広島県,79
2018,茨城県,山形県,78
2018,東京都,大分県,78
2018,福井県,神奈川県,78
2018,大阪府,高知県,78
2018,岡山県,滋賀県,78
2018,長崎県,兵庫県,78
2018,熊本県,千葉県,78
2018,北海道,福岡県,77
2018,宮城県,秋田県,77
2018,秋田県,福島県,77
2018,長崎県,岡山県,77
2018,鹿児島県,岡山県,77
2018,北海道,新潟県,76
2018,群馬県,福島県,76
2018,北海道,山形県,75
2018,大阪府,愛媛県,75
2018,奈良県,和歌山県,75
2018,福岡県,北海道,75
2018,熊本県,山口県,75
2018,岩手県,栃木県,74
2018,岩手県,群馬県,74
2018,山形県,群馬県,74
2018,栃木県,京都府,74
2018,東京都,新潟県,74
2018,新潟県,山梨県,74
2018,三重県,長野県,74
2018,佐賀県,京都府,74
2018,滋賀県,福井県,73
2018,京都府,鳥取県,73
2018,大分県,鹿児島県,73
2018,沖縄県,京都府,73
2018,新潟県,栃木県,72
2018,岐阜県,北海道,72
2018,静岡県,山形県,72
2018,静岡県,新潟県,72
2018,和歌山県,愛知県,72
2018,福岡県,沖縄県,72
2018,青森県,茨城県,71
2018,青森県,新潟県,71
2018,埼玉県,静岡県,71
2018,山梨県,京都府,71
2018,岡山県,千葉県,71
2018,広島県,香川県,71
2018,香川県,愛知県,71
2018,長崎県,千葉県,71
2018,大分県,岡山県,71
2018,富山県,兵庫県,70
2018,東京都,石川県,69
2018,東京都,滋賀県,69
2018,富山県,岐阜県,69
2018,静岡県,福島県,69
2018,大阪府,長野県,69
2018,奈良県,北海道,69
2018,広島県,鳥取県,69
2018,茨城県,新潟県,68
2018,三重県,広島県,68
2018,兵庫県,長野県,68
2018,和歌山県,徳島県,68
2018,佐賀県,山口県,68
2018,宮崎県,山口県,68
2018,沖縄県,山口県,68
2018,群馬県,北海道,67
2018,群馬県,山梨県,67
2018,長野県,栃木県,67
2018,岐阜県,埼玉県,67
2018,三重県,北海道,67
2018,大阪府,岐阜県,67
2018,沖縄県,兵庫県,67
2018,神奈川県,兵庫県,66
2018,新潟県,愛知県,66
2018,石川県,北海道,66
2018,愛知県,高知県,66
2018,滋賀県,神奈川県,66
2018,佐賀県,神奈川県,66
2018,佐賀県,大阪府,66
2018,埼玉県,新潟県,65
2018,東京都,秋田県,65
2018,石川県,千葉県,65
2018,山梨県,愛知県,65
2018,京都府,石川県,65
2018,大阪府,山口県,65
2018,香川県,滋賀県,65
2018,鹿児島県,沖縄県,65
2018,石川県,埼玉県,64
2018,和歌山県,広島県,64
2018,山口県,大分県,64
2018,宮城県,群馬県,63
2018,山形県,岩手県,63
2018,茨城県,秋田県,63
2018,栃木県,山梨県,63
2018,新潟県,大阪府,63
2018,福井県,岐阜県,63
2018,大阪府,静岡県,63
2018,山口県,長崎県,63
2018,徳島県,愛知県,63
2018,沖縄県,熊本県,63
2018,青森県,栃木県,62
2018,岩手県,新潟県,62
2018,秋田県,栃木県,62
2018,京都府,埼玉県,62
2018,和歌山県,岡山県,62
2018,広島県,北海道,62
2018,愛媛県,千葉県,62
2018,佐賀県,大分県,62
2018,宮崎県,千葉県,62
2018,岡山県,埼玉県,61
2018,沖縄県,徳島県,61
2018,千葉県,栃木県,60
2018,愛知県,宮城県,60
2018,鳥取県,福岡県,60
2018,宮崎県,兵庫県,60
2018,秋田県,群馬県,59
2018,茨城県,兵庫県,59
2018,栃木県,静岡県,59
2018,群馬県,静岡県,59
2018,静岡県,富山県,59
2018,京都府,福岡県,59
2018,福島県,秋田県,58
2018,新潟県,静岡県,58
2018,滋賀県,奈良県,58
2018,福岡県,奈良県,58
2018,大分県,佐賀県,58
2018,福島県,岩手県,57
2018,富山県,群馬県,57
2018,愛知県,秋田県,57
2018,北海道,秋田県,56
2018,北海道,滋賀県,56
2018,富山県,山梨県,56
2018,静岡県,栃木県,56
2018,三重県,千葉県,56
2018,岡山県,北海道,56
2018,山口県,埼玉県,56
2018,愛媛県,大分県,56
2018,高知県,福岡県,56
2018,静岡県,福岡県,55
2018,愛知県,鳥取県,55
2018,京都府,福井県,55
2018,福岡県,茨城県,55
2018,宮崎県,佐賀県,55
2018,北海道,広島県,54
2018,山形県,茨城県,54
2018,埼玉県,福島県,54
2018,埼玉県,大阪府,54
2018,東京都,沖縄県,54
2018,石川県,宮城県,54
2018,愛知県,愛媛県,54
2018,三重県,埼玉県,54
2018,大阪府,大分県,54
2018,宮崎県,埼玉県,54
2018,沖縄県,大分県,54
2018,埼玉県,山形県,53
2018,千葉県,長野県,53
2018,愛知県,岡山県,53
2018,兵庫県,大分県,53
2018,奈良県,三重県,53
2018,広島県,奈良県,53
2018,山口県,熊本県,53
2018,高知県,愛知県,53
2018,佐賀県,広島県,53
2018,岩手県,山梨県,52
2018,和歌山県,神奈川県,52
2018,島根県,神奈川県,52
2018,香川県,千葉県,52
2018,青森県,福島県,51
2018,埼玉県,石川県,51
2018,埼玉県,愛知県,51
2018,福井県,埼玉県,51
2018,岐阜県,山梨県,51
2018,愛知県,群馬県,51
2018,大阪府,福井県,51
2018,岡山県,奈良県,51
2018,鹿児島県,佐賀県,51
2018,秋田県,茨城県,50
2018,福島県,京都府,50
2018,富山県,北海道,50
2018,長野県,兵庫県,50
2018,京都府,千葉県,50
2018,京都府,静岡県,50
2018,京都府,高知県,50
2018,大阪府,茨城県,50
2018,広島県,大分県,50
2018,山口県,愛知県,50
2018,愛媛県,埼玉県,50
2018,福井県,新潟県,49
2018,山梨県,群馬県,49
2018,山口県,愛媛県,49
2018,徳島県,神奈川県,49
2018,香川県,奈良県,49
2018,北海道,長野県,48
2018,栃木県,大阪府,48
2018,群馬県,大阪府,48
2018,神奈川県,石川県,48
2018,静岡県,秋田県,48
2018,兵庫県,宮崎県,48
2018,愛媛県,滋賀県,48
2018,佐賀県,兵庫県,48
2018,熊本県,岡山県,48
2018,沖縄県,宮崎県,48
2018,東京都,山形県,47
2018,福井県,千葉県,47
2018,長野県,滋賀県,47
2018,愛知県,宮崎県,47
2018,大阪府,島根県,47
2018,兵庫県,富山県,47
2018,広島県,徳島県,47
2018,高知県,埼玉県,47
2018,高知県,千葉県,47
2018,岐阜県,広島県,46
2018,兵庫県,岐阜県,46
2018,奈良県,広島県,46
2018,鳥取県,神奈川県,46
2018,広島県,茨城県,46
2018,長崎県,愛知県,46
2018,大分県,千葉県,46
2018,岩手県,茨城県,45
2018,宮城県,大阪府,45
2018,東京都,広島県,45
2018,神奈川県,福島県,45
2018,愛知県,山口県,45
2018,京都府,大分県,45
2018,奈良県,埼玉県,45
2018,山口県,千葉県,45
2018,佐賀県,鹿児島県,45
2018,長崎県,埼玉県,45
2018,長崎県,沖縄県,45
2018,北海道,栃木県,44
2018,山形県,青森県,44
2018,栃木県,長野県,44
2018,千葉県,兵庫県,44
2018,富山県,宮城県,44
2018,兵庫県,三重県,44
2018,香川県,埼玉県,44
2018,香川県,山口県,44
2018,沖縄県,茨城県,44
2018,東京都,富山県,43
2018,福井県,静岡県,43
2018,山梨県,宮城県,43
2018,愛媛県,島根県,43
2018,佐賀県,宮崎県,43
2018,宮崎県,愛知県,43
2018,北海道,沖縄県,42
2018,福島県,山梨県,42
2018,埼玉県,秋田県,42
2018,神奈川県,福岡県,42
2018,山梨県,茨城県,42
2018,愛知県,大分県,42
2018,三重県,富山県,42
2018,滋賀県,広島県,42
2018,兵庫県,山梨県,42
2018,鳥取県,山口県,42
2018,千葉県,福島県,41
2018,石川県,岐阜県,41
2018,山梨県,北海道,41
2018,静岡県,島根県,41
2018,愛知県,山形県,41
2018,愛知県,沖縄県,41
2018,京都府,富山県,41
2018,兵庫県,茨城県,41
2018,奈良県,岡山県,41
2018,宮崎県,沖縄県,41
2018,北海道,奈良県,40
2018,北海道,岡山県,40
2018,福島県,静岡県,40
2018,石川県,長野県,40
2018,奈良県,福岡県,40
2018,鳥取県,愛知県,40
2018,山口県,滋賀県,40
2018,宮城県,愛知県,39
2018,栃木県,石川県,39
2018,京都府,三重県,39
2018,和歌山県,高知県,39
2018,広島県,鹿児島県,39
2018,佐賀県,岡山県,39
2018,栃木県,岩手県,38
2018,群馬県,愛知県,38
2018,神奈川県,新潟県,38
2018,福井県,長野県,38
2018,長野県,山形県,38
2018,岐阜県,群馬県,38
2018,愛知県,島根県,38
2018,京都府,長野県,38
2018,京都府,島根県,38
2018,京都府,山口県,38
2018,大阪府,宮城県,38
2018,大阪府,香川県,38
2018,兵庫県,福井県,38
2018,長崎県,高知県,38
2018,大分県,沖縄県,38
2018,茨城県,石川県,37
2018,神奈川県,岩手県,37
2018,神奈川県,栃木県,37
2018,新潟県,兵庫県,37
2018,長野県,三重県,37
2018,京都府,岐阜県,37
2018,大阪府,沖縄県,37
2018,和歌山県,三重県,37
2018,和歌山県,山口県,37
2018,広島県,長崎県,37
2018,山口県,鹿児島県,37
2018,宮城県,山梨県,36
2018,山形県,山梨県,36
2018,群馬県,秋田県,36
2018,東京都,奈良県,36
2018,福井県,広島県,36
2018,静岡県,高知県,36
2018,愛知県,新潟県,36
2018,滋賀県,静岡県,36
2018,兵庫県,長崎県,36
2018,山口県,島根県,36
2018,熊本県,沖縄県,36
2018,北海道,岐阜県,35
2018,千葉県,新潟県,35
2018,東京都,青森県,35
2018,東京都,岩手県,35
2018,神奈川県,大分県,35
2018,山梨県,兵庫県,35
2018,長野県,福島県,35
2018,鳥取県,埼玉県,35
2018,愛媛県,奈良県,35
2018,福岡県,島根県,35
2018,佐賀県,埼玉県,35
2018,宮崎県,岡山県,35
2018,神奈川県,滋賀県,34
2018,新潟県,福井県,34
2018,富山県,静岡県,34
2018,福井県,山梨県,34
2018,山梨県,新潟県,34
2018,岐阜県,奈良県,34
2018,滋賀県,北海道,34
2018,奈良県,千葉県,34
2018,和歌山県,静岡県,34
2018,長崎県,茨城県,34
2018,大分県,愛媛県,34
2018,沖縄県,鹿児島県,34
2018,石川県,広島県,33
2018,長野県,福井県,33
2018,京都府,徳島県,33
2018,京都府,香川県,33
2018,兵庫県,宮城県,33
2018,兵庫県,沖縄県,33
2018,和歌山県,北海道,33
2018,和歌山県,鳥取県,33
2018,島根県,愛媛県,33
2018,佐賀県,愛知県,33
2018,熊本県,北海道,33
2018,大分県,埼玉県,33
2018,北海道,長崎県,32
2018,茨城県,福岡県,32
2018,東京都,愛媛県,32
2018,東京都,鹿児島県,32
2018,石川県,群馬県,32
2018,愛知県,鹿児島県,32
2018,三重県,岡山県,32
2018,三重県,高知県,32
2018,大阪府,秋田県,32
2018,鳥取県,高知県,32
2018,広島県,沖縄県,32
2018,大分県,高知県,32
2018,沖縄県,北海道,32
2018,岩手県,京都府,31
2018,群馬県,山形県,31
2018,石川県,奈良県,31
2018,山梨県,福岡県,31
2018,三重県,福井県,31
2018,兵庫県,鹿児島県,31
2018,島根県,奈良県,31
2018,徳島県,福岡県,31
2018,熊本県,愛知県,31
2018,沖縄県,香川県,31
2018,富山県,滋賀県,30
2018,富山県,奈良県,30
2018,福井県,奈良県,30
2018,長野県,奈良県,30
2018,岐阜県,新潟県,30
2018,静岡県,沖縄県,30
2018,愛知県,福島県,30
2018,滋賀県,岡山県,30
2018,兵庫県,熊本県,30
2018,岡山県,静岡県,30
2018,徳島県,滋賀県,30
2018,徳島県,山口県,30
2018,愛媛県,北海道,30
2018,福岡県,高知県,30
2018,鹿児島県,茨城県,30
2018,宮城県,兵庫県,29
2018,山形県,京都府,29
2018,山形県,大阪府,29
2018,埼玉県,兵庫県,29
2018,埼玉県,福岡県,29
2018,千葉県,秋田県,29
2018,千葉県,石川県,29
2018,神奈川県,秋田県,29
2018,石川県,茨城県,29
2018,愛知県,長崎県,29
2018,京都府,愛媛県,29
2018,鳥取県,奈良県,29
2018,徳島県,奈良県,29
2018,福岡県,静岡県,29
2018,北海道,大分県,28
2018,山形県,静岡県,28
2018,千葉県,福岡県,28
2018,東京都,高知県,28
2018,新潟県,滋賀県,28
2018,静岡県,岡山県,28
2018,滋賀県,富山県,28
2018,京都府,和歌山県,28
2018,大阪府,宮崎県,28
2018,岡山県,茨城県,28
2018,広島県,宮崎県,28
2018,佐賀県,千葉県,28
2018,宮崎県,茨城県,28
2018,鹿児島県,群馬県,28
2018,鹿児島県,静岡県,28
2018,鹿児島県,滋賀県,28
2018,沖縄県,石川県,28
2018,青森県,大阪府,27
2018,茨城県,沖縄県,27
2018,千葉県,山形県,27
2018,千葉県,滋賀県,27
2018,東京都,熊本県,27
2018,石川県,山梨県,27
2018,山梨県,石川県,27
2018,静岡県,山口県,27
2018,三重県,福岡県,27
2018,滋賀県,三重県,27
2018,京都府,茨城県,27
2018,兵庫県,新潟県,27
2018,和歌山県,千葉県,27
2018,鳥取県,滋賀県,27
2018,島根県,高知県,27
2018,広島県,静岡県,27
2018,広島県,熊本県,27
2018,熊本県,滋賀県,27
2018,大分県,愛知県,27
2018,沖縄県,静岡県,27
2018,北海道,山口県,26
2018,宮城県,静岡県,26
2018,福島県,長野県,26
2018,石川県,静岡県,26
2018,岐阜県,岡山県,26
2018,静岡県,鳥取県,26
2018,愛知県,和歌山県,26
2018,大阪府,山梨県,26
2018,島根県,埼玉県,26
2018,島根県,愛知県,26
2018,島根県,香川県,26
2018,愛媛県,静岡県,26
2018,愛媛県,鳥取県,26
2018,高知県,山口県,26
2018,鹿児島県,北海道,26
2018,沖縄県,山梨県,26
2018,北海道,福島県,25
2018,岩手県,愛知県,25
2018,福島県,石川県,25
2018,東京都,岡山県,25
2018,富山県,茨城県,25
2018,岐阜県,茨城県,25
2018,静岡県,福井県,25
2018,鳥取県,愛媛県,25
2018,愛媛県,茨城県,25
2018,北海道,鹿児島県,24
2018,青森県,愛知県,24
2018,宮城県,長野県,24
2018,秋田県,京都府,24
2018,栃木県,兵庫県,24
2018,東京都,山口県,24
2018,神奈川県,鹿児島県,24
2018,新潟県,青森県,24
2018,静岡県,愛媛県,24
2018,三重県,山梨県,24
2018,滋賀県,福岡県,24
2018,大阪府,富山県,24
2018,和歌山県,福岡県,24
2018,徳島県,山梨県,24
2018,香川県,島根県,24
2018,愛媛県,山梨県,24
2018,高知県,滋賀県,24
2018,福岡県,石川県,24
2018,福岡県,山梨県,24
2018,岩手県,静岡県,23
2018,福島県,愛知県,23
2018,茨城県,青森県,23
2018,茨城県,岩手県,23
2018,栃木県,愛知県,23
2018,埼玉県,滋賀県,23
2018,千葉県,広島県,23
2018,石川県,福岡県,23
2018,山梨県,栃木県,23
2018,岐阜県,鳥取県,23
2018,三重県,茨城県,23
2018,三重県,群馬県,23
2018,和歌山県,石川県,23
2018,島根県,千葉県,23
2018,島根県,滋賀県,23
2018,山口県,北海道,23
2018,高知県,奈良県,23
2018,福岡県,愛媛県,23
2018,鹿児島県,山梨県,23
2018,北海道,富山県,22
2018,秋田県,山梨県,22
2018,山形県,石川県,22
2018,福島県,青森県,22
2018,千葉県,大分県,22
2018,東京都,岐阜県,22
2018,東京都,長崎県,22
2018,神奈川県,山形県,22
2018,長野県,福岡県,22
2018,岐阜県,高知県,22
2018,滋賀県,千葉県,22
2018,大阪府,鹿児島県,22
2018,和歌山県,愛媛県,22
2018,広島県,山梨県,22
2018,広島県,岐阜県,22
2018,香川県,北海道,22
2018,長崎県,滋賀県,22
2018,長崎県,島根県,22
2018,熊本県,静岡県,22
2018,熊本県,奈良県,22
2018,群馬県,兵庫県,21
2018,千葉県,熊本県,21
2018,神奈川県,愛媛県,21
2018,新潟県,岐阜県,21
2018,福井県,茨城県,21
2018,静岡県,宮崎県,21
2018,大阪府,熊本県,21
2018,奈良県,宮城県,21
2018,奈良県,長野県,21
2018,鳥取県,静岡県,21
2018,鳥取県,徳島県,21
2018,島根県,長崎県,21
2018,岡山県,石川県,21
2018,山口県,奈良県,21
2018,熊本県,茨城県,21
2018,熊本県,山梨県,21
2018,熊本県,岐阜県,21
2018,宮崎県,静岡県,21
2018,宮崎県,高知県,21
2018,北海道,熊本県,20
2018,秋田県,石川県,20
2018,茨城県,富山県,20
2018,茨城県,滋賀県,20
2018,群馬県,富山県,20
2018,千葉県,沖縄県,20
2018,東京都,宮崎県,20
2018,新潟県,奈良県,20
2018,山梨県,富山県,20
2018,静岡県,岩手県,20
2018,大阪府,群馬県,20
2018,兵庫県,群馬県,20
2018,奈良県,石川県,20
2018,奈良県,徳島県,20
2018,和歌山県,長野県,20
2018,和歌山県,岐阜県,20
2018,岡山県,大分県,20
2018,愛媛県,鹿児島県,20
2018,北海道,高知県,19
2018,青森県,山梨県,19
2018,秋田県,大阪府,19
2018,茨城県,広島県,19
2018,埼玉県,青森県,19
2018,神奈川県,岐阜県,19
2018,神奈川県,奈良県,19
2018,新潟県,岩手県,19
2018,岐阜県,島根県,19
2018,岐阜県,福岡県,19
2018,愛知県,岩手県,19
2018,愛知県,栃木県,19
2018,兵庫県,秋田県,19
2018,奈良県,高知県,19
2018,岡山県,山梨県,19
2018,岡山県,長野県,19
2018,山口県,鳥取県,19
2018,徳島県,千葉県,19
2018,徳島県,静岡県,19
2018,愛媛県,宮崎県,19
2018,長崎県,静岡県,19
2018,大分県,滋賀県,19
2018,鹿児島県,岐阜県,19
2018,沖縄県,長野県,19
2018,沖縄県,高知県,19
2018,青森県,静岡県,18
2018,青森県,京都府,18
2018,宮城県,石川県,18
2018,埼玉県,岩手県,18
2018,埼玉県,沖縄県,18
2018,富山県,広島県,18
2018,福井県,群馬県,18
2018,山梨県,岐阜県,18
2018,山梨県,広島県,18
2018,長野県,秋田県,18
2018,静岡県,鹿児島県,18
2018,滋賀県,埼玉県,18
2018,滋賀県,長野県,18
2018,京都府,沖縄県,18
2018,大阪府,新潟県,18
2018,大阪府,長崎県,18
2018,和歌山県,埼玉県,18
2018,島根県,徳島県,18
2018,広島県,石川県,18
2018,広島県,三重県,18
2018,山口県,佐賀県,18
2018,香川県,静岡県,18
2018,愛媛県,長崎県,18
2018,福岡県,鳥取県,18
2018,福岡県,徳島県,18
2018,佐賀県,沖縄県,18
2018,長崎県,北海道,18
2018,大分県,鳥取県,18
2018,北海道,福井県,17
2018,青森県,兵庫県,17
2018,山形県,富山県,17
2018,福島県,大阪府,17
2018,栃木県,青森県,17
2018,埼玉県,奈良県,17
2018,千葉県,青森県,17
2018,千葉県,岩手県,17
2018,東京都,島根県,17
2018,神奈川県,山口県,17
2018,福井県,福岡県,17
2018,静岡県,熊本県,17
2018,三重県,鳥取県,17
2018,滋賀県,茨城県,17
2018,鳥取県,香川県,17
2018,島根県,静岡県,17
2018,岡山県,宮城県,17
2018,山口県,高知県,17
2018,徳島県,北海道,17
2018,香川県,茨城県,17
2018,愛媛県,沖縄県,17
2018,福岡県,群馬県,17
2018,福岡県,三重県,17
2018,長崎県,鳥取県,17
2018,長崎県,愛媛県,17
2018,熊本県,石川県,17
2018,宮崎県,滋賀県,17
2018,鹿児島県,愛媛県,17
2018,鹿児島県,高知県,17
2018,沖縄県,栃木県,17
2018,岩手県,石川県,16
2018,茨城県,奈良県,16
2018,茨城県,高知県,16
2018,栃木県,富山県,16
2018,埼玉県,富山県,16
2018,埼玉県,岐阜県,16
2018,埼玉県,広島県,16
2018,神奈川県,岡山県,16
2018,福井県,岡山県,16
2018,岐阜県,山口県,16
2018,岐阜県,宮崎県,16
2018,静岡県,徳島県,16
2018,和歌山県,福井県,16
2018,鳥取県,石川県,16
2018,島根県,北海道,16
2018,山口県,茨城県,16
2018,山口県,徳島県,16
2018,徳島県,埼玉県,16
2018,徳島県,島根県,16
2018,愛媛県,石川県,16
2018,福岡県,長野県,16
2018,栃木県,奈良県,15
2018,栃木県,広島県,15
2018,東京都,三重県,15
2018,東京都,鳥取県,15
2018,神奈川県,青森県,15
2018,石川県,岡山県,15
2018,福井県,北海道,15
2018,福井県,三重県,15
2018,長野県,広島県,15
2018,静岡県,和歌山県,15
2018,愛知県,徳島県,15
2018,三重県,島根県,15
2018,滋賀県,高知県,15
2018,奈良県,鳥取県,15
2018,奈良県,山口県,15
2018,鳥取県,茨城県,15
2018,島根県,茨城県,15
2018,広島県,宮城県,15
2018,広島県,佐賀県,15
2018,山口県,香川県,15
2018,愛媛県,熊本県,15
2018,高知県,北海道,15
2018,長崎県,山梨県,15
2018,宮崎県,奈良県,15
2018,沖縄県,群馬県,15
2018,北海道,宮崎県,14
2018,秋田県,愛知県,14
2018,茨城県,鹿児島県,14
2018,群馬県,青森県,14
2018,千葉県,愛媛県,14
2018,神奈川県,広島県,14
2018,神奈川県,長崎県,14
2018,神奈川県,熊本県,14
2018,山梨県,奈良県,14
2018,愛知県,香川県,14
2018,三重県,和歌山県,14
2018,三重県,山口県,14
2018,京都府,長崎県,14
2018,兵庫県,栃木県,14
2018,鳥取県,千葉県,14
2018,島根県,宮崎県,14
2018,岡山県,岐阜県,14
2018,岡山県,鹿児島県,14
2018,広島県,群馬県,14
2018,広島県,長野県,14
2018,広島県,和歌山県,14
2018,徳島県,鳥取県,14
2018,徳島県,大分県,14
2018,愛媛県,長野県,14
2018,高知県,茨城県,14
2018,福岡県,栃木県,14
2018,大分県,奈良県,14
2018,大分県,島根県,14
2018,宮崎県,北海道,14
2018,鹿児島県,宮城県,14
2018,鹿児島県,奈良県,14
2018,北海道,鳥取県,13
2018,青森県,長野県,13
2018,岩手県,長野県,13
2018,埼玉県,大分県,13
2018,千葉県,三重県,13
2018,千葉県,岡山県,13
2018,千葉県,宮崎県,13
2018,東京都,福井県,13
2018,神奈川県,沖縄県,13
2018,富山県,栃木県,13
2018,長野県,青森県,13
2018,岐阜県,秋田県,13
2018,三重県,愛媛県,13
2018,滋賀県,徳島県,13
2018,京都府,宮城県,13
2018,京都府,宮崎県,13
2018,京都府,鹿児島県,13
2018,奈良県,茨城県,13
2018,奈良県,沖縄県,13
2018,和歌山県,茨城県,13
2018,島根県,熊本県,13
2018,岡山県,沖縄県,13
2018,山口県,静岡県,13
2018,山口県,宮崎県,13
2018,徳島県,石川県,13
2018,徳島県,和歌山県,13
2018,高知県,静岡県,13
2018,高知県,大分県,13
2018,福岡県,岐阜県,13
2018,大分県,北海道,13
2018,宮崎県,島根県,13
2018,宮崎県,愛媛県,13
2018,鹿児島県,新潟県,13
2018,沖縄県,三重県,13
2018,青森県,石川県,12
2018,山形県,長野県,12
2018,福島県,兵庫県,12
2018,埼玉県,熊本県,12
2018,埼玉県,鹿児島県,12
2018,神奈川県,高知県,12
2018,神奈川県,宮崎県,12
2018,山梨県,熊本県,12
2018,長野県,鳥取県,12
2018,岐阜県,愛媛県,12
2018,静岡県,青森県,12
2018,静岡県,長崎県,12
2018,静岡県,大分県,12
2018,愛知県,熊本県,12
2018,三重県,香川県,12
2018,滋賀県,鹿児島県,12
2018,京都府,秋田県,12
2018,京都府,群馬県,12
2018,兵庫県,青森県,12
2018,兵庫県,岩手県,12
2018,奈良県,岐阜県,12
2018,奈良県,静岡県,12
2018,鳥取県,北海道,12
2018,鳥取県,長崎県,12
2018,島根県,石川県,12
2018,島根県,山梨県,12
2018,岡山県,和歌山県,12
2018,岡山県,熊本県,12
2018,岡山県,宮崎県,12
2018,山口県,石川県,12
2018,愛媛県,岐阜県,12
2018,佐賀県,茨城県,12
2018,佐賀県,島根県,12
2018,長崎県,長野県,12
2018,熊本県,群馬県,12
2018,熊本県,高知県,12
2018,大分県,茨城県,12
2018,沖縄県,奈良県,12
2018,沖縄県,愛媛県,12
2018,北海道,三重県,11
2018,宮城県,沖縄県,11
2018,山形県,兵庫県,11
2018,栃木県,沖縄県,11
2018,群馬県,滋賀県,11
2018,埼玉県,高知県,11
2018,埼玉県,宮崎県,11
2018,千葉県,岐阜県,11
2018,千葉県,鳥取県,11
2018,東京都,和歌山県,11
2018,東京都,徳島県,11
2018,新潟県,福岡県,11
2018,富山県,秋田県,11
2018,富山県,三重県,11
2018,福井県,島根県,11
2018,長野県,島根県,11
2018,長野県,岡山県,11
2018,岐阜県,長崎県,11
2018,三重県,徳島県,11
2018,三重県,大分県,11
2018,滋賀県,和歌山県,11
2018,滋賀県,島根県,11
2018,京都府,新潟県,11
2018,大阪府,青森県,11
2018,大阪府,福島県,11
2018,兵庫県,福島県,11
2018,兵庫県,佐賀県,11
2018,奈良県,愛媛県,11
2018,奈良県,大分県,11
2018,和歌山県,島根県,11
2018,鳥取県,群馬県,11
2018,島根県,大分県,11
2018,岡山県,群馬県,11
2018,香川県,山梨県,11
2018,香川県,長野県,11
2018,愛媛県,宮城県,11
2018,愛媛県,群馬県,11
2018,福岡県,秋田県,11
2018,福岡県,和歌山県,11
2018,佐賀県,北海道,11
2018,熊本県,三重県,11
2018,大分県,静岡県,11
2018,宮崎県,福島県,11
2018,沖縄県,宮城県,11
2018,沖縄県,滋賀県,11
2018,岩手県,兵庫県,10
2018,宮城県,滋賀県,10
2018,宮城県,福岡県,10
2018,秋田県,長野県,10
2018,茨城県,福井県,10
2018,茨城県,長崎県,10
2018,栃木県,福岡県,10
2018,栃木県,長崎県,10
2018,群馬県,奈良県,10
2018,埼玉県,福井県,10
2018,千葉県,高知県,10
2018,千葉県,長崎県,10
2018,千葉県,鹿児島県,10
2018,神奈川県,島根県,10
2018,長野県,沖縄県,10
2018,岐阜県,山形県,10
2018,岐阜県,熊本県,10
2018,岐阜県,大分県,10
2018,三重県,栃木県,10
2018,三重県,新潟県,10
2018,三重県,長崎県,10
2018,三重県,熊本県,10
2018,滋賀県,鳥取県,10
2018,滋賀県,沖縄県,10
2018,京都府,山梨県,10
2018,大阪府,栃木県,10
2018,奈良県,宮崎県,10
2018,和歌山県,山梨県,10
2018,岡山県,富山県,10
2018,岡山県,長崎県,10
2018,山口県,山梨県,10
2018,徳島県,茨城県,10
2018,香川県,宮城県,10
2018,香川県,長崎県,10
2018,香川県,宮崎県,10
2018,高知県,長野県,10
2018,高知県,島根県,10
2018,福岡県,宮城県,10
2018,福岡県,香川県,10
2018,佐賀県,岐阜県,10
2018,長崎県,石川県,10
2018,熊本県,宮城県,10
2018,熊本県,島根県,10
2018,宮崎県,石川県,10
2018,宮崎県,山梨県,10
2018,鹿児島県,栃木県,10
2018,沖縄県,岩手県,10
2018,沖縄県,新潟県,10
2018,沖縄県,佐賀県,10
2018,北海道,島根県,9
2018,北海道,香川県,9
2018,北海道,愛媛県,9
2018,岩手県,岐阜県,9
2018,岩手県,大阪府,9
2018,宮城県,奈良県,9
2018,宮城県,岡山県,9
2018,秋田県,富山県,9
2018,茨城県,鳥取県,9
2018,千葉県,山口県,9
2018,神奈川県,福井県,9
2018,神奈川県,三重県,9
2018,福井県,鳥取県,9
2018,山梨県,福島県,9
2018,長野県,高知県,9
2018,長野県,熊本県,9
2018,静岡県,香川県,9
2018,三重県,福島県,9
2018,三重県,宮崎県,9
2018,三重県,沖縄県,9
2018,滋賀県,愛媛県,9
2018,滋賀県,大分県,9
2018,京都府,栃木県,9
2018,大阪府,岩手県,9
2018,奈良県,福井県,9
2018,奈良県,山梨県,9
2018,奈良県,島根県,9
2018,和歌山県,群馬県,9
2018,島根県,岐阜県,9
2018,広島県,栃木県,9
2018,香川県,鳥取県,9
2018,福岡県,新潟県,9
2018,佐賀県,山梨県,9
2018,佐賀県,滋賀県,9
2018,長崎県,群馬県,9
2018,大分県,徳島県,9
2018,鹿児島県,島根県,9
2018,鹿児島県,徳島県,9
2018,鹿児島県,香川県,9
2018,北海道,和歌山県,8
2018,秋田県,岐阜県,8
2018,秋田県,静岡県,8
2018,秋田県,沖縄県,8
2018,山形県,愛知県,8
2018,茨城県,岐阜県,8
2018,茨城県,大分県,8
2018,群馬県,福岡県,8
2018,千葉県,奈良県,8
2018,東京都,香川県,8
2018,神奈川県,富山県,8
2018,富山県,山形県,8
2018,富山県,岡山県,8
2018,石川県,栃木県,8
2018,石川県,高知県,8
2018,福井県,宮城県,8
2018,山梨県,秋田県,8
2018,山梨県,滋賀県,8
2018,長野県,長崎県,8
2018,長野県,大分県,8
2018,岐阜県,宮城県,8
2018,岐阜県,鹿児島県,8
2018,滋賀県,新潟県,8
2018,和歌山県,鹿児島県,8
2018,鳥取県,福井県,8
2018,鳥取県,山梨県,8
2018,島根県,長野県,8
2018,岡山県,栃木県,8
2018,広島県,富山県,8
2018,山口県,和歌山県,8
2018,徳島県,岐阜県,8
2018,徳島県,長崎県,8
2018,香川県,石川県,8
2018,香川県,大分県,8
2018,愛媛県,佐賀県,8
2018,高知県,山梨県,8
2018,佐賀県,栃木県,8
2018,佐賀県,新潟県,8
2018,佐賀県,愛媛県,8
2018,長崎県,奈良県,8
2018,大分県,山梨県,8
2018,宮崎県,群馬県,8
2018,宮崎県,岐阜県,8
2018,沖縄県,福井県,8
2018,沖縄県,鳥取県,8
2018,青森県,滋賀県,7
2018,岩手県,富山県,7
2018,岩手県,福岡県,7
2018,宮城県,富山県,7
2018,秋田県,兵庫県,7
2018,茨城県,島根県,7
2018,栃木県,福井県,7
2018,群馬県,岩手県,7
2018,群馬県,広島県,7
2018,埼玉県,三重県,7
2018,埼玉県,岡山県,7
2018,千葉県,富山県,7
2018,新潟県,広島県,7
2018,富山県,青森県,7
2018,富山県,島根県,7
2018,石川県,秋田県,7
2018,石川県,三重県,7
2018,石川県,島根県,7
2018,石川県,沖縄県,7
2018,福井県,愛媛県,7
2018,長野県,山口県,7
2018,長野県,宮崎県,7
2018,岐阜県,沖縄県,7
2018,三重県,秋田県,7
2018,三重県,山形県,7
2018,滋賀県,宮城県,7
2018,京都府,山形県,7
2018,京都府,佐賀県,7
2018,大阪府,山形県,7
2018,兵庫県,山形県,7
2018,奈良県,栃木県,7
2018,奈良県,香川県,7
2018,奈良県,鹿児島県,7
2018,和歌山県,宮城県,7
2018,和歌山県,香川県,7
2018,和歌山県,宮崎県,7
2018,島根県,新潟県,7
2018,山口県,長野県,7
2018,徳島県,三重県,7
2018,香川県,栃木県,7
2018,香川県,三重県,7
2018,香川県,和歌山県,7
2018,香川県,鹿児島県,7
2018,愛媛県,和歌山県,7
2018,高知県,岐阜県,7
2018,高知県,鳥取県,7
2018,福岡県,福井県,7
2018,佐賀県,高知県,7
2018,長崎県,和歌山県,7
2018,長崎県,徳島県,7
2018,沖縄県,福島県,7
2018,沖縄県,島根県,7
2018,青森県,富山県,6
2018,岩手県,福井県,6
2018,宮城県,岐阜県,6
2018,宮城県,高知県,6
2018,山形県,奈良県,6
2018,福島県,富山県,6
2018,福島県,奈良県,6
2018,福島県,沖縄県,6
2018,茨城県,三重県,6
2018,茨城県,岡山県,6
2018,茨城県,熊本県,6
2018,栃木県,岐阜県,6
2018,栃木県,滋賀県,6
2018,栃木県,鳥取県,6
2018,栃木県,愛媛県,6
2018,栃木県,鹿児島県,6
2018,群馬県,福井県,6
2018,群馬県,高知県,6
2018,群馬県,沖縄県,6
2018,埼玉県,鳥取県,6
2018,埼玉県,山口県,6
2018,埼玉県,香川県,6
2018,埼玉県,長崎県,6
2018,千葉県,福井県,6
2018,東京都,佐賀県,6
2018,神奈川県,鳥取県,6
2018,新潟県,岡山県,6
2018,富山県,和歌山県,6
2018,石川県,青森県,6
2018,石川県,大分県,6
2018,福井県,山口県,6
2018,福井県,徳島県,6
2018,山梨県,青森県,6
2018,山梨県,山形県,6
2018,山梨県,三重県,6
2018,山梨県,岡山県,6
2018,山梨県,長崎県,6
2018,長野県,岩手県,6
2018,岐阜県,青森県,6
2018,岐阜県,福島県,6
2018,愛知県,青森県,6
2018,三重県,宮城県,6
2018,滋賀県,山口県,6
2018,滋賀県,香川県,6
2018,滋賀県,宮崎県,6
2018,奈良県,新潟県,6
2018,奈良県,長崎県,6
2018,和歌山県,長崎県,6
2018,鳥取県,三重県,6
2018,鳥取県,大分県,6
2018,鳥取県,沖縄県,6
2018,島根県,宮城県,6
2018,島根県,群馬県,6
2018,島根県,三重県,6
2018,広島県,岩手県,6
2018,広島県,秋田県,6
2018,広島県,新潟県,6
2018,徳島県,宮崎県,6
2018,徳島県,沖縄県,6
2018,香川県,新潟県,6
2018,愛媛県,三重県,6
2018,高知県,栃木県,6
2018,高知県,群馬県,6
2018,高知県,石川県,6
2018,佐賀県,宮城県,6
2018,佐賀県,三重県,6
2018,長崎県,栃木県,6
2018,長崎県,岐阜県,6
2018,長崎県,香川県,6
2018,熊本県,新潟県,6
2018,熊本県,長野県,6
2018,熊本県,徳島県,6
2018,熊本県,愛媛県,6
2018,大分県,栃木県,6
2018,大分県,三重県,6
2018,大分県,香川県,6
2018,宮崎県,宮城県,6
2018,宮崎県,栃木県,6
2018,宮崎県,新潟県,6
2018,宮崎県,長野県,6
2018,宮崎県,三重県,6
2018,鹿児島県,石川県,6
2018,鹿児島県,長野県,6
2018,鹿児島県,三重県,6
2018,沖縄県,富山県,6
2018,北海道,佐賀県,5
2018,青森県,奈良県,5
2018,青森県,沖縄県,5
2018,岩手県,沖縄県,5
2018,宮城県,三重県,5
2018,山形県,熊本県,5
2018,山形県,沖縄県,5
2018,福島県,滋賀県,5
2018,福島県,広島県,5
2018,福島県,福岡県,5
2018,茨城県,山口県,5
2018,茨城県,徳島県,5
2018,茨城県,宮崎県,5
2018,群馬県,島根県,5
2018,埼玉県,徳島県,5
2018,千葉県,島根県,5
2018,新潟県,沖縄県,5
2018,富山県,福岡県,5
2018,石川県,山形県,5
2018,石川県,和歌山県,5
2018,石川県,山口県,5
2018,福井県,栃木県,5
2018,福井県,宮崎県,5
2018,山梨県,沖縄県,5
2018,長野県,愛媛県,5
2018,岐阜県,和歌山県,5
2018,岐阜県,香川県,5
2018,滋賀県,山梨県,5
2018,大阪府,佐賀県,5
2018,奈良県,群馬県,5
2018,和歌山県,栃木県,5
2018,和歌山県,新潟県,5
2018,和歌山県,熊本県,5
2018,和歌山県,大分県,5
2018,鳥取県,長野県,5
2018,島根県,和歌山県,5
2018,島根県,佐賀県,5
2018,岡山県,新潟県,5
2018,岡山県,三重県,5
2018,岡山県,佐賀県,5
2018,山口県,宮城県,5
2018,山口県,栃木県,5
2018,山口県,群馬県,5
2018,徳島県,岩手県,5
2018,徳島県,栃木県,5
2018,徳島県,群馬県,5
2018,徳島県,長野県,5
2018,徳島県,熊本県,5
2018,香川県,福井県,5
2018,香川県,岐阜県,5
2018,愛媛県,新潟県,5
2018,高知県,長崎県,5
2018,高知県,熊本県,5
2018,福岡県,岩手県,5
2018,佐賀県,奈良県,5
2018,佐賀県,鳥取県,5
2018,長崎県,秋田県,5
2018,大分県,群馬県,5
2018,宮崎県,鳥取県,5
2018,宮崎県,徳島県,5
2018,鹿児島県,山形県,5
2018,鹿児島県,福島県,5
2018,鹿児島県,和歌山県,5
2018,沖縄県,秋田県,5
2018,北海道,徳島県,4
2018,青森県,岐阜県,4
2018,岩手県,奈良県,4
2018,宮城県,大分県,4
2018,秋田県,岡山県,4
2018,山形県,島根県,4
2018,山形県,福岡県,4
2018,福島県,岐阜県,4
2018,茨城県,佐賀県,4
2018,栃木県,三重県,4
2018,栃木県,島根県,4
2018,栃木県,岡山県,4
2018,栃木県,大分県,4
2018,栃木県,宮崎県,4
2018,群馬県,岐阜県,4
2018,群馬県,鳥取県,4
2018,群馬県,鹿児島県,4
2018,埼玉県,愛媛県,4
2018,神奈川県,徳島県,4
2018,神奈川県,香川県,4
2018,新潟県,三重県,4
2018,新潟県,山口県,4
2018,新潟県,愛媛県,4
2018,富山県,福島県,4
2018,富山県,鳥取県,4
2018,富山県,山口県,4
2018,富山県,高知県,4
2018,富山県,熊本県,4
2018,石川県,福島県,4
2018,石川県,愛媛県,4
2018,福井県,長崎県,4
2018,福井県,沖縄県,4
2018,山梨県,愛媛県,4
2018,山梨県,高知県,4
2018,山梨県,大分県,4
2018,長野県,和歌山県,4
2018,長野県,徳島県,4
2018,長野県,香川県,4
2018,岐阜県,岩手県,4
2018,岐阜県,徳島県,4
2018,愛知県,佐賀県,4
2018,三重県,鹿児島県,4
2018,滋賀県,秋田県,4
2018,京都府,青森県,4
2018,奈良県,岩手県,4
2018,奈良県,富山県,4
2018,鳥取県,新潟県,4
2018,鳥取県,富山県,4
2018,鳥取県,和歌山県,4
2018,鳥取県,宮崎県,4
2018,島根県,栃木県,4
2018,島根県,沖縄県,4
2018,山口県,沖縄県,4
2018,香川県,秋田県,4
2018,香川県,熊本県,4
2018,愛媛県,富山県,4
2018,愛媛県,福井県,4
2018,高知県,和歌山県,4
2018,福岡県,青森県,4
2018,福岡県,福島県,4
2018,佐賀県,群馬県,4
2018,佐賀県,静岡県,4
2018,長崎県,福井県,4
2018,熊本県,秋田県,4
2018,熊本県,和歌山県,4
2018,熊本県,香川県,4
2018,大分県,山形県,4
2018,大分県,和歌山県,4
2018,宮崎県,富山県,4
2018,宮崎県,和歌山県,4
2018,鹿児島県,岩手県,4
2018,鹿児島県,福井県,4
2018,鹿児島県,鳥取県,4
2018,沖縄県,青森県,4
2018,沖縄県,和歌山県,4
2018,青森県,岡山県,3
2018,青森県,広島県,3
2018,青森県,愛媛県,3
2018,青森県,大分県,3
2018,宮城県,福井県,3
2018,秋田県,広島県,3
2018,山形県,高知県,3
2018,福島県,福井県,3
2018,福島県,岡山県,3
2018,福島県,愛媛県,3
2018,福島県,長崎県,3
2018,福島県,大分県,3
2018,茨城県,和歌山県,3
2018,茨城県,愛媛県,3
2018,栃木県,高知県,3
2018,群馬県,岡山県,3
2018,群馬県,香川県,3
2018,群馬県,熊本県,3
2018,群馬県,大分県,3
2018,千葉県,佐賀県,3
2018,新潟県,長崎県,3
2018,新潟県,熊本県,3
2018,新潟県,大分県,3
2018,富山県,岩手県,3
2018,富山県,徳島県,3
2018,富山県,長崎県,3
2018,富山県,宮崎県,3
2018,富山県,鹿児島県,3
2018,石川県,鳥取県,3
2018,石川県,宮崎県,3
2018,石川県,鹿児島県,3
2018,福井県,和歌山県,3
2018,福井県,大分県,3
2018,山梨県,徳島県,3
2018,山梨県,香川県,3
2018,長野県,鹿児島県,3
2018,岐阜県,栃木県,3
2018,三重県,青森県,3
2018,滋賀県,群馬県,3
2018,京都府,岩手県,3
2018,京都府,福島県,3
2018,京都府,熊本県,3
2018,奈良県,青森県,3
2018,奈良県,秋田県,3
2018,奈良県,福島県,3
2018,和歌山県,青森県,3
2018,和歌山県,富山県,3
2018,和歌山県,沖縄県,3
2018,鳥取県,福島県,3
2018,鳥取県,栃木県,3
2018,鳥取県,岐阜県,3
2018,鳥取県,熊本県,3
2018,島根県,鹿児島県,3
2018,岡山県,岩手県,3
2018,岡山県,山形県,3
2018,岡山県,福井県,3
2018,広島県,福島県,3
2018,山口県,秋田県,3
2018,山口県,三重県,3
2018,徳島県,宮城県,3
2018,徳島県,秋田県,3
2018,徳島県,山形県,3
2018,徳島県,鹿児島県,3
2018,香川県,福島県,3
2018,香川県,群馬県,3
2018,香川県,富山県,3
2018,香川県,沖縄県,3
2018,愛媛県,山形県,3
2018,愛媛県,栃木県,3
2018,高知県,新潟県,3
2018,福岡県,山形県,3
2018,福岡県,富山県,3
2018,佐賀県,岩手県,3
2018,佐賀県,富山県,3
2018,佐賀県,石川県,3
2018,佐賀県,長野県,3
2018,佐賀県,香川県,3
2018,長崎県,宮城県,3
2018,長崎県,新潟県,3
2018,熊本県,栃木県,3
2018,熊本県,鳥取県,3
2018,大分県,福島県,3
2018,大分県,富山県,3
2018,大分県,岐阜県,3
2018,宮崎県,青森県,3
2018,宮崎県,山形県,3
2018,宮崎県,福井県,3
2018,宮崎県,香川県,3
2018,鹿児島県,秋田県,3
2018,沖縄県,山形県,3
2018,岩手県,滋賀県,2
2018,岩手県,愛媛県,2
2018,岩手県,熊本県,2
2018,岩手県,大分県,2
2018,宮城県,広島県,2
2018,宮城県,山口県,2
2018,宮城県,愛媛県,2
2018,宮城県,長崎県,2
2018,宮城県,熊本県,2
2018,秋田県,福井県,2
2018,秋田県,滋賀県,2
2018,秋田県,香川県,2
2018,秋田県,福岡県,2
2018,秋田県,長崎県,2
2018,秋田県,熊本県,2
2018,山形県,岐阜県,2
2018,山形県,滋賀県,2
2018,山形県,広島県,2
2018,山形県,徳島県,2
2018,福島県,三重県,2
2018,福島県,鳥取県,2
2018,福島県,島根県,2
2018,福島県,山口県,2
2018,栃木県,和歌山県,2
2018,群馬県,三重県,2
2018,群馬県,山口県,2
2018,群馬県,長崎県,2
2018,埼玉県,和歌山県,2
2018,千葉県,和歌山県,2
2018,千葉県,徳島県,2
2018,千葉県,香川県,2
2018,神奈川県,和歌山県,2
2018,神奈川県,佐賀県,2
2018,新潟県,鳥取県,2
2018,新潟県,島根県,2
2018,新潟県,徳島県,2
2018,新潟県,鹿児島県,2
2018,富山県,香川県,2
2018,富山県,愛媛県,2
2018,富山県,沖縄県,2
2018,石川県,長崎県,2
2018,石川県,熊本県,2
2018,福井県,秋田県,2
2018,福井県,香川県,2
2018,福井県,鹿児島県,2
2018,山梨県,岩手県,2
2018,山梨県,和歌山県,2
2018,山梨県,山口県,2
2018,山梨県,宮崎県,2
2018,長野県,佐賀県,2
2018,岐阜県,佐賀県,2
2018,静岡県,佐賀県,2
2018,三重県,岩手県,2
2018,滋賀県,岩手県,2
2018,滋賀県,佐賀県,2
2018,滋賀県,長崎県,2
2018,滋賀県,熊本県,2
2018,奈良県,佐賀県,2
2018,和歌山県,岩手県,2
2018,和歌山県,山形県,2
2018,和歌山県,福島県,2
2018,鳥取県,青森県,2
2018,島根県,岩手県,2
2018,島根県,秋田県,2
2018,岡山県,青森県,2
2018,広島県,青森県,2
2018,広島県,山形県,2
2018,山口県,岩手県,2
2018,山口県,新潟県,2
2018,山口県,富山県,2
2018,山口県,岐阜県,2
2018,徳島県,新潟県,2
2018,徳島県,福井県,2
2018,香川県,岩手県,2
2018,愛媛県,秋田県,2
2018,高知県,宮城県,2
2018,高知県,福井県,2
2018,高知県,鹿児島県,2
2018,佐賀県,青森県,2
2018,佐賀県,徳島県,2
2018,長崎県,富山県,2
2018,熊本県,青森県,2
2018,熊本県,富山県,2
2018,熊本県,福井県,2
2018,大分県,岩手県,2
2018,大分県,宮城県,2
2018,大分県,新潟県,2
2018,大分県,長野県,2
2018,鹿児島県,青森県,2
2018,鹿児島県,富山県,2
2018,青森県,和歌山県,1
2018,青森県,鳥取県,1
2018,青森県,山口県,1
2018,青森県,鹿児島県,1
2018,岩手県,三重県,1
2018,岩手県,和歌山県,1
2018,岩手県,島根県,1
2018,岩手県,岡山県,1
2018,岩手県,広島県,1
2018,岩手県,山口県,1
2018,岩手県,徳島県,1
2018,岩手県,高知県,1
2018,岩手県,長崎県,1
2018,宮城県,徳島県,1
2018,秋田県,三重県,1
2018,秋田県,鳥取県,1
2018,秋田県,島根県,1
2018,秋田県,山口県,1
2018,秋田県,愛媛県,1
2018,秋田県,大分県,1
2018,秋田県,鹿児島県,1
2018,山形県,三重県,1
2018,山形県,鳥取県,1
2018,山形県,香川県,1
2018,山形県,愛媛県,1
2018,山形県,長崎県,1
2018,山形県,大分県,1
2018,山形県,鹿児島県,1
2018,福島県,香川県,1
2018,福島県,宮崎県,1
2018,福島県,鹿児島県,1
2018,茨城県,香川県,1
2018,栃木県,香川県,1
2018,栃木県,熊本県,1
2018,群馬県,徳島県,1
2018,群馬県,宮崎県,1
2018,埼玉県,島根県,1
2018,新潟県,高知県,1
2018,新潟県,宮崎県,1
2018,富山県,佐賀県,1
2018,富山県,大分県,1
2018,石川県,岩手県,1
2018,石川県,徳島県,1
2018,石川県,佐賀県,1
2018,福井県,青森県,1
2018,福井県,岩手県,1
2018,福井県,福島県,1
2018,福井県,高知県,1
2018,福井県,熊本県,1
2018,山梨県,鳥取県,1
2018,山梨県,島根県,1
2018,山梨県,鹿児島県,1
2018,三重県,佐賀県,1
2018,滋賀県,青森県,1
2018,滋賀県,山形県,1
2018,滋賀県,栃木県,1
2018,奈良県,山形県,1
2018,奈良県,熊本県,1
2018,鳥取県,宮城県,1
2018,鳥取県,秋田県,1
2018,鳥取県,佐賀県,1
2018,鳥取県,鹿児島県,1
2018,島根県,山形県,1
2018,島根県,福島県,1
2018,岡山県,秋田県,1
2018,岡山県,福島県,1
2018,広島県,福井県,1
2018,徳島県,富山県,1
2018,香川県,青森県,1
2018,香川県,山形県,1
2018,愛媛県,青森県,1
2018,愛媛県,岩手県,1
2018,愛媛県,福島県,1
2018,高知県,福島県,1
2018,高知県,富山県,1
2018,高知県,三重県,1
2018,高知県,佐賀県,1
2018,高知県,沖縄県,1
2018,佐賀県,山形県,1
2018,佐賀県,福島県,1
2018,長崎県,青森県,1
2018,長崎県,岩手県,1
2018,長崎県,福島県,1
2018,熊本県,岩手県,1
2018,熊本県,山形県,1
2018,大分県,青森県,1
2018,大分県,秋田県,1
2018,大分県,石川県,1
2018,大分県,福井県,1
2018,宮崎県,秋田県,1
2019,神奈川県,東京都,22793
2019,埼玉県,東京都,17104
2019,千葉県,東京都,13042
2019,東京都,神奈川県,10288
2019,兵庫県,大阪府,7288
2019,大阪府,京都府,7205
2019,東京都,埼玉県,6233
2019,大阪府,兵庫県,5443
2019,東京都,千葉県,4828
2019,茨城県,東京都,4721
2019,岐阜県,愛知県,4550
2019,京都府,大阪府,3256
2019,静岡県,東京都,3254
2019,奈良県,大阪府,3019
2019,三重県,愛知県,2947
2019,滋賀県,京都府,2893
2019,兵庫県,京都府,2690
2019,栃木県,東京都,2465
2019,群馬県,東京都,2134
2019,長野県,東京都,2123
2019,千葉県,神奈川県,2090
2019,愛知県,東京都,2081
2019,北海道,東京都,2051
2019,静岡県,愛知県,2022
2019,静岡県,神奈川県,2010
2019,埼玉県,神奈川県,1999
2019,埼玉県,千葉県,1979
2019,茨城県,千葉県,1962
2019,千葉県,埼玉県,1859
2019,和歌山県,大阪府,1770
2019,新潟県,東京都,1752
2019,大阪府,奈良県,1643
2019,山梨県,東京都,1541
2019,奈良県,京都府,1504
2019,佐賀県,福岡県,1470
2019,福島県,東京都,1455
2019,愛知県,岐阜県,1396
2019,福岡県,東京都,1351
2019,群馬県,埼玉県,1334
2019,滋賀県,大阪府,1321
2019,京都府,滋賀県,1297
2019,熊本県,福岡県,1296
2019,大阪府,滋賀県,1288
2019,茨城県,埼玉県,1268
2019,大阪府,東京都,1247
2019,栃木県,埼玉県,1169
2019,愛知県,京都府,1155
2019,長崎県,福岡県,1134
2019,宮城県,東京都,1089
2019,大分県,福岡県,1071
2019,鹿児島県,福岡県,1055
2019,福島県,宮城県,1047
2019,茨城県,神奈川県,1035
2019,神奈川県,千葉県,1011
2019,兵庫県,東京都,1006
2019,山口県,福岡県,975
2019,富山県,石川県,937
2019,岩手県,宮城県,931
2019,広島県,岡山県,889
2019,広島県,東京都,880
2019,神奈川県,埼玉県,870
2019,長野県,神奈川県,850
2019,山形県,宮城県,841
2019,広島県,大阪府,824
2019,兵庫県,岡山県,808
2019,京都府,兵庫県,806
2019,宮崎県,福岡県,800
2019,大阪府,和歌山県,773
2019,新潟県,神奈川県,738
2019,千葉県,茨城県,723
2019,愛知県,静岡県,722
2019,栃木県,神奈川県,712
2019,愛知県,三重県,683
2019,山口県,広島県,676
2019,埼玉県,群馬県,675
2019,静岡県,千葉県,672
2019,岡山県,大阪府,671
2019,愛知県,神奈川県,667
2019,福岡県,山口県,666
2019,福岡県,熊本県,660
2019,北海道,神奈川県,650
2019,愛知県,大阪府,646
2019,群馬県,神奈川県,645
2019,東京都,北海道,642
2019,新潟県,埼玉県,640
2019,長野県,愛知県,638
2019,香川県,大阪府,632
2019,岡山県,兵庫県,629
2019,福岡県,佐賀県,625
2019,青森県,宮城県,624
2019,沖縄県,東京都,624
2019,広島県,京都府,620
2019,広島県,福岡県,616
2019,長野県,埼玉県,614
2019,富山県,東京都,612
2019,山梨県,神奈川県,610
2019,岐阜県,東京都,603
2019,岡山県,広島県,600
2019,奈良県,兵庫県,595
2019,香川県,岡山県,593
2019,鹿児島県,東京都,580
2019,三重県,大阪府,578
2019,愛媛県,広島県,577
2019,栃木県,千葉県,575
2019,青森県,東京都,573
2019,福島県,埼玉県,558
2019,茨城県,栃木県,558
2019,秋田県,宮城県,551
2019,静岡県,京都府,551
2019,東京都,茨城県,550
2019,宮城県,山形県,548
2019,福岡県,京都府,548
2019,山形県,東京都,543
2019,島根県,広島県,542
2019,岩手県,東京都,540
2019,福島県,神奈川県,537
2019,東京都,京都府,522
2019,岡山県,東京都,515
2019,福岡県,長崎県,505
2019,東京都,山梨県,500
2019,長野県,千葉県,500
2019,熊本県,東京都,493
2019,岡山県,京都府,487
2019,福岡県,大阪府,480
2019,北海道,青森県,477
2019,石川県,東京都,476
2019,静岡県,埼玉県,474
2019,福島県,千葉県,473
2019,広島県,兵庫県,472
2019,三重県,京都府,468
2019,栃木県,群馬県,467
2019,広島県,山口県,465
2019,京都府,東京都,462
2019,香川県,兵庫県,454
2019,愛媛県,大阪府,452
2019,兵庫県,滋賀県,451
2019,新潟県,千葉県,450
2019,愛媛県,岡山県,450
2019,京都府,奈良県,443
2019,埼玉県,茨城県,441
2019,三重県,東京都,441
2019,福井県,京都府,434
2019,群馬県,千葉県,432
2019,愛媛県,東京都,432
2019,愛知県,滋賀県,424
2019,福岡県,神奈川県,411
2019,秋田県,東京都,410
2019,和歌山県,京都府,402
2019,広島県,愛媛県,402
2019,福島県,栃木県,397
2019,香川県,京都府,396
2019,福井県,石川県,394
2019,宮崎県,東京都,394
2019,北海道,大阪府,393
2019,宮城県,神奈川県,388
2019,長崎県,東京都,372
2019,青森県,北海道,366
2019,香川県,東京都,366
2019,長野県,群馬県,365
2019,鹿児島県,熊本県,365
2019,兵庫県,広島県,364
2019,愛知県,兵庫県,363
2019,岡山県,香川県,358
2019,北海道,埼玉県,357
2019,沖縄県,福岡県,354
2019,岐阜県,京都府,353
2019,北海道,京都府,351
2019,和歌山県,兵庫県,349
2019,北海道,千葉県,345
2019,長野県,山梨県,336
2019,石川県,富山県,330
2019,福岡県,大分県,330
2019,静岡県,大阪府,328
2019,東京都,群馬県,327
2019,静岡県,山梨県,327
2019,大阪府,神奈川県,327
2019,福岡県,兵庫県,326
2019,福島県,新潟県,321
2019,石川県,京都府,320
2019,兵庫県,鳥取県,318
2019,富山県,愛知県,316
2019,宮崎県,熊本県,316
2019,兵庫県,徳島県,315
2019,山口県,東京都,315
2019,宮城県,埼玉県,309
2019,神奈川県,北海道,309
2019,佐賀県,東京都,309
2019,山形県,新潟県,308
2019,福井県,大阪府,308
2019,福井県,愛知県,306
2019,愛知県,北海道,306
2019,奈良県,東京都,306
2019,徳島県,大阪府,306
2019,大分県,東京都,305
2019,東京都,宮城県,304
2019,石川県,大阪府,304
2019,兵庫県,奈良県,303
2019,愛媛県,京都府,303
2019,福井県,東京都,301
2019,愛媛県,兵庫県,299
2019,高知県,東京都,298
2019,鳥取県,大阪府,294
2019,愛知県,長野県,284
2019,長崎県,熊本県,283
2019,香川県,広島県,282
2019,福岡県,広島県,282
2019,高知県,大阪府,281
2019,広島県,神奈川県,279
2019,岩手県,北海道,277
2019,愛知県,石川県,277
2019,宮城県,岩手県,276
2019,新潟県,石川県,275
2019,岩手県,青森県,274
2019,兵庫県,神奈川県,274
2019,島根県,岡山県,274
2019,茨城県,群馬県,273
2019,香川県,愛媛県,273
2019,神奈川県,山梨県,268
2019,長野県,石川県,268
2019,長野県,新潟県,264
2019,宮城県,千葉県,263
2019,東京都,大阪府,262
2019,群馬県,栃木県,261
2019,島根県,大阪府,259
2019,埼玉県,北海道,256
2019,山口県,大阪府,254
2019,福岡県,鹿児島県,252
2019,山口県,岡山県,251
2019,新潟県,群馬県,248
2019,長野県,京都府,247
2019,愛知県,富山県,247
2019,徳島県,兵庫県,246
2019,愛媛県,福岡県,244
2019,沖縄県,大阪府,241
2019,高知県,岡山県,239
2019,宮崎県,鹿児島県,239
2019,東京都,静岡県,236
2019,愛知県,福井県,235
2019,大阪府,愛知県,235
2019,兵庫県,愛知県,235
2019,奈良県,滋賀県,234
2019,岩手県,神奈川県,233
2019,青森県,岩手県,232
2019,埼玉県,栃木県,232
2019,山口県,京都府,232
2019,茨城県,福島県,231
2019,山梨県,埼玉県,231
2019,北海道,兵庫県,230
2019,愛知県,千葉県,228
2019,山梨県,千葉県,227
2019,山形県,神奈川県,226
2019,高知県,兵庫県,226
2019,富山県,京都府,225
2019,大分県,熊本県,224
2019,栃木県,福島県,223
2019,鳥取県,岡山県,221
2019,岡山県,福岡県,221
2019,熊本県,神奈川県,221
2019,千葉県,北海道,220
2019,佐賀県,長崎県,220
2019,宮城県,福島県,219
2019,神奈川県,静岡県,219
2019,青森県,神奈川県,215
2019,岐阜県,石川県,214
2019,滋賀県,兵庫県,214
2019,神奈川県,京都府,213
2019,福島県,茨城県,212
2019,富山県,神奈川県,212
2019,兵庫県,福岡県,211
2019,鹿児島県,神奈川県,211
2019,山形県,千葉県,210
2019,石川県,愛知県,210
2019,秋田県,青森県,209
2019,福島県,山形県,209
2019,大阪府,北海道,207
2019,北海道,愛知県,206
2019,大阪府,広島県,206
2019,鳥取県,兵庫県,206
2019,岐阜県,滋賀県,205
2019,栃木県,茨城県,203
2019,熊本県,鹿児島県,202
2019,鹿児島県,大阪府,202
2019,埼玉県,宮城県,197
2019,静岡県,長野県,197
2019,愛知県,埼玉県,197
2019,鳥取県,京都府,197
2019,岡山県,愛媛県,196
2019,沖縄県,千葉県,195
2019,山形県,埼玉県,194
2019,和歌山県,東京都,194
2019,沖縄県,神奈川県,192
2019,静岡県,北海道,191
2019,高知県,京都府,191
2019,新潟県,宮城県,188
2019,三重県,兵庫県,188
2019,山口県,兵庫県,188
2019,岐阜県,神奈川県,186
2019,岐阜県,大阪府,186
2019,長崎県,佐賀県,186
2019,茨城県,宮城県,183
2019,広島県,島根県,183
2019,佐賀県,熊本県,183
2019,宮崎県,大分県,183
2019,青森県,埼玉県,182
2019,茨城県,北海道,181
2019,鳥取県,島根県,180
2019,秋田県,新潟県,178
2019,東京都,長野県,178
2019,石川県,福井県,178
2019,青森県,千葉県,177
2019,岩手県,千葉県,177
2019,群馬県,新潟県,177
2019,鹿児島県,宮崎県,176
2019,島根県,東京都,175
2019,徳島県,東京都,175
2019,徳島県,京都府,173
2019,滋賀県,愛知県,172
2019,徳島県,岡山県,172
2019,熊本県,京都府,172
2019,千葉県,京都府,171
2019,香川県,徳島県,171
2019,福岡県,宮崎県,171
2019,富山県,新潟県,170
2019,熊本県,大阪府,170
2019,兵庫県,北海道,169
2019,兵庫県,高知県,169
2019,愛媛県,徳島県,169
2019,神奈川県,群馬県,166
2019,福井県,兵庫県,165
2019,滋賀県,東京都,163
2019,兵庫県,山口県,160
2019,岩手県,埼玉県,159
2019,鳥取県,広島県,159
2019,岡山県,山口県,159
2019,愛媛県,香川県,159
2019,熊本県,長崎県,159
2019,大分県,山口県,159
2019,岐阜県,静岡県,158
2019,愛媛県,高知県,158
2019,福岡県,千葉県,158
2019,石川県,兵庫県,157
2019,静岡県,石川県,157
2019,秋田県,岩手県,156
2019,北海道,宮城県,155
2019,愛知県,広島県,155
2019,大阪府,岡山県,154
2019,長崎県,大分県,154
2019,鹿児島県,京都府,154
2019,秋田県,神奈川県,152
2019,静岡県,兵庫県,150
2019,大阪府,福岡県,150
2019,富山県,大阪府,148
2019,静岡県,滋賀県,148
2019,福島県,群馬県,145
2019,高知県,愛媛県,145
2019,三重県,奈良県,144
2019,鹿児島県,広島県,144
2019,宮城県,北海道,143
2019,栃木県,宮城県,143
2019,鳥取県,東京都,143
2019,栃木県,新潟県,142
2019,静岡県,茨城県,142
2019,三重県,神奈川県,142
2019,岡山県,島根県,142
2019,新潟県,京都府,141
2019,秋田県,北海道,140
2019,埼玉県,京都府,139
2019,鹿児島県,長崎県,139
2019,石川県,神奈川県,138
2019,秋田県,埼玉県,137
2019,千葉県,群馬県,137
2019,三重県,滋賀県,137
2019,島根県,兵庫県,137
2019,京都府,神奈川県,136
2019,愛媛県,神奈川県,136
2019,福岡県,岡山県,136
2019,長野県,富山県,135
2019,長野県,静岡県,135
2019,岡山県,神奈川県,135
2019,福岡県,埼玉県,135
2019,大分県,広島県,135
2019,埼玉県,山梨県,133
2019,沖縄県,愛知県,133
2019,岐阜県,富山県,132
2019,岩手県,秋田県,131
2019,東京都,愛知県,131
2019,和歌山県,奈良県,131
2019,群馬県,茨城県,130
2019,神奈川県,茨城県,130
2019,長崎県,広島県,130
2019,熊本県,佐賀県,130
2019,山形県,福島県,129
2019,東京都,兵庫県,129
2019,大阪府,徳島県,129
2019,熊本県,大分県,129
2019,大分県,京都府,129
2019,大分県,長崎県,129
2019,群馬県,宮城県,128
2019,新潟県,長野県,128
2019,茨城県,京都府,125
2019,群馬県,京都府,124
2019,千葉県,宮城県,124
2019,兵庫県,香川県,124
2019,広島県,滋賀県,124
2019,福岡県,愛知県,124
2019,岩手県,山形県,123
2019,奈良県,神奈川県,123
2019,広島県,愛知県,123
2019,新潟県,山形県,122
2019,京都府,愛知県,122
2019,岡山県,鳥取県,122
2019,長崎県,山口県,122
2019,沖縄県,埼玉県,122
2019,千葉県,静岡県,121
2019,愛知県,茨城県,121
2019,兵庫県,島根県,121
2019,山口県,神奈川県,121
2019,徳島県,愛媛県,121
2019,宮崎県,長崎県,121
2019,長野県,大阪府,120
2019,静岡県,岐阜県,120
2019,秋田県,千葉県,119
2019,愛知県,奈良県,119
2019,島根県,京都府,119
2019,岡山県,高知県,119
2019,茨城県,静岡県,118
2019,神奈川県,大阪府,118
2019,山梨県,静岡県,117
2019,三重県,静岡県,117
2019,愛媛県,山口県,117
2019,神奈川県,宮城県,116
2019,徳島県,香川県,116
2019,福岡県,滋賀県,116
2019,富山県,埼玉県,115
2019,高知県,広島県,115
2019,熊本県,広島県,115
2019,鹿児島県,愛知県,115
2019,東京都,栃木県,114
2019,長崎県,大阪府,114
2019,富山県,千葉県,113
2019,石川県,新潟県,113
2019,大阪府,埼玉県,113
2019,大分県,大阪府,113
2019,鹿児島県,山口県,113
2019,愛知県,山梨県,112
2019,奈良県,愛知県,112
2019,高知県,徳島県,112
2019,群馬県,石川県,111
2019,富山県,福井県,111
2019,京都府,岡山県,111
2019,大阪府,千葉県,111
2019,栃木県,北海道,110
2019,東京都,福岡県,110
2019,滋賀県,岐阜県,110
2019,島根県,福岡県,110
2019,栃木県,山形県,109
2019,高知県,香川県,109
2019,鹿児島県,兵庫県,109
2019,埼玉県,長野県,108
2019,新潟県,北海道,108
2019,長崎県,神奈川県,108
2019,長崎県,鹿児島県,108
2019,沖縄県,長崎県,108
2019,静岡県,群馬県,107
2019,兵庫県,石川県,107
2019,愛媛県,愛知県,107
2019,大阪府,高知県,106
2019,兵庫県,愛媛県,106
2019,島根県,山口県,106
2019,神奈川県,長野県,105
2019,岡山県,徳島県,105
2019,広島県,千葉県,105
2019,熊本県,宮崎県,105
2019,宮崎県,大阪府,105
2019,山梨県,長野県,104
2019,徳島県,高知県,104
2019,三重県,岐阜県,103
2019,大阪府,鳥取県,103
2019,徳島県,広島県,103
2019,千葉県,大阪府,102
2019,東京都,新潟県,102
2019,長野県,岐阜県,102
2019,大分県,宮崎県,102
2019,宮城県,京都府,101
2019,静岡県,広島県,101
2019,三重県,石川県,101
2019,岡山県,愛知県,101
2019,秋田県,山形県,100
2019,岐阜県,三重県,100
2019,宮城県,栃木県,99
2019,新潟県,福島県,99
2019,福井県,富山県,99
2019,香川県,神奈川県,99
2019,鹿児島県,千葉県,99
2019,沖縄県,岐阜県,99
2019,宮城県,新潟県,98
2019,福井県,滋賀県,98
2019,兵庫県,千葉県,98
2019,佐賀県,京都府,98
2019,宮城県,茨城県,97
2019,愛知県,福岡県,96
2019,沖縄県,岡山県,96
2019,北海道,静岡県,95
2019,青森県,山形県,95
2019,宮崎県,神奈川県,95
2019,鹿児島県,埼玉県,95
2019,静岡県,宮城県,94
2019,兵庫県,静岡県,94
2019,岐阜県,長野県,93
2019,北海道,岩手県,92
2019,北海道,茨城県,92
2019,山形県,北海道,92
2019,埼玉県,静岡県,92
2019,佐賀県,山口県,92
2019,長崎県,京都府,92
2019,沖縄県,京都府,92
2019,北海道,群馬県,91
2019,茨城県,新潟県,91
2019,新潟県,富山県,91
2019,福井県,神奈川県,91
2019,山梨県,京都府,91
2019,広島県,埼玉県,91
2019,北海道,福岡県,90
2019,山梨県,愛知県,90
2019,岐阜県,兵庫県,90
2019,熊本県,山口県,90
2019,大分県,神奈川県,90
2019,東京都,滋賀県,88
2019,東京都,大分県,88
2019,長野県,北海道,88
2019,京都府,北海道,88
2019,大阪府,石川県,88
2019,島根県,鳥取県,88
2019,熊本県,兵庫県,88
2019,茨城県,山梨県,87
2019,群馬県,北海道,87
2019,千葉県,愛知県,87
2019,大阪府,山口県,87
2019,宮崎県,千葉県,87
2019,北海道,石川県,86
2019,北海道,山梨県,86
2019,宮城県,群馬県,86
2019,埼玉県,大阪府,86
2019,富山県,長野県,86
2019,京都府,鳥取県,86
2019,香川県,高知県,86
2019,青森県,秋田県,85
2019,岐阜県,福井県,85
2019,兵庫県,埼玉県,85
2019,兵庫県,和歌山県,85
2019,茨城県,長野県,84
2019,埼玉県,福島県,84
2019,神奈川県,愛知県,84
2019,新潟県,茨城県,84
2019,静岡県,三重県,84
2019,和歌山県,滋賀県,84
2019,高知県,神奈川県,84
2019,茨城県,大阪府,83
2019,新潟県,大阪府,83
2019,千葉県,山梨県,82
2019,大阪府,三重県,82
2019,兵庫県,長野県,82
2019,佐賀県,神奈川県,82
2019,宮崎県,京都府,82
2019,沖縄県,広島県,82
2019,宮城県,青森県,81
2019,群馬県,福島県,81
2019,広島県,鳥取県,81
2019,広島県,高知県,81
2019,長崎県,宮崎県,81
2019,福島県,北海道,80
2019,東京都,福島県,80
2019,東京都,石川県,80
2019,石川県,千葉県,80
2019,福井県,岐阜県,80
2019,滋賀県,石川県,80
2019,鹿児島県,沖縄県,80
2019,沖縄県,兵庫県,80
2019,茨城県,山形県,79
2019,群馬県,長野県,79
2019,新潟県,秋田県,79
2019,京都府,石川県,79
2019,京都府,広島県,79
2019,岡山県,滋賀県,79
2019,香川県,福岡県,79
2019,長崎県,兵庫県,79
2019,青森県,栃木県,78
2019,神奈川県,兵庫県,77
2019,北海道,山形県,76
2019,山形県,秋田県,76
2019,茨城県,愛知県,76
2019,栃木県,静岡県,76
2019,岐阜県,千葉県,76
2019,奈良県,北海道,76
2019,和歌山県,愛知県,76
2019,大分県,兵庫県,76
2019,広島県,香川県,75
2019,沖縄県,熊本県,74
2019,北海道,新潟県,73
2019,新潟県,栃木県,73
2019,長野県,茨城県,73
2019,静岡県,奈良県,73
2019,大阪府,岐阜県,73
2019,山形県,群馬県,72
2019,栃木県,秋田県,72
2019,山梨県,大阪府,72
2019,大阪府,茨城県,72
2019,青森県,茨城県,71
2019,大阪府,静岡県,71
2019,香川県,滋賀県,71
2019,宮崎県,兵庫県,71
2019,宮城県,秋田県,70
2019,石川県,埼玉県,70
2019,福岡県,沖縄県,70
2019,宮崎県,山口県,70
2019,山形県,栃木県,69
2019,石川県,滋賀県,69
2019,長野県,宮城県,69
2019,愛知県,鳥取県,69
2019,三重県,千葉県,69
2019,香川県,愛知県,69
2019,山形県,岩手県,68
2019,栃木県,京都府,68
2019,静岡県,福島県,68
2019,滋賀県,福井県,68
2019,広島県,北海道,68
2019,大阪府,愛媛県,67
2019,福岡県,北海道,67
2019,鹿児島県,岡山県,67
2019,愛知県,宮城県,66
2019,愛媛県,大分県,66
2019,熊本県,埼玉県,66
2019,宮崎県,広島県,66
2019,岩手県,福島県,65
2019,新潟県,山梨県,65
2019,静岡県,新潟県,65
2019,大阪府,長野県,65
2019,佐賀県,大分県,65
2019,北海道,広島県,64
2019,埼玉県,新潟県,64
2019,富山県,岐阜県,64
2019,山口県,大分県,64
2019,佐賀県,大阪府,64
2019,山形県,青森県,63
2019,千葉県,栃木県,63
2019,千葉県,長野県,63
2019,愛知県,群馬県,63
2019,愛知県,岡山県,63
2019,佐賀県,広島県,63
2019,長崎県,岡山県,63
2019,岩手県,栃木県,62
2019,群馬県,山梨県,62
2019,新潟県,愛知県,62
2019,岐阜県,埼玉県,62
2019,京都府,福岡県,62
2019,大阪府,大分県,62
2019,兵庫県,長崎県,62
2019,鳥取県,福岡県,62
2019,愛媛県,埼玉県,62
2019,長崎県,千葉県,62
2019,福島県,京都府,61
2019,東京都,秋田県,61
2019,静岡県,福岡県,61
2019,三重県,広島県,61
2019,奈良県,和歌山県,61
2019,高知県,福岡県,61
2019,長崎県,愛知県,61
2019,岩手県,群馬県,60
2019,長野県,栃木県,60
2019,静岡県,栃木県,60
2019,京都府,福井県,60
2019,京都府,大分県,60
2019,大阪府,福井県,60
2019,岡山県,千葉県,60
2019,北海道,滋賀県,59
2019,栃木県,長野県,59
2019,富山県,兵庫県,59
2019,和歌山県,岡山県,59
2019,岡山県,北海道,59
2019,鹿児島県,大分県,59
2019,青森県,群馬県,58
2019,青森県,新潟県,58
2019,山形県,茨城県,58
2019,茨城県,兵庫県,58
2019,埼玉県,愛知県,58
2019,石川県,北海道,58
2019,岐阜県,北海道,58
2019,静岡県,秋田県,58
2019,岩手県,茨城県,57
2019,福島県,岩手県,57
2019,福島県,山梨県,57
2019,東京都,山形県,57
2019,長野県,兵庫県,57
2019,静岡県,山形県,57
2019,愛知県,大分県,57
2019,岡山県,埼玉県,57
2019,広島県,大分県,57
2019,愛媛県,滋賀県,57
2019,大分県,鹿児島県,57
2019,北海道,秋田県,56
2019,茨城県,秋田県,56
2019,三重県,長野県,56
2019,滋賀県,広島県,56
2019,兵庫県,茨城県,56
2019,和歌山県,神奈川県,56
2019,岡山県,奈良県,56
2019,山口県,愛知県,56
2019,長崎県,沖縄県,56
2019,青森県,福島県,55
2019,秋田県,福島県,55
2019,秋田県,栃木県,55
2019,富山県,群馬県,55
2019,石川県,長野県,55
2019,山梨県,兵庫県,55
2019,岐阜県,広島県,55
2019,愛知県,高知県,55
2019,三重県,福井県,55
2019,和歌山県,広島県,55
2019,島根県,愛媛県,55
2019,徳島県,神奈川県,55
2019,愛媛県,千葉県,55
2019,福岡県,茨城県,55
2019,沖縄県,徳島県,55
2019,沖縄県,大分県,55
2019,岩手県,山梨県,54
2019,秋田県,群馬県,54
2019,栃木県,山梨県,54
2019,富山県,北海道,54
2019,三重県,富山県,54
2019,兵庫県,福井県,54
2019,沖縄県,山口県,54
2019,富山県,山梨県,53
2019,岐阜県,山梨県,53
2019,滋賀県,奈良県,53
2019,愛知県,沖縄県,52
2019,滋賀県,神奈川県,52
2019,和歌山県,福岡県,52
2019,宮城県,大阪府,51
2019,千葉県,福島県,51
2019,神奈川県,福島県,51
2019,神奈川県,栃木県,51
2019,新潟県,静岡県,51
2019,富山県,宮城県,51
2019,和歌山県,徳島県,51
2019,熊本県,千葉県,51
2019,北海道,岡山県,50
2019,静岡県,富山県,50
2019,京都府,静岡県,50
2019,山口県,長崎県,50
2019,福岡県,奈良県,50
2019,三重県,北海道,49
2019,大阪府,島根県,49
2019,奈良県,三重県,49
2019,奈良県,広島県,49
2019,宮崎県,愛知県,49
2019,宮崎県,佐賀県,49
2019,沖縄県,宮崎県,49
2019,東京都,青森県,48
2019,京都府,埼玉県,48
2019,大阪府,宮城県,48
2019,兵庫県,新潟県,48
2019,兵庫県,岐阜県,48
2019,兵庫県,三重県,48
2019,島根県,神奈川県,48
2019,熊本県,岡山県,48
2019,東京都,富山県,47
2019,山梨県,北海道,47
2019,三重県,岡山県,47
2019,京都府,高知県,47
2019,兵庫県,大分県,47
2019,鳥取県,山口県,47
2019,徳島県,愛知県,47
2019,大分県,佐賀県,47
2019,沖縄県,北海道,47
2019,福島県,秋田県,46
2019,群馬県,静岡県,46
2019,神奈川県,滋賀県,46
2019,神奈川県,大分県,46
2019,愛知県,秋田県,46
2019,愛知県,島根県,46
2019,愛知県,宮崎県,46
2019,島根県,愛知県,46
2019,高知県,奈良県,46
2019,佐賀県,鹿児島県,46
2019,長崎県,埼玉県,46
2019,大分県,岡山県,46
2019,北海道,長野県,45
2019,静岡県,福井県,45
2019,愛知県,新潟県,45
2019,鳥取県,神奈川県,45
2019,山口県,滋賀県,45
2019,山口県,熊本県,45
2019,宮崎県,埼玉県,45
2019,群馬県,山形県,44
2019,山梨県,群馬県,44
2019,京都府,島根県,44
2019,大阪府,香川県,44
2019,宮城県,静岡県,43
2019,秋田県,茨城県,43
2019,東京都,広島県,43
2019,神奈川県,新潟県,43
2019,富山県,滋賀県,43
2019,京都府,千葉県,43
2019,京都府,長野県,43
2019,山口県,千葉県,43
2019,高知県,愛知県,43
2019,北海道,沖縄県,42
2019,宮城県,山梨県,42
2019,茨城県,石川県,42
2019,神奈川県,秋田県,42
2019,長野県,滋賀県,42
2019,愛知県,山形県,42
2019,愛媛県,北海道,42
2019,福島県,青森県,41
2019,神奈川県,石川県,41
2019,山梨県,茨城県,41
2019,京都府,富山県,41
2019,兵庫県,宮城県,41
2019,奈良県,徳島県,41
2019,広島県,奈良県,41
2019,山口県,埼玉県,41
2019,香川県,奈良県,41
2019,高知県,千葉県,41
2019,佐賀県,兵庫県,41
2019,栃木県,大阪府,40
2019,埼玉県,山形県,40
2019,埼玉県,石川県,40
2019,埼玉県,兵庫県,40
2019,石川県,宮城県,40
2019,石川県,静岡県,40
2019,静岡県,沖縄県,40
2019,京都府,徳島県,40
2019,兵庫県,富山県,40
2019,香川県,山口県,40
2019,愛媛県,奈良県,40
2019,愛媛県,島根県,40
2019,熊本県,愛知県,40
2019,大分県,千葉県,40
2019,沖縄県,鹿児島県,40
2019,北海道,奈良県,39
2019,岩手県,新潟県,39
2019,千葉県,兵庫県,39
2019,富山県,静岡県,39
2019,石川県,岐阜県,39
2019,福井県,静岡県,39
2019,長野県,奈良県,39
2019,愛知県,山口県,39
2019,三重県,埼玉県,39
2019,広島県,茨城県,39
2019,徳島県,滋賀県,39
2019,徳島県,福岡県,39
2019,北海道,栃木県,38
2019,北海道,長崎県,38
2019,栃木県,石川県,38
2019,京都府,茨城県,38
2019,奈良県,埼玉県,38
2019,高知県,埼玉県,38
2019,福島県,静岡県,37
2019,群馬県,大阪府,37
2019,富山県,茨城県,37
2019,長野県,山形県,37
2019,岐阜県,茨城県,37
2019,岐阜県,奈良県,37
2019,静岡県,岡山県,37
2019,愛知県,愛媛県,37
2019,京都府,岐阜県,37
2019,大阪府,富山県,37
2019,兵庫県,山梨県,37
2019,兵庫県,沖縄県,37
2019,和歌山県,千葉県,37
2019,広島県,静岡県,37
2019,広島県,長崎県,37
2019,香川県,千葉県,37
2019,佐賀県,宮崎県,37
2019,北海道,鹿児島県,36
2019,千葉県,新潟県,36
2019,千葉県,滋賀県,36
2019,東京都,岩手県,36
2019,新潟県,青森県,36
2019,福井県,千葉県,36
2019,京都府,山口県,36
2019,奈良県,千葉県,36
2019,和歌山県,静岡県,36
2019,和歌山県,三重県,36
2019,山口県,島根県,36
2019,高知県,滋賀県,36
2019,佐賀県,埼玉県,36
2019,熊本県,北海道,36
2019,宮崎県,茨城県,36
2019,北海道,大分県,35
2019,山形県,京都府,35
2019,群馬県,愛知県,35
2019,滋賀県,静岡県,35
2019,滋賀県,岡山県,35
2019,鳥取県,滋賀県,35
2019,広島県,沖縄県,35
2019,熊本県,沖縄県,35
2019,大分県,沖縄県,35
2019,鹿児島県,佐賀県,35
2019,埼玉県,秋田県,34
2019,東京都,愛媛県,34
2019,東京都,高知県,34
2019,神奈川県,福岡県,34
2019,新潟県,兵庫県,34
2019,石川県,群馬県,34
2019,福井県,広島県,34
2019,静岡県,高知県,34
2019,大阪府,鹿児島県,34
2019,兵庫県,宮崎県,34
2019,岡山県,静岡県,34
2019,広島県,徳島県,34
2019,香川県,埼玉県,34
2019,宮崎県,岡山県,34
2019,沖縄県,茨城県,34
2019,沖縄県,香川県,34
2019,山形県,石川県,33
2019,群馬県,富山県,33
2019,千葉県,秋田県,33
2019,東京都,岡山県,33
2019,福井県,埼玉県,33
2019,長野県,三重県,33
2019,京都府,三重県,33
2019,京都府,愛媛県,33
2019,島根県,滋賀県,33
2019,島根県,奈良県,33
2019,岡山県,大分県,33
2019,広島県,宮崎県,33
2019,愛媛県,茨城県,33
2019,愛媛県,静岡県,33
2019,宮城県,石川県,32
2019,宮城県,愛知県,32
2019,茨城県,岩手県,32
2019,栃木県,岩手県,32
2019,栃木県,兵庫県,32
2019,千葉県,山形県,32
2019,東京都,奈良県,32
2019,福井県,奈良県,32
2019,山梨県,宮城県,32
2019,静岡県,山口県,32
2019,大阪府,山梨県,32
2019,大阪府,沖縄県,32
2019,沖縄県,静岡県,32
2019,青森県,大阪府,31
2019,秋田県,石川県,31
2019,福島県,石川県,31
2019,埼玉県,福岡県,31
2019,東京都,長崎県,31
2019,神奈川県,岩手県,31
2019,新潟県,福井県,31
2019,石川県,山梨県,31
2019,三重県,山梨県,31
2019,大阪府,新潟県,31
2019,和歌山県,北海道,31
2019,宮崎県,沖縄県,31
2019,沖縄県,石川県,31
2019,栃木県,愛知県,30
2019,千葉県,石川県,30
2019,千葉県,福岡県,30
2019,東京都,沖縄県,30
2019,富山県,奈良県,30
2019,福井県,山梨県,30
2019,福井県,長野県,30
2019,山梨県,栃木県,30
2019,静岡県,島根県,30
2019,愛知県,岩手県,30
2019,三重県,高知県,30
2019,奈良県,岡山県,30
2019,和歌山県,山口県,30
2019,岡山県,石川県,30
2019,広島県,岐阜県,30
2019,徳島県,山口県,30
2019,岩手県,京都府,29
2019,茨城県,沖縄県,29
2019,群馬県,秋田県,29
2019,東京都,熊本県,29
2019,石川県,奈良県,29
2019,福井県,新潟県,29
2019,三重県,福岡県,29
2019,和歌山県,鳥取県,29
2019,和歌山県,高知県,29
2019,鳥取県,徳島県,29
2019,鳥取県,愛媛県,29
2019,鳥取県,高知県,29
2019,広島県,熊本県,29
2019,香川県,北海道,29
2019,長崎県,島根県,29
2019,宮崎県,静岡県,29
2019,宮崎県,高知県,29
2019,鹿児島県,静岡県,29
2019,北海道,富山県,28
2019,青森県,京都府,28
2019,茨城県,滋賀県,28
2019,埼玉県,富山県,28
2019,埼玉県,滋賀県,28
2019,東京都,鹿児島県,28
2019,山梨県,新潟県,28
2019,長野県,福島県,28
2019,岐阜県,鳥取県,28
2019,奈良県,福岡県,28
2019,鳥取県,奈良県,28
2019,山口県,愛媛県,28
2019,愛媛県,山梨県,28
2019,愛媛県,沖縄県,28
2019,福岡県,山梨県,28
2019,佐賀県,岡山県,28
2019,大分県,埼玉県,28
2019,大分県,愛知県,28
2019,大分県,愛媛県,28
2019,岩手県,静岡県,27
2019,福島県,大阪府,27
2019,神奈川県,広島県,27
2019,滋賀県,北海道,27
2019,滋賀県,長野県,27
2019,滋賀県,三重県,27
2019,奈良県,石川県,27
2019,鳥取県,愛知県,27
2019,島根県,香川県,27
2019,広島県,石川県,27
2019,徳島県,奈良県,27
2019,熊本県,茨城県,27
2019,熊本県,滋賀県,27
2019,青森県,山梨県,26
2019,宮城県,兵庫県,26
2019,石川県,広島県,26
2019,山梨県,石川県,26
2019,岐阜県,群馬県,26
2019,岐阜県,岡山県,26
2019,三重県,茨城県,26
2019,滋賀県,福岡県,26
2019,奈良県,宮城県,26
2019,和歌山県,石川県,26
2019,広島県,山梨県,26
2019,山口県,奈良県,26
2019,香川県,島根県,26
2019,長崎県,高知県,26
2019,茨城県,青森県,25
2019,茨城県,福岡県,25
2019,千葉県,熊本県,25
2019,神奈川県,沖縄県,25
2019,新潟県,岐阜県,25
2019,福井県,群馬県,25
2019,福井県,福岡県,25
2019,長野県,福井県,25
2019,愛知県,鹿児島県,25
2019,大阪府,宮崎県,25
2019,兵庫県,鹿児島県,25
2019,島根県,埼玉県,25
2019,福岡県,静岡県,25
2019,鹿児島県,北海道,25
2019,北海道,岐阜県,24
2019,青森県,愛知県,24
2019,福島県,長野県,24
2019,埼玉県,岩手県,24
2019,千葉県,大分県,24
2019,静岡県,鳥取県,24
2019,愛知県,福島県,24
2019,滋賀県,富山県,24
2019,兵庫県,熊本県,24
2019,奈良県,茨城県,24
2019,奈良県,鳥取県,24
2019,岡山県,長崎県,24
2019,大分県,北海道,24
2019,鹿児島県,茨城県,24
2019,沖縄県,栃木県,24
2019,沖縄県,山梨県,24
2019,沖縄県,佐賀県,24
2019,北海道,山口県,23
2019,山形県,山梨県,23
2019,山形県,静岡県,23
2019,福島県,愛知県,23
2019,東京都,山口県,23
2019,神奈川県,山形県,23
2019,新潟県,岩手県,23
2019,京都府,鹿児島県,23
2019,大阪府,秋田県,23
2019,島根県,徳島県,23
2019,岡山県,茨城県,23
2019,香川県,鳥取県,23
2019,愛媛県,鳥取県,23
2019,愛媛県,宮崎県,23
2019,高知県,山口県,23
2019,福岡県,岐阜県,23
2019,佐賀県,千葉県,23
2019,大分県,高知県,23
2019,鹿児島県,山梨県,23
2019,鹿児島県,岐阜県,23
2019,鹿児島県,滋賀県,23
2019,沖縄県,長野県,23
2019,北海道,福島県,22
2019,宮城県,長野県,22
2019,茨城県,広島県,22
2019,埼玉県,奈良県,22
2019,山梨県,福岡県,22
2019,三重県,山口県,22
2019,滋賀県,千葉県,22
2019,奈良県,高知県,22
2019,和歌山県,岐阜県,22
2019,鳥取県,静岡県,22
2019,岡山県,岐阜県,22
2019,広島県,佐賀県,22
2019,広島県,鹿児島県,22
2019,山口県,静岡県,22
2019,山口県,宮崎県,22
2019,徳島県,静岡県,22
2019,長崎県,静岡県,22
2019,秋田県,山梨県,21
2019,茨城県,奈良県,21
2019,千葉県,岩手県,21
2019,千葉県,富山県,21
2019,富山県,広島県,21
2019,長野県,秋田県,21
2019,愛知県,徳島県,21
2019,愛知県,長崎県,21
2019,京都府,香川県,21
2019,大阪府,長崎県,21
2019,奈良県,岐阜県,21
2019,奈良県,静岡県,21
2019,鳥取県,千葉県,21
2019,香川県,静岡県,21
2019,愛媛県,岐阜県,21
2019,高知県,静岡県,21
2019,福岡県,群馬県,21
2019,福岡県,高知県,21
2019,長崎県,茨城県,21
2019,長崎県,滋賀県,21
2019,鹿児島県,群馬県,21
2019,沖縄県,愛媛県,21
2019,北海道,熊本県,20
2019,山形県,愛知県,20
2019,埼玉県,広島県,20
2019,東京都,宮崎県,20
2019,神奈川県,高知県,20
2019,岐阜県,新潟県,20
2019,静岡県,岩手県,20
2019,静岡県,愛媛県,20
2019,滋賀県,高知県,20
2019,兵庫県,群馬県,20
2019,和歌山県,埼玉県,20
2019,島根県,千葉県,20
2019,島根県,高知県,20
2019,島根県,宮崎県,20
2019,山口県,鹿児島県,20
2019,徳島県,北海道,20
2019,愛媛県,鹿児島県,20
2019,青森県,静岡県,19
2019,栃木県,青森県,19
2019,埼玉県,青森県,19
2019,千葉県,沖縄県,19
2019,東京都,岐阜県,19
2019,新潟県,滋賀県,19
2019,山梨県,広島県,19
2019,岐阜県,高知県,19
2019,愛知県,栃木県,19
2019,三重県,鳥取県,19
2019,滋賀県,埼玉県,19
2019,京都府,山梨県,19
2019,鳥取県,埼玉県,19
2019,鳥取県,香川県,19
2019,島根県,大分県,19
2019,岡山県,山梨県,19
2019,岡山県,宮崎県,19
2019,岡山県,沖縄県,19
2019,広島県,長野県,19
2019,徳島県,千葉県,19
2019,愛媛県,熊本県,19
2019,長崎県,奈良県,19
2019,大分県,滋賀県,19
2019,鹿児島県,奈良県,19
2019,北海道,宮崎県,18
2019,青森県,石川県,18
2019,秋田県,大阪府,18
2019,群馬県,岩手県,18
2019,群馬県,滋賀県,18
2019,埼玉県,沖縄県,18
2019,神奈川県,山口県,18
2019,神奈川県,長崎県,18
2019,神奈川県,鹿児島県,18
2019,富山県,福岡県,18
2019,石川県,茨城県,18
2019,石川県,岡山県,18
2019,福井県,茨城県,18
2019,長野県,岩手県,18
2019,長野県,福岡県,18
2019,岐阜県,秋田県,18
2019,岐阜県,福島県,18
2019,岐阜県,山口県,18
2019,岐阜県,福岡県,18
2019,静岡県,青森県,18
2019,愛知県,和歌山県,18
2019,奈良県,山口県,18
2019,島根県,静岡県,18
2019,山口県,北海道,18
2019,高知県,北海道,18
2019,福岡県,宮城県,18
2019,福岡県,島根県,18
2019,大分県,島根県,18
2019,宮崎県,岐阜県,18
2019,鹿児島県,宮城県,18
2019,沖縄県,群馬県,18
2019,北海道,愛媛県,17
2019,秋田県,京都府,17
2019,山形県,大阪府,17
2019,福島県,兵庫県,17
2019,茨城県,高知県,17
2019,栃木県,広島県,17
2019,群馬県,兵庫県,17
2019,千葉県,奈良県,17
2019,東京都,島根県,17
2019,神奈川県,富山県,17
2019,神奈川県,愛媛県,17
2019,福井県,岡山県,17
2019,山梨県,奈良県,17
2019,岐阜県,宮城県,17
2019,岐阜県,島根県,17
2019,静岡県,大分県,17
2019,愛知県,青森県,17
2019,京都府,新潟県,17
2019,大阪府,群馬県,17
2019,大阪府,熊本県,17
2019,島根県,長崎県,17
2019,岡山県,三重県,17
2019,広島県,宮城県,17
2019,徳島県,石川県,17
2019,徳島県,山梨県,17
2019,香川県,宮城県,17
2019,長崎県,山梨県,17
2019,熊本県,群馬県,17
2019,熊本県,岐阜県,17
2019,熊本県,静岡県,17
2019,大分県,奈良県,17
2019,宮城県,滋賀県,16
2019,茨城県,岡山県,16
2019,埼玉県,愛媛県,16
2019,千葉県,三重県,16
2019,東京都,福井県,16
2019,東京都,鳥取県,16
2019,神奈川県,青森県,16
2019,新潟県,奈良県,16
2019,福井県,北海道,16
2019,長野県,青森県,16
2019,長野県,広島県,16
2019,愛知県,熊本県,16
2019,滋賀県,鳥取県,16
2019,京都府,宮崎県,16
2019,京都府,沖縄県,16
2019,兵庫県,秋田県,16
2019,和歌山県,長野県,16
2019,和歌山県,愛媛県,16
2019,広島県,群馬県,16
2019,徳島県,埼玉県,16
2019,香川県,石川県,16
2019,福岡県,長野県,16
2019,佐賀県,滋賀県,16
2019,宮崎県,奈良県,16
2019,鹿児島県,高知県,16
2019,沖縄県,宮城県,16
2019,青森県,長野県,15
2019,岩手県,愛知県,15
2019,秋田県,長野県,15
2019,栃木県,滋賀県,15
2019,埼玉県,大分県,15
2019,神奈川県,岡山県,15
2019,福井県,三重県,15
2019,長野県,高知県,15
2019,静岡県,鹿児島県,15
2019,京都府,和歌山県,15
2019,山口県,茨城県,15
2019,山口県,鳥取県,15
2019,山口県,香川県,15
2019,徳島県,島根県,15
2019,愛媛県,長崎県,15
2019,福岡県,和歌山県,15
2019,福岡県,愛媛県,15
2019,宮崎県,島根県,15
2019,山形県,長野県,14
2019,茨城県,宮崎県,14
2019,茨城県,鹿児島県,14
2019,栃木県,奈良県,14
2019,千葉県,山口県,14
2019,千葉県,愛媛県,14
2019,東京都,三重県,14
2019,神奈川県,奈良県,14
2019,神奈川県,宮崎県,14
2019,富山県,栃木県,14
2019,福井県,鳥取県,14
2019,山梨県,秋田県,14
2019,山梨県,福島県,14
2019,静岡県,長崎県,14
2019,三重県,愛媛県,14
2019,滋賀県,山口県,14
2019,大阪府,岩手県,14
2019,奈良県,長野県,14
2019,奈良県,大分県,14
2019,島根県,石川県,14
2019,島根県,岐阜県,14
2019,広島県,和歌山県,14
2019,香川県,山梨県,14
2019,愛媛県,群馬県,14
2019,愛媛県,石川県,14
2019,高知県,山梨県,14
2019,福岡県,栃木県,14
2019,福岡県,石川県,14
2019,熊本県,島根県,14
2019,大分県,鳥取県,14
2019,鹿児島県,栃木県,14
2019,沖縄県,奈良県,14
2019,岩手県,長野県,13
2019,宮城県,福岡県,13
2019,秋田県,兵庫県,13
2019,福島県,富山県,13
2019,福島県,奈良県,13
2019,栃木県,福岡県,13
2019,埼玉県,島根県,13
2019,埼玉県,長崎県,13
2019,千葉県,岐阜県,13
2019,新潟県,福岡県,13
2019,山梨県,岐阜県,13
2019,長野県,岡山県,13
2019,岐阜県,栃木県,13
2019,静岡県,和歌山県,13
2019,静岡県,熊本県,13
2019,三重県,群馬県,13
2019,京都府,宮城県,13
2019,兵庫県,青森県,13
2019,兵庫県,福島県,13
2019,奈良県,愛媛県,13
2019,鳥取県,茨城県,13
2019,島根県,北海道,13
2019,島根県,熊本県,13
2019,岡山県,宮城県,13
2019,岡山県,長野県,13
2019,岡山県,熊本県,13
2019,山口県,山梨県,13
2019,高知県,茨城県,13
2019,長崎県,北海道,13
2019,鹿児島県,愛媛県,13
2019,沖縄県,三重県,13
2019,北海道,高知県,12
2019,岩手県,石川県,12
2019,宮城県,奈良県,12
2019,茨城県,長崎県,12
2019,栃木県,富山県,12
2019,埼玉県,鹿児島県,12
2019,千葉県,広島県,12
2019,千葉県,高知県,12
2019,千葉県,長崎県,12
2019,東京都,徳島県,12
2019,富山県,福島県,12
2019,福井県,島根県,12
2019,山梨県,富山県,12
2019,愛知県,香川県,12
2019,三重県,和歌山県,12
2019,滋賀県,島根県,12
2019,大阪府,福島県,12
2019,和歌山県,香川県,12
2019,和歌山県,鹿児島県,12
2019,島根県,鹿児島県,12
2019,山口県,高知県,12
2019,愛媛県,宮城県,12
2019,高知県,大分県,12
2019,福岡県,徳島県,12
2019,佐賀県,山梨県,12
2019,佐賀県,愛知県,12
2019,熊本県,山梨県,12
2019,大分県,茨城県,12
2019,宮崎県,山梨県,12
2019,北海道,福井県,11
2019,青森県,兵庫県,11
2019,茨城県,富山県,11
2019,茨城県,三重県,11
2019,茨城県,大分県,11
2019,群馬県,青森県,11
2019,埼玉県,高知県,11
2019,千葉県,青森県,11
2019,千葉県,岡山県,11
2019,神奈川県,岐阜県,11
2019,石川県,秋田県,11
2019,石川県,三重県,11
2019,石川県,島根県,11
2019,石川県,福岡県,11
2019,山梨県,滋賀県,11
2019,山梨県,岡山県,11
2019,山梨県,熊本県,11
2019,岐阜県,宮崎県,11
2019,岐阜県,沖縄県,11
2019,静岡県,宮崎県,11
2019,三重県,宮城県,11
2019,三重県,福島県,11
2019,三重県,徳島県,11
2019,滋賀県,茨城県,11
2019,滋賀県,大分県,11
2019,大阪府,青森県,11
2019,兵庫県,佐賀県,11
2019,奈良県,富山県,11
2019,奈良県,福井県,11
2019,和歌山県,茨城県,11
2019,和歌山県,福井県,11
2019,和歌山県,山梨県,11
2019,徳島県,茨城県,11
2019,徳島県,鳥取県,11
2019,香川県,茨城県,11
2019,香川県,群馬県,11
2019,香川県,岐阜県,11
2019,香川県,長崎県,11
2019,香川県,大分県,11
2019,香川県,宮崎県,11
2019,佐賀県,高知県,11
2019,佐賀県,沖縄県,11
2019,熊本県,奈良県,11
2019,鹿児島県,石川県,11
2019,鹿児島県,徳島県,11
2019,岩手県,兵庫県,10
2019,群馬県,広島県,10
2019,埼玉県,山口県,10
2019,千葉県,宮崎県,10
2019,神奈川県,熊本県,10
2019,新潟県,三重県,10
2019,富山県,秋田県,10
2019,長野県,宮崎県,10
2019,岐阜県,長崎県,10
2019,三重県,島根県,10
2019,三重県,香川県,10
2019,滋賀県,香川県,10
2019,大阪府,山形県,10
2019,奈良県,山梨県,10
2019,和歌山県,大分県,10
2019,島根県,茨城県,10
2019,岡山県,群馬県,10
2019,岡山県,和歌山県,10
2019,山口県,佐賀県,10
2019,香川県,三重県,10
2019,香川県,和歌山県,10
2019,愛媛県,栃木県,10
2019,愛媛県,和歌山県,10
2019,福岡県,三重県,10
2019,佐賀県,茨城県,10
2019,長崎県,宮城県,10
2019,長崎県,群馬県,10
2019,長崎県,新潟県,10
2019,長崎県,鳥取県,10
2019,熊本県,栃木県,10
2019,熊本県,石川県,10
2019,熊本県,高知県,10
2019,宮崎県,群馬県,10
2019,鹿児島県,鳥取県,10
2019,沖縄県,新潟県,10
2019,沖縄県,富山県,10
2019,北海道,和歌山県,9
2019,北海道,島根県,9
2019,秋田県,富山県,9
2019,秋田県,静岡県,9
2019,秋田県,愛知県,9
2019,山形県,岐阜県,9
2019,群馬県,福井県,9
2019,群馬県,福岡県,9
2019,埼玉県,福井県,9
2019,千葉県,島根県,9
2019,東京都,和歌山県,9
2019,東京都,香川県,9
2019,神奈川県,島根県,9
2019,富山県,山形県,9
2019,石川県,栃木県,9
2019,長野県,鳥取県,9
2019,岐阜県,愛媛県,9
2019,滋賀県,宮城県,9
2019,滋賀県,和歌山県,9
2019,滋賀県,愛媛県,9
2019,京都府,長崎県,9
2019,奈良県,香川県,9
2019,奈良県,長崎県,9
2019,和歌山県,宮城県,9
2019,和歌山県,島根県,9
2019,鳥取県,石川県,9
2019,鳥取県,長野県,9
2019,鳥取県,長崎県,9
2019,島根県,栃木県,9
2019,島根県,山梨県,9
2019,広島県,三重県,9
2019,山口県,群馬県,9
2019,山口県,長野県,9
2019,徳島県,岐阜県,9
2019,徳島県,長崎県,9
2019,香川県,新潟県,9
2019,高知県,群馬県,9
2019,高知県,宮崎県,9
2019,福岡県,鳥取県,9
2019,佐賀県,奈良県,9
2019,大分県,徳島県,9
2019,大分県,香川県,9
2019,宮崎県,北海道,9
2019,宮崎県,石川県,9
2019,宮崎県,香川県,9
2019,宮崎県,愛媛県,9
2019,鹿児島県,新潟県,9
2019,鹿児島県,三重県,9
2019,沖縄県,滋賀県,9
2019,北海道,三重県,8
2019,岩手県,大阪府,8
2019,茨城県,島根県,8
2019,埼玉県,岡山県,8
2019,埼玉県,宮崎県,8
2019,神奈川県,三重県,8
2019,福井県,宮城県,8
2019,福井県,栃木県,8
2019,福井県,高知県,8
2019,福井県,大分県,8
2019,山梨県,山形県,8
2019,山梨県,島根県,8
2019,長野県,山口県,8
2019,長野県,沖縄県,8
2019,岐阜県,山形県,8
2019,岐阜県,和歌山県,8
2019,静岡県,徳島県,8
2019,静岡県,香川県,8
2019,三重県,秋田県,8
2019,三重県,山形県,8
2019,三重県,栃木県,8
2019,大阪府,佐賀県,8
2019,兵庫県,岩手県,8
2019,奈良県,沖縄県,8
2019,鳥取県,北海道,8
2019,鳥取県,福井県,8
2019,鳥取県,熊本県,8
2019,島根県,三重県,8
2019,岡山県,福井県,8
2019,広島県,新潟県,8
2019,山口県,栃木県,8
2019,徳島県,宮城県,8
2019,香川県,熊本県,8
2019,愛媛県,三重県,8
2019,高知県,岐阜県,8
2019,福岡県,福島県,8
2019,佐賀県,香川県,8
2019,長崎県,栃木県,8
2019,長崎県,石川県,8
2019,長崎県,長野県,8
2019,長崎県,岐阜県,8
2019,長崎県,徳島県,8
2019,熊本県,長野県,8
2019,宮崎県,栃木県,8
2019,宮崎県,滋賀県,8
2019,沖縄県,島根県,8
2019,北海道,徳島県,7
2019,北海道,香川県,7
2019,岩手県,富山県,7
2019,宮城県,沖縄県,7
2019,山形県,沖縄県,7
2019,福島県,滋賀県,7
2019,栃木県,島根県,7
2019,栃木県,岡山県,7
2019,栃木県,熊本県,7
2019,栃木県,沖縄県,7
2019,群馬県,島根県,7
2019,埼玉県,熊本県,7
2019,千葉県,鹿児島県,7
2019,神奈川県,鳥取県,7
2019,新潟県,岡山県,7
2019,新潟県,熊本県,7
2019,富山県,岡山県,7
2019,石川県,和歌山県,7
2019,石川県,鳥取県,7
2019,石川県,熊本県,7
2019,福井県,和歌山県,7
2019,山梨県,長崎県,7
2019,長野県,島根県,7
2019,長野県,熊本県,7
2019,岐阜県,徳島県,7
2019,岐阜県,香川県,7
2019,三重県,熊本県,7
2019,三重県,宮崎県,7
2019,滋賀県,栃木県,7
2019,京都府,栃木県,7
2019,京都府,群馬県,7
2019,大阪府,栃木県,7
2019,兵庫県,山形県,7
2019,和歌山県,宮崎県,7
2019,鳥取県,山梨県,7
2019,岡山県,栃木県,7
2019,岡山県,佐賀県,7
2019,岡山県,鹿児島県,7
2019,広島県,福島県,7
2019,山口県,徳島県,7
2019,徳島県,群馬県,7
2019,徳島県,大分県,7
2019,香川県,栃木県,7
2019,愛媛県,新潟県,7
2019,高知県,島根県,7
2019,高知県,鹿児島県,7
2019,福岡県,秋田県,7
2019,福岡県,新潟県,7
2019,福岡県,香川県,7
2019,佐賀県,北海道,7
2019,佐賀県,新潟県,7
2019,佐賀県,静岡県,7
2019,佐賀県,島根県,7
2019,佐賀県,愛媛県,7
2019,熊本県,宮城県,7
2019,熊本県,愛媛県,7
2019,大分県,石川県,7
2019,大分県,岐阜県,7
2019,大分県,静岡県,7
2019,鹿児島県,島根県,7
2019,沖縄県,福井県,7
2019,沖縄県,高知県,7
2019,岩手県,沖縄県,6
2019,宮城県,富山県,6
2019,秋田県,奈良県,6
2019,山形県,富山県,6
2019,福島県,岐阜県,6
2019,茨城県,鳥取県,6
2019,茨城県,香川県,6
2019,茨城県,熊本県,6
2019,群馬県,奈良県,6
2019,埼玉県,鳥取県,6
2019,埼玉県,徳島県,6
2019,千葉県,福井県,6
2019,新潟県,鳥取県,6
2019,新潟県,沖縄県,6
2019,富山県,岩手県,6
2019,富山県,三重県,6
2019,富山県,大分県,6
2019,石川県,沖縄県,6
2019,福井県,山口県,6
2019,山梨県,鹿児島県,6
2019,山梨県,沖縄県,6
2019,岐阜県,大分県,6
2019,三重県,大分県,6
2019,三重県,沖縄県,6
2019,滋賀県,新潟県,6
2019,奈良県,宮崎県,6
2019,奈良県,鹿児島県,6
2019,和歌山県,栃木県,6
2019,和歌山県,新潟県,6
2019,和歌山県,熊本県,6
2019,和歌山県,沖縄県,6
2019,島根県,和歌山県,6
2019,岡山県,山形県,6
2019,広島県,栃木県,6
2019,山口県,新潟県,6
2019,山口県,三重県,6
2019,徳島県,長野県,6
2019,徳島県,和歌山県,6
2019,徳島県,沖縄県,6
2019,愛媛県,長野県,6
2019,福岡県,富山県,6
2019,熊本県,秋田県,6
2019,熊本県,新潟県,6
2019,熊本県,鳥取県,6
2019,大分県,山梨県,6
2019,宮崎県,新潟県,6
2019,宮崎県,長野県,6
2019,宮崎県,三重県,6
2019,鹿児島県,和歌山県,6
2019,鹿児島県,香川県,6
2019,沖縄県,岩手県,6
2019,沖縄県,福島県,6
2019,沖縄県,和歌山県,6
2019,北海道,佐賀県,5
2019,青森県,岐阜県,5
2019,岩手県,福井県,5
2019,宮城県,鳥取県,5
2019,宮城県,高知県,5
2019,秋田県,岐阜県,5
2019,秋田県,滋賀県,5
2019,山形県,福井県,5
2019,山形県,滋賀県,5
2019,山形県,奈良県,5
2019,福島県,広島県,5
2019,福島県,沖縄県,5
2019,茨城県,愛媛県,5
2019,栃木県,岐阜県,5
2019,栃木県,愛媛県,5
2019,栃木県,高知県,5
2019,栃木県,宮崎県,5
2019,群馬県,鹿児島県,5
2019,群馬県,沖縄県,5
2019,千葉県,徳島県,5
2019,千葉県,香川県,5
2019,東京都,佐賀県,5
2019,神奈川県,徳島県,5
2019,新潟県,島根県,5
2019,新潟県,広島県,5
2019,新潟県,高知県,5
2019,新潟県,鹿児島県,5
2019,富山県,和歌山県,5
2019,富山県,山口県,5
2019,富山県,沖縄県,5
2019,石川県,福島県,5
2019,石川県,徳島県,5
2019,石川県,高知県,5
2019,石川県,長崎県,5
2019,石川県,宮崎県,5
2019,福井県,徳島県,5
2019,山梨県,青森県,5
2019,長野県,香川県,5
2019,長野県,愛媛県,5
2019,長野県,鹿児島県,5
2019,岐阜県,青森県,5
2019,岐阜県,岩手県,5
2019,三重県,長崎県,5
2019,滋賀県,群馬県,5
2019,滋賀県,山梨県,5
2019,滋賀県,徳島県,5
2019,滋賀県,宮崎県,5
2019,滋賀県,鹿児島県,5
2019,京都府,山形県,5
2019,兵庫県,栃木県,5
2019,奈良県,秋田県,5
2019,奈良県,栃木県,5
2019,奈良県,新潟県,5
2019,奈良県,島根県,5
2019,和歌山県,富山県,5
2019,鳥取県,岐阜県,5
2019,島根県,新潟県,5
2019,島根県,富山県,5
2019,島根県,福井県,5
2019,島根県,沖縄県,5
2019,岡山県,新潟県,5
2019,広島県,秋田県,5
2019,広島県,富山県,5
2019,徳島県,三重県,5
2019,香川県,長野県,5
2019,香川県,鹿児島県,5
2019,香川県,沖縄県,5
2019,愛媛県,福島県,5
2019,愛媛県,福井県,5
2019,福岡県,岩手県,5
2019,福岡県,山形県,5
2019,佐賀県,石川県,5
2019,佐賀県,長野県,5
2019,佐賀県,岐阜県,5
2019,佐賀県,鳥取県,5
2019,長崎県,香川県,5
2019,長崎県,愛媛県,5
2019,熊本県,三重県,5
2019,大分県,栃木県,5
2019,宮崎県,山形県,5
2019,鹿児島県,秋田県,5
2019,鹿児島県,福島県,5
2019,沖縄県,山形県,5
2019,北海道,鳥取県,4
2019,青森県,滋賀県,4
2019,青森県,福岡県,4
2019,宮城県,広島県,4
2019,秋田県,広島県,4
2019,山形県,兵庫県,4
2019,茨城県,岐阜県,4
2019,栃木県,福井県,4
2019,栃木県,大分県,4
2019,栃木県,鹿児島県,4
2019,群馬県,熊本県,4
2019,埼玉県,岐阜県,4
2019,埼玉県,三重県,4
2019,千葉県,鳥取県,4
2019,神奈川県,和歌山県,4
2019,新潟県,長崎県,4
2019,富山県,熊本県,4
2019,石川県,青森県,4
2019,石川県,愛媛県,4
2019,石川県,鹿児島県,4
2019,福井県,福島県,4
2019,山梨県,三重県,4
2019,山梨県,山口県,4
2019,山梨県,大分県,4
2019,長野県,長崎県,4
2019,岐阜県,熊本県,4
2019,静岡県,佐賀県,4
2019,三重県,新潟県,4
2019,三重県,鹿児島県,4
2019,滋賀県,青森県,4
2019,京都府,秋田県,4
2019,京都府,福島県,4
2019,和歌山県,秋田県,4
2019,和歌山県,長崎県,4
2019,鳥取県,三重県,4
2019,鳥取県,和歌山県,4
2019,鳥取県,宮崎県,4
2019,鳥取県,沖縄県,4
2019,島根県,秋田県,4
2019,島根県,群馬県,4
2019,島根県,長野県,4
2019,岡山県,岩手県,4
2019,岡山県,秋田県,4
2019,岡山県,福島県,4
2019,広島県,青森県,4
2019,広島県,岩手県,4
2019,山口県,宮城県,4
2019,山口県,秋田県,4
2019,山口県,岐阜県,4
2019,山口県,沖縄県,4
2019,徳島県,宮崎県,4
2019,香川県,山形県,4
2019,香川県,福井県,4
2019,高知県,新潟県,4
2019,高知県,和歌山県,4
2019,佐賀県,栃木県,4
2019,長崎県,岩手県,4
2019,長崎県,秋田県,4
2019,大分県,和歌山県,4
2019,鹿児島県,長野県,4
2019,沖縄県,青森県,4
2019,青森県,富山県,3
2019,青森県,広島県,3
2019,青森県,熊本県,3
2019,岩手県,岐阜県,3
2019,岩手県,滋賀県,3
2019,岩手県,奈良県,3
2019,岩手県,福岡県,3
2019,宮城県,岐阜県,3
2019,宮城県,三重県,3
2019,宮城県,岡山県,3
2019,宮城県,山口県,3
2019,宮城県,大分県,3
2019,宮城県,鹿児島県,3
2019,秋田県,福井県,3
2019,秋田県,岡山県,3
2019,山形県,岡山県,3
2019,山形県,福岡県,3
2019,茨城県,福井県,3
2019,茨城県,山口県,3
2019,茨城県,佐賀県,3
2019,栃木県,鳥取県,3
2019,群馬県,岐阜県,3
2019,群馬県,山口県,3
2019,群馬県,大分県,3
2019,神奈川県,福井県,3
2019,新潟県,山口県,3
2019,富山県,島根県,3
2019,富山県,香川県,3
2019,石川県,岩手県,3
2019,石川県,山形県,3
2019,石川県,山口県,3
2019,福井県,香川県,3
2019,福井県,沖縄県,3
2019,山梨県,福井県,3
2019,山梨県,和歌山県,3
2019,山梨県,徳島県,3
2019,山梨県,香川県,3
2019,山梨県,高知県,3
2019,岐阜県,鹿児島県,3
2019,滋賀県,沖縄県,3
2019,京都府,青森県,3
2019,京都府,佐賀県,3
2019,京都府,熊本県,3
2019,奈良県,青森県,3
2019,奈良県,山形県,3
2019,鳥取県,宮城県,3
2019,鳥取県,山形県,3
2019,鳥取県,栃木県,3
2019,鳥取県,新潟県,3
2019,鳥取県,富山県,3
2019,鳥取県,大分県,3
2019,鳥取県,鹿児島県,3
2019,島根県,佐賀県,3
2019,岡山県,青森県,3
2019,広島県,福井県,3
2019,山口県,富山県,3
2019,山口県,石川県,3
2019,山口県,和歌山県,3
2019,徳島県,栃木県,3
2019,徳島県,新潟県,3
2019,徳島県,熊本県,3
2019,徳島県,鹿児島県,3
2019,香川県,秋田県,3
2019,愛媛県,青森県,3
2019,愛媛県,岩手県,3
2019,愛媛県,佐賀県,3
2019,高知県,宮城県,3
2019,高知県,栃木県,3
2019,高知県,富山県,3
2019,高知県,鳥取県,3
2019,福岡県,青森県,3
2019,福岡県,福井県,3
2019,佐賀県,岩手県,3
2019,佐賀県,秋田県,3
2019,佐賀県,群馬県,3
2019,佐賀県,徳島県,3
2019,長崎県,福島県,3
2019,長崎県,三重県,3
2019,熊本県,福島県,3
2019,熊本県,香川県,3
2019,大分県,福島県,3
2019,大分県,群馬県,3
2019,大分県,新潟県,3
2019,宮崎県,福島県,3
2019,宮崎県,富山県,3
2019,宮崎県,福井県,3
2019,宮崎県,鳥取県,3
2019,沖縄県,秋田県,3
2019,沖縄県,鳥取県,3
2019,青森県,三重県,2
2019,青森県,奈良県,2
2019,青森県,長崎県,2
2019,岩手県,鳥取県,2
2019,岩手県,広島県,2
2019,岩手県,愛媛県,2
2019,岩手県,高知県,2
2019,宮城県,福井県,2
2019,宮城県,和歌山県,2
2019,宮城県,長崎県,2
2019,秋田県,沖縄県,2
2019,山形県,三重県,2
2019,山形県,広島県,2
2019,山形県,鹿児島県,2
2019,福島県,三重県,2
2019,福島県,鳥取県,2
2019,福島県,岡山県,2
2019,福島県,山口県,2
2019,福島県,高知県,2
2019,福島県,福岡県,2
2019,福島県,長崎県,2
2019,福島県,大分県,2
2019,福島県,宮崎県,2
2019,茨城県,徳島県,2
2019,栃木県,徳島県,2
2019,栃木県,香川県,2
2019,群馬県,鳥取県,2
2019,群馬県,岡山県,2
2019,群馬県,愛媛県,2
2019,群馬県,高知県,2
2019,群馬県,長崎県,2
2019,埼玉県,和歌山県,2
2019,千葉県,和歌山県,2
2019,神奈川県,香川県,2
2019,神奈川県,佐賀県,2
2019,新潟県,和歌山県,2
2019,新潟県,徳島県,2
2019,新潟県,大分県,2
2019,富山県,鳥取県,2
2019,富山県,愛媛県,2
2019,富山県,高知県,2
2019,富山県,宮崎県,2
2019,石川県,大分県,2
2019,福井県,岩手県,2
2019,福井県,秋田県,2
2019,福井県,熊本県,2
2019,福井県,宮崎県,2
2019,山梨県,岩手県,2
2019,山梨県,愛媛県,2
2019,長野県,和歌山県,2
2019,長野県,徳島県,2
2019,長野県,佐賀県,2
2019,長野県,大分県,2
2019,三重県,青森県,2
2019,三重県,岩手県,2
2019,滋賀県,山形県,2
2019,滋賀県,長崎県,2
2019,京都府,岩手県,2
2019,奈良県,岩手県,2
2019,奈良県,佐賀県,2
2019,奈良県,熊本県,2
2019,和歌山県,山形県,2
2019,島根県,福島県,2
2019,岡山県,富山県,2
2019,徳島県,青森県,2
2019,徳島県,山形県,2
2019,徳島県,富山県,2
2019,香川県,青森県,2
2019,香川県,福島県,2
2019,香川県,富山県,2
2019,愛媛県,秋田県,2
2019,高知県,青森県,2
2019,高知県,石川県,2
2019,高知県,長野県,2
2019,高知県,三重県,2
2019,高知県,長崎県,2
2019,高知県,熊本県,2
2019,高知県,沖縄県,2
2019,佐賀県,青森県,2
2019,佐賀県,富山県,2
2019,佐賀県,三重県,2
2019,佐賀県,和歌山県,2
2019,長崎県,富山県,2
2019,熊本県,和歌山県,2
2019,熊本県,徳島県,2
2019,大分県,宮城県,2
2019,大分県,山形県,2
2019,大分県,長野県,2
2019,宮崎県,青森県,2
2019,宮崎県,秋田県,2
2019,宮崎県,和歌山県,2
2019,宮崎県,徳島県,2
2019,鹿児島県,青森県,2
2019,鹿児島県,岩手県,2
2019,鹿児島県,富山県,2
2019,鹿児島県,福井県,2
2019,青森県,和歌山県,1
2019,青森県,鳥取県,1
2019,青森県,香川県,1
2019,青森県,大分県,1
2019,青森県,沖縄県,1
2019,岩手県,和歌山県,1
2019,岩手県,島根県,1
2019,岩手県,山口県,1
2019,岩手県,徳島県,1
2019,岩手県,長崎県,1
2019,岩手県,熊本県,1
2019,岩手県,大分県,1
2019,岩手県,宮崎県,1
2019,岩手県,鹿児島県,1
2019,宮城県,島根県,1
2019,宮城県,徳島県,1
2019,宮城県,愛媛県,1
2019,宮城県,佐賀県,1
2019,宮城県,宮崎県,1
2019,秋田県,三重県,1
2019,秋田県,香川県,1
2019,秋田県,愛媛県,1
2019,秋田県,高知県,1
2019,秋田県,福岡県,1
2019,秋田県,熊本県,1
2019,秋田県,大分県,1
2019,山形県,山口県,1
2019,山形県,大分県,1
2019,山形県,宮崎県,1
2019,福島県,徳島県,1
2019,福島県,熊本県,1
2019,福島県,鹿児島県,1
2019,栃木県,三重県,1
2019,栃木県,和歌山県,1
2019,栃木県,山口県,1
2019,栃木県,佐賀県,1
2019,群馬県,三重県,1
2019,群馬県,和歌山県,1
2019,群馬県,徳島県,1
2019,群馬県,香川県,1
2019,群馬県,宮崎県,1
2019,埼玉県,香川県,1
2019,埼玉県,佐賀県,1
2019,新潟県,香川県,1
2019,新潟県,愛媛県,1
2019,新潟県,宮崎県,1
2019,富山県,青森県,1
2019,富山県,徳島県,1
2019,富山県,長崎県,1
2019,富山県,鹿児島県,1
2019,石川県,香川県,1
2019,福井県,青森県,1
2019,福井県,山形県,1
2019,山梨県,佐賀県,1
2019,山梨県,宮崎県,1
2019,三重県,佐賀県,1
2019,滋賀県,福島県,1
2019,滋賀県,熊本県,1
2019,奈良県,福島県,1
2019,奈良県,群馬県,1
2019,和歌山県,岩手県,1
2019,和歌山県,群馬県,1
2019,和歌山県,佐賀県,1
2019,鳥取県,青森県,1
2019,鳥取県,秋田県,1
2019,鳥取県,福島県,1
2019,鳥取県,群馬県,1
2019,島根県,青森県,1
2019,島根県,岩手県,1
2019,島根県,宮城県,1
2019,島根県,山形県,1
2019,広島県,山形県,1
2019,山口県,福島県,1
2019,山口県,福井県,1
2019,徳島県,岩手県,1
2019,徳島県,秋田県,1
2019,徳島県,福島県,1
2019,香川県,岩手県,1
2019,香川県,佐賀県,1
2019,愛媛県,山形県,1
2019,愛媛県,富山県,1
2019,高知県,福井県,1
2019,佐賀県,宮城県,1
2019,佐賀県,福井県,1
2019,長崎県,青森県,1
2019,長崎県,山形県,1
2019,熊本県,青森県,1
2019,熊本県,岩手県,1
2019,熊本県,富山県,1
2019,大分県,青森県,1
2019,大分県,秋田県,1
2019,大分県,富山県,1
2019,大分県,福井県,1
2019,大分県,三重県,1
2019,宮崎県,岩手県,1
2019,宮崎県,宮城県,1
2019,鹿児島県,山形県,1
2020,神奈川県,東京都,22437
2020,埼玉県,東京都,17332
2020,千葉県,東京都,13295
2020,東京都,神奈川県,10133
2020,兵庫県,大阪府,7506
2020,大阪府,京都府,7182
2020,東京都,埼玉県,6164
2020,大阪府,兵庫県,5362
2020,茨城県,東京都,4837
2020,東京都,千葉県,4828
2020,岐阜県,愛知県,4557
2020,静岡県,東京都,3348
2020,京都府,大阪府,3267
2020,奈良県,大阪府,3157
2020,三重県,愛知県,2996
2020,滋賀県,京都府,2975
2020,兵庫県,京都府,2771
2020,栃木県,東京都,2405
2020,群馬県,東京都,2325
2020,北海道,東京都,2258
2020,長野県,東京都,2197
2020,静岡県,神奈川県,2104
2020,千葉県,神奈川県,2101
2020,静岡県,愛知県,2060
2020,埼玉県,千葉県,2047
2020,茨城県,千葉県,2018
2020,愛知県,東京都,1991
2020,埼玉県,神奈川県,1939
2020,新潟県,東京都,1846
2020,千葉県,埼玉県,1840
2020,和歌山県,大阪府,1766
2020,大阪府,奈良県,1595
2020,山梨県,東京都,1594
2020,奈良県,京都府,1562
2020,福島県,東京都,1469
2020,佐賀県,福岡県,1409
2020,群馬県,埼玉県,1392
2020,愛知県,岐阜県,1377
2020,滋賀県,大阪府,1351
2020,福岡県,東京都,1348
2020,熊本県,福岡県,1333
2020,大阪府,滋賀県,1321
2020,京都府,滋賀県,1318
2020,茨城県,埼玉県,1240
2020,栃木県,埼玉県,1218
2020,長崎県,福岡県,1208
2020,愛知県,京都府,1206
2020,宮城県,東京都,1183
2020,大阪府,東京都,1181
2020,鹿児島県,福岡県,1062
2020,大分県,福岡県,1046
2020,福島県,宮城県,1034
2020,茨城県,神奈川県,1018
2020,山口県,福岡県,1005
2020,富山県,石川県,990
2020,兵庫県,東京都,941
2020,長野県,神奈川県,939
2020,神奈川県,千葉県,912
2020,神奈川県,埼玉県,909
2020,広島県,東京都,896
2020,広島県,岡山県,872
2020,岩手県,宮城県,869
2020,広島県,大阪府,869
2020,山形県,宮城県,862
2020,宮崎県,福岡県,820
2020,新潟県,神奈川県,799
2020,兵庫県,岡山県,798
2020,沖縄県,東京都,778
2020,京都府,兵庫県,755
2020,山口県,広島県,747
2020,大阪府,和歌山県,740
2020,岡山県,大阪府,723
2020,愛知県,静岡県,716
2020,栃木県,神奈川県,714
2020,愛知県,三重県,713
2020,福岡県,山口県,704
2020,千葉県,茨城県,695
2020,福岡県,熊本県,695
2020,静岡県,千葉県,682
2020,長野県,埼玉県,681
2020,群馬県,神奈川県,680
2020,福岡県,佐賀県,676
2020,新潟県,埼玉県,668
2020,香川県,大阪府,665
2020,愛知県,大阪府,661
2020,青森県,宮城県,660
2020,北海道,神奈川県,659
2020,長野県,愛知県,657
2020,愛知県,神奈川県,654
2020,広島県,京都府,651
2020,香川県,岡山県,646
2020,岡山県,兵庫県,643
2020,埼玉県,群馬県,631
2020,三重県,大阪府,631
2020,山形県,東京都,627
2020,奈良県,兵庫県,622
2020,青森県,東京都,617
2020,山梨県,神奈川県,614
2020,広島県,福岡県,603
2020,栃木県,千葉県,590
2020,鹿児島県,東京都,585
2020,岡山県,広島県,581
2020,東京都,茨城県,575
2020,富山県,東京都,569
2020,宮城県,山形県,567
2020,静岡県,京都府,561
2020,福岡県,京都府,560
2020,愛媛県,広島県,559
2020,岐阜県,東京都,547
2020,広島県,兵庫県,530
2020,愛媛県,大阪府,530
2020,兵庫県,滋賀県,529
2020,福岡県,大阪府,529
2020,岡山県,東京都,528
2020,秋田県,宮城県,525
2020,茨城県,栃木県,523
2020,福島県,神奈川県,522
2020,東京都,北海道,519
2020,岩手県,東京都,517
2020,熊本県,東京都,512
2020,新潟県,千葉県,502
2020,石川県,東京都,501
2020,福岡県,長崎県,501
2020,東京都,京都府,497
2020,岡山県,京都府,494
2020,福島県,埼玉県,492
2020,京都府,東京都,483
2020,長野県,千葉県,476
2020,広島県,山口県,476
2020,東京都,山梨県,475
2020,島根県,広島県,474
2020,北海道,青森県,470
2020,福島県,千葉県,470
2020,三重県,京都府,470
2020,京都府,奈良県,462
2020,愛知県,滋賀県,459
2020,栃木県,群馬県,457
2020,香川県,兵庫県,456
2020,沖縄県,福岡県,456
2020,愛媛県,東京都,455
2020,三重県,東京都,454
2020,静岡県,埼玉県,451
2020,福井県,京都府,443
2020,愛媛県,岡山県,439
2020,和歌山県,京都府,435
2020,埼玉県,茨城県,432
2020,香川県,京都府,428
2020,福井県,石川県,419
2020,広島県,愛媛県,414
2020,福岡県,神奈川県,411
2020,秋田県,東京都,409
2020,福島県,栃木県,408
2020,長崎県,東京都,404
2020,宮城県,神奈川県,388
2020,和歌山県,兵庫県,385
2020,高知県,大阪府,383
2020,石川県,京都府,373
2020,石川県,富山県,371
2020,愛知県,兵庫県,371
2020,北海道,大阪府,366
2020,青森県,北海道,364
2020,宮崎県,東京都,363
2020,北海道,京都府,362
2020,北海道,埼玉県,361
2020,福井県,大阪府,355
2020,群馬県,千葉県,350
2020,静岡県,山梨県,346
2020,静岡県,大阪府,346
2020,山口県,東京都,346
2020,北海道,千葉県,341
2020,大阪府,神奈川県,340
2020,鹿児島県,熊本県,340
2020,富山県,愛知県,339
2020,奈良県,東京都,338
2020,徳島県,大阪府,337
2020,福島県,新潟県,329
2020,香川県,東京都,329
2020,石川県,大阪府,328
2020,愛媛県,兵庫県,328
2020,長野県,群馬県,327
2020,兵庫県,広島県,319
2020,福岡県,兵庫県,319
2020,長野県,山梨県,318
2020,岡山県,香川県,318
2020,福岡県,大分県,314
2020,長野県,石川県,310
2020,群馬県,栃木県,307
2020,大分県,東京都,306
2020,岐阜県,京都府,303
2020,福岡県,広島県,303
2020,山形県,新潟県,301
2020,新潟県,石川県,301
2020,兵庫県,奈良県,301
2020,愛知県,長野県,300
2020,兵庫県,鳥取県,300
2020,宮城県,千葉県,299
2020,佐賀県,東京都,299
2020,徳島県,兵庫県,296
2020,東京都,群馬県,293
2020,福井県,愛知県,293
2020,愛媛県,京都府,293
2020,宮城県,埼玉県,292
2020,長野県,新潟県,288
2020,鳥取県,大阪府,285
2020,埼玉県,栃木県,284
2020,岩手県,青森県,280
2020,宮崎県,熊本県,277
2020,茨城県,福島県,276
2020,広島県,神奈川県,276
2020,山形県,神奈川県,275
2020,福岡県,鹿児島県,274
2020,東京都,大阪府,273
2020,福井県,東京都,273
2020,岩手県,北海道,272
2020,東京都,宮城県,270
2020,兵庫県,徳島県,270
2020,神奈川県,北海道,269
2020,長野県,京都府,268
2020,神奈川県,山梨県,266
2020,香川県,広島県,265
2020,山口県,岡山県,264
2020,高知県,東京都,264
2020,兵庫県,神奈川県,263
2020,富山県,京都府,262
2020,愛知県,北海道,261
2020,山口県,大阪府,260
2020,宮城県,岩手県,257
2020,愛知県,福井県,256
2020,香川県,愛媛県,250
2020,沖縄県,大阪府,249
2020,岩手県,神奈川県,248
2020,石川県,愛知県,248
2020,愛知県,石川県,247
2020,富山県,神奈川県,246
2020,長崎県,熊本県,244
2020,茨城県,群馬県,243
2020,山梨県,千葉県,243
2020,埼玉県,北海道,241
2020,兵庫県,愛知県,241
2020,島根県,岡山県,241
2020,山梨県,埼玉県,240
2020,福島県,茨城県,238
2020,滋賀県,兵庫県,238
2020,北海道,兵庫県,237
2020,山形県,千葉県,236
2020,大分県,熊本県,236
2020,埼玉県,宮城県,235
2020,沖縄県,神奈川県,235
2020,島根県,大阪府,234
2020,兵庫県,福岡県,232
2020,宮崎県,鹿児島県,231
2020,愛知県,富山県,228
2020,熊本県,鹿児島県,228
2020,鳥取県,岡山県,227
2020,高知県,岡山県,227
2020,栃木県,福島県,225
2020,神奈川県,静岡県,224
2020,神奈川県,京都府,224
2020,高知県,兵庫県,224
2020,青森県,岩手県,222
2020,北海道,愛知県,220
2020,愛知県,千葉県,216
2020,大阪府,北海道,216
2020,愛媛県,福岡県,216
2020,奈良県,滋賀県,215
2020,栃木県,茨城県,214
2020,東京都,静岡県,214
2020,富山県,新潟県,214
2020,山口県,京都府,212
2020,岐阜県,大阪府,211
2020,和歌山県,東京都,210
2020,青森県,神奈川県,209
2020,千葉県,北海道,209
2020,秋田県,青森県,207
2020,大阪府,愛知県,206
2020,岡山県,福岡県,205
2020,宮崎県,大分県,205
2020,茨城県,宮城県,204
2020,鳥取県,兵庫県,204
2020,新潟県,群馬県,203
2020,愛知県,埼玉県,203
2020,宮城県,福島県,200
2020,群馬県,新潟県,200
2020,鹿児島県,宮崎県,200
2020,岐阜県,石川県,198
2020,佐賀県,長崎県,197
2020,大阪府,広島県,195
2020,鹿児島県,大阪府,195
2020,島根県,東京都,193
2020,岡山県,愛媛県,193
2020,徳島県,京都府,193
2020,長崎県,佐賀県,193
2020,青森県,千葉県,191
2020,山口県,兵庫県,190
2020,鳥取県,京都府,189
2020,広島県,島根県,189
2020,高知県,愛媛県,189
2020,静岡県,石川県,187
2020,香川県,徳島県,187
2020,北海道,宮城県,185
2020,山形県,埼玉県,185
2020,徳島県,東京都,185
2020,秋田県,北海道,184
2020,沖縄県,千葉県,184
2020,福島県,山形県,183
2020,栃木県,宮城県,183
2020,静岡県,兵庫県,183
2020,滋賀県,愛知県,183
2020,高知県,京都府,183
2020,鳥取県,広島県,182
2020,静岡県,長野県,181
2020,石川県,福井県,179
2020,徳島県,岡山県,179
2020,秋田県,新潟県,177
2020,熊本県,長崎県,176
2020,秋田県,岩手県,175
2020,岐阜県,滋賀県,175
2020,佐賀県,熊本県,174
2020,宮城県,北海道,173
2020,大阪府,福岡県,173
2020,熊本県,大阪府,171
2020,東京都,長野県,169
2020,岐阜県,神奈川県,169
2020,石川県,兵庫県,168
2020,鳥取県,東京都,168
2020,岐阜県,静岡県,167
2020,岩手県,埼玉県,166
2020,大阪府,岡山県,166
2020,静岡県,北海道,165
2020,三重県,兵庫県,165
2020,熊本県,神奈川県,165
2020,福岡県,宮崎県,163
2020,青森県,埼玉県,162
2020,鹿児島県,広島県,162
2020,茨城県,北海道,161
2020,鹿児島県,神奈川県,161
2020,兵庫県,北海道,160
2020,石川県,神奈川県,159
2020,秋田県,神奈川県,158
2020,千葉県,京都府,158
2020,兵庫県,高知県,158
2020,愛媛県,香川県,158
2020,島根県,兵庫県,157
2020,神奈川県,宮城県,156
2020,新潟県,宮城県,156
2020,富山県,大阪府,156
2020,山形県,福島県,155
2020,神奈川県,群馬県,154
2020,滋賀県,東京都,153
2020,島根県,京都府,153
2020,長崎県,大分県,153
2020,熊本県,大分県,153
2020,福井県,兵庫県,152
2020,山梨県,長野県,152
2020,岩手県,千葉県,150
2020,福岡県,千葉県,150
2020,大分県,長崎県,150
2020,三重県,神奈川県,149
2020,三重県,滋賀県,149
2020,静岡県,茨城県,148
2020,愛媛県,徳島県,148
2020,神奈川県,茨城県,147
2020,鳥取県,島根県,147
2020,鹿児島県,京都府,147
2020,兵庫県,島根県,145
2020,長崎県,山口県,145
2020,岩手県,山形県,144
2020,岡山県,島根県,144
2020,熊本県,京都府,144
2020,大分県,広島県,143
2020,千葉県,群馬県,142
2020,愛知県,広島県,142
2020,福岡県,岡山県,142
2020,秋田県,千葉県,141
2020,静岡県,岐阜県,141
2020,栃木県,新潟県,140
2020,東京都,愛知県,139
2020,山梨県,静岡県,139
2020,京都府,愛知県,139
2020,愛媛県,神奈川県,139
2020,愛媛県,高知県,138
2020,岡山県,山口県,137
2020,群馬県,京都府,136
2020,東京都,兵庫県,136
2020,愛知県,奈良県,135
2020,沖縄県,埼玉県,135
2020,埼玉県,京都府,134
2020,新潟県,京都府,134
2020,大阪府,徳島県,134
2020,岩手県,秋田県,133
2020,長野県,岐阜県,133
2020,静岡県,滋賀県,132
2020,島根県,福岡県,132
2020,宮城県,新潟県,131
2020,長野県,大阪府,131
2020,京都府,神奈川県,131
2020,三重県,奈良県,130
2020,徳島県,香川県,130
2020,鹿児島県,長崎県,130
2020,大分県,京都府,129
2020,秋田県,埼玉県,128
2020,高知県,徳島県,128
2020,長崎県,広島県,128
2020,富山県,埼玉県,127
2020,岐阜県,富山県,127
2020,岡山県,神奈川県,127
2020,岡山県,愛知県,127
2020,福岡県,埼玉県,127
2020,宮崎県,神奈川県,127
2020,大阪府,千葉県,126
2020,高知県,香川県,126
2020,大分県,宮崎県,126
2020,群馬県,宮城県,125
2020,石川県,新潟県,125
2020,静岡県,群馬県,125
2020,長野県,富山県,124
2020,長崎県,大阪府,124
2020,沖縄県,愛知県,124
2020,神奈川県,大阪府,123
2020,滋賀県,岐阜県,123
2020,兵庫県,山口県,123
2020,大分県,大阪府,123
2020,三重県,静岡県,122
2020,岡山県,鳥取県,121
2020,宮崎県,長崎県,121
2020,北海道,福岡県,120
2020,埼玉県,山梨県,120
2020,千葉県,宮城県,120
2020,新潟県,長野県,120
2020,兵庫県,香川県,120
2020,福岡県,滋賀県,120
2020,栃木県,山形県,119
2020,岡山県,高知県,119
2020,沖縄県,京都府,119
2020,沖縄県,長崎県,119
2020,富山県,福井県,118
2020,兵庫県,石川県,118
2020,兵庫県,愛媛県,118
2020,群馬県,茨城県,117
2020,千葉県,静岡県,117
2020,鹿児島県,兵庫県,116
2020,新潟県,北海道,115
2020,新潟県,山形県,115
2020,長野県,静岡県,115
2020,岐阜県,長野県,115
2020,大阪府,鳥取県,115
2020,広島県,千葉県,115
2020,鹿児島県,愛知県,115
2020,福井県,富山県,114
2020,広島県,滋賀県,114
2020,徳島県,高知県,114
2020,宮崎県,大阪府,114
2020,東京都,新潟県,113
2020,広島県,愛知県,113
2020,徳島県,広島県,113
2020,福島県,群馬県,112
2020,東京都,大分県,112
2020,富山県,長野県,112
2020,徳島県,愛媛県,112
2020,福岡県,愛知県,112
2020,群馬県,長野県,111
2020,熊本県,佐賀県,110
2020,北海道,静岡県,109
2020,茨城県,新潟県,109
2020,茨城県,京都府,108
2020,長崎県,神奈川県,108
2020,大分県,山口県,108
2020,北海道,群馬県,107
2020,青森県,秋田県,107
2020,岐阜県,三重県,107
2020,岐阜県,兵庫県,107
2020,熊本県,兵庫県,107
2020,熊本県,宮崎県,107
2020,北海道,岩手県,105
2020,茨城県,静岡県,105
2020,新潟県,福島県,105
2020,福井県,滋賀県,105
2020,三重県,岐阜県,105
2020,香川県,高知県,105
2020,香川県,福岡県,105
2020,宮城県,京都府,104
2020,千葉県,愛知県,104
2020,新潟県,茨城県,104
2020,京都府,岡山県,104
2020,熊本県,広島県,104
2020,鹿児島県,山口県,104
2020,東京都,福岡県,103
2020,北海道,茨城県,102
2020,群馬県,石川県,102
2020,大阪府,高知県,102
2020,香川県,神奈川県,102
2020,富山県,千葉県,101
2020,富山県,岐阜県,101
2020,静岡県,宮城県,101
2020,沖縄県,兵庫県,101
2020,沖縄県,岡山県,101
2020,和歌山県,滋賀県,100
2020,栃木県,北海道,99
2020,東京都,栃木県,98
2020,愛知県,茨城県,98
2020,愛知県,福岡県,98
2020,奈良県,愛知県,98
2020,和歌山県,奈良県,98
2020,千葉県,大阪府,97
2020,長野県,茨城県,97
2020,京都府,広島県,97
2020,山口県,神奈川県,97
2020,愛媛県,愛知県,97
2020,長崎県,鹿児島県,97
2020,岩手県,福島県,96
2020,茨城県,山梨県,96
2020,埼玉県,長野県,96
2020,静岡県,広島県,96
2020,愛知県,山梨県,96
2020,岡山県,徳島県,96
2020,宮城県,青森県,95
2020,東京都,滋賀県,95
2020,神奈川県,長野県,95
2020,兵庫県,和歌山県,95
2020,宮城県,栃木県,94
2020,埼玉県,大阪府,94
2020,福井県,神奈川県,94
2020,山梨県,京都府,94
2020,奈良県,神奈川県,94
2020,大阪府,三重県,92
2020,島根県,鳥取県,92
2020,島根県,山口県,92
2020,愛媛県,山口県,92
2020,高知県,広島県,92
2020,長崎県,京都府,92
2020,福島県,北海道,91
2020,福井県,岐阜県,91
2020,兵庫県,千葉県,91
2020,沖縄県,広島県,91
2020,茨城県,大阪府,90
2020,三重県,石川県,90
2020,長崎県,兵庫県,90
2020,大分県,兵庫県,90
2020,岡山県,滋賀県,89
2020,宮崎県,山口県,89
2020,新潟県,富山県,88
2020,兵庫県,埼玉県,88
2020,高知県,神奈川県,88
2020,山形県,北海道,87
2020,富山県,兵庫県,87
2020,静岡県,三重県,87
2020,広島県,埼玉県,87
2020,北海道,石川県,86
2020,山形県,岩手県,86
2020,京都府,北海道,86
2020,和歌山県,愛知県,86
2020,秋田県,山形県,85
2020,山梨県,愛知県,85
2020,静岡県,新潟県,85
2020,大阪府,埼玉県,85
2020,広島県,北海道,85
2020,鹿児島県,埼玉県,85
2020,山形県,栃木県,84
2020,群馬県,福島県,84
2020,大阪府,静岡県,84
2020,北海道,新潟県,83
2020,宮城県,茨城県,83
2020,神奈川県,愛知県,83
2020,岐阜県,福井県,83
2020,大分県,鹿児島県,83
2020,岐阜県,千葉県,82
2020,北海道,山梨県,81
2020,岩手県,群馬県,81
2020,石川県,滋賀県,81
2020,長野県,北海道,81
2020,大阪府,石川県,81
2020,奈良県,北海道,81
2020,北海道,山形県,80
2020,大阪府,岐阜県,80
2020,広島県,高知県,80
2020,佐賀県,神奈川県,80
2020,熊本県,千葉県,80
2020,熊本県,山口県,80
2020,宮崎県,京都府,80
2020,茨城県,愛知県,79
2020,埼玉県,静岡県,79
2020,滋賀県,石川県,78
2020,京都府,石川県,78
2020,福岡県,茨城県,78
2020,鹿児島県,沖縄県,78
2020,岩手県,栃木県,77
2020,茨城県,長野県,77
2020,千葉県,長野県,77
2020,神奈川県,兵庫県,77
2020,大阪府,山口県,77
2020,広島県,香川県,77
2020,京都府,鳥取県,76
2020,広島県,鳥取県,76
2020,山口県,大分県,76
2020,佐賀県,京都府,76
2020,鹿児島県,千葉県,76
2020,沖縄県,岐阜県,76
2020,新潟県,山梨県,75
2020,東京都,秋田県,74
2020,京都府,福井県,74
2020,兵庫県,静岡県,74
2020,福岡県,北海道,74
2020,宮崎県,千葉県,74
2020,宮城県,秋田県,73
2020,宮城県,群馬県,73
2020,茨城県,山形県,73
2020,栃木県,京都府,73
2020,静岡県,奈良県,73
2020,新潟県,栃木県,72
2020,長野県,栃木県,72
2020,香川県,滋賀県,72
2020,青森県,栃木県,71
2020,埼玉県,新潟県,71
2020,大阪府,大分県,71
2020,熊本県,埼玉県,71
2020,青森県,山形県,70
2020,東京都,石川県,70
2020,富山県,群馬県,70
2020,滋賀県,奈良県,70
2020,兵庫県,長野県,70
2020,宮崎県,兵庫県,70
2020,千葉県,山梨県,69
2020,新潟県,秋田県,69
2020,山梨県,大阪府,69
2020,愛知県,秋田県,69
2020,大阪府,茨城県,69
2020,佐賀県,大分県,69
2020,沖縄県,熊本県,69
2020,愛知県,高知県,68
2020,長崎県,岡山県,68
2020,宮崎県,広島県,68
2020,沖縄県,徳島県,68
2020,青森県,群馬県,67
2020,栃木県,秋田県,67
2020,石川県,埼玉県,67
2020,静岡県,福岡県,67
2020,三重県,広島県,67
2020,愛媛県,千葉県,67
2020,大分県,神奈川県,67
2020,北海道,滋賀県,66
2020,岩手県,新潟県,66
2020,千葉県,栃木県,66
2020,大阪府,愛媛県,66
2020,岡山県,埼玉県,66
2020,山口県,長崎県,66
2020,佐賀県,大阪府,66
2020,鹿児島県,岡山県,66
2020,山形県,茨城県,65
2020,大阪府,長野県,65
2020,広島県,大分県,65
2020,香川県,愛知県,65
2020,福島県,岩手県,64
2020,群馬県,山梨県,64
2020,新潟県,愛知県,64
2020,富山県,北海道,64
2020,石川県,北海道,64
2020,石川県,千葉県,64
2020,三重県,埼玉県,64
2020,大阪府,島根県,64
2020,佐賀県,広島県,64
2020,佐賀県,山口県,64
2020,宮城県,大阪府,63
2020,埼玉県,福島県,63
2020,長野県,宮城県,63
2020,兵庫県,長崎県,63
2020,長崎県,千葉県,63
2020,沖縄県,北海道,63
2020,新潟県,大阪府,62
2020,静岡県,岡山県,62
2020,京都府,福岡県,62
2020,兵庫県,茨城県,62
2020,徳島県,神奈川県,62
2020,佐賀県,兵庫県,62
2020,長崎県,宮崎県,62
2020,沖縄県,山口県,62
2020,山形県,秋田県,61
2020,福島県,京都府,61
2020,富山県,山梨県,61
2020,鹿児島県,大分県,61
2020,青森県,新潟県,60
2020,宮城県,愛知県,60
2020,茨城県,秋田県,60
2020,栃木県,山梨県,60
2020,東京都,福島県,60
2020,和歌山県,徳島県,60
2020,岡山県,千葉県,60
2020,大分県,岡山県,60
2020,秋田県,栃木県,59
2020,山形県,青森県,59
2020,神奈川県,福岡県,59
2020,岐阜県,北海道,59
2020,大阪府,香川県,59
2020,高知県,福岡県,59
2020,秋田県,福島県,58
2020,茨城県,兵庫県,58
2020,栃木県,静岡県,58
2020,群馬県,静岡県,58
2020,東京都,広島県,58
2020,福井県,静岡県,58
2020,岐阜県,埼玉県,58
2020,滋賀県,福井県,58
2020,兵庫県,三重県,58
2020,高知県,愛知県,58
2020,沖縄県,大分県,58
2020,青森県,福島県,57
2020,青森県,茨城県,57
2020,富山県,滋賀県,57
2020,静岡県,栃木県,57
2020,三重県,福井県,57
2020,奈良県,和歌山県,57
2020,和歌山県,岡山県,57
2020,鳥取県,福岡県,57
2020,愛媛県,大分県,57
2020,長崎県,愛知県,57
2020,熊本県,岡山県,57
2020,静岡県,秋田県,56
2020,三重県,千葉県,56
2020,和歌山県,広島県,56
2020,岩手県,山梨県,55
2020,群馬県,北海道,55
2020,東京都,山形県,55
2020,静岡県,山形県,55
2020,兵庫県,大分県,55
2020,和歌山県,神奈川県,55
2020,岡山県,北海道,55
2020,愛知県,山形県,54
2020,滋賀県,神奈川県,54
2020,福岡県,沖縄県,54
2020,山形県,群馬県,53
2020,新潟県,静岡県,53
2020,山梨県,兵庫県,53
2020,愛知県,鳥取県,53
2020,鳥取県,山口県,53
2020,山口県,愛知県,53
2020,山口県,熊本県,53
2020,鹿児島県,佐賀県,53
2020,北海道,広島県,52
2020,山梨県,北海道,52
2020,京都府,静岡県,52
2020,広島県,奈良県,52
2020,山口県,愛媛県,52
2020,大分県,愛媛県,52
2020,岡山県,奈良県,51
2020,北海道,長野県,50
2020,群馬県,秋田県,50
2020,埼玉県,愛知県,50
2020,神奈川県,新潟県,50
2020,静岡県,福島県,50
2020,愛知県,宮城県,50
2020,愛知県,群馬県,50
2020,愛知県,新潟県,50
2020,滋賀県,広島県,50
2020,熊本県,愛知県,50
2020,石川県,宮城県,49
2020,石川県,長野県,49
2020,京都府,千葉県,49
2020,島根県,愛媛県,49
2020,愛媛県,埼玉県,49
2020,北海道,岡山県,48
2020,福島県,山梨県,48
2020,千葉県,福島県,48
2020,東京都,沖縄県,48
2020,長野県,福島県,48
2020,三重県,北海道,48
2020,京都府,島根県,48
2020,宮崎県,愛知県,48
2020,北海道,奈良県,47
2020,栃木県,大阪府,47
2020,群馬県,愛知県,47
2020,群馬県,大阪府,47
2020,東京都,岩手県,47
2020,神奈川県,石川県,47
2020,山梨県,茨城県,47
2020,長野県,滋賀県,47
2020,長野県,兵庫県,47
2020,京都府,高知県,47
2020,奈良県,広島県,47
2020,福島県,青森県,46
2020,東京都,青森県,46
2020,富山県,宮城県,46
2020,岐阜県,山梨県,46
2020,岐阜県,広島県,46
2020,愛知県,岡山県,46
2020,長崎県,沖縄県,46
2020,北海道,秋田県,45
2020,北海道,栃木県,45
2020,福島県,秋田県,45
2020,埼玉県,石川県,45
2020,新潟県,兵庫県,45
2020,山梨県,群馬県,45
2020,京都府,徳島県,45
2020,兵庫県,福井県,45
2020,島根県,神奈川県,45
2020,広島県,長崎県,45
2020,大分県,佐賀県,45
2020,栃木県,長野県,44
2020,福井県,千葉県,44
2020,長野県,山形県,44
2020,愛知県,山口県,44
2020,京都府,岐阜県,44
2020,大阪府,福井県,44
2020,徳島県,愛知県,44
2020,愛媛県,滋賀県,44
2020,佐賀県,岡山県,44
2020,岩手県,茨城県,43
2020,栃木県,石川県,43
2020,千葉県,兵庫県,43
2020,山梨県,栃木県,43
2020,長野県,福井県,43
2020,静岡県,富山県,43
2020,三重県,富山県,43
2020,大阪府,宮城県,43
2020,大阪府,長崎県,43
2020,宮崎県,埼玉県,43
2020,沖縄県,鹿児島県,43
2020,秋田県,茨城県,42
2020,秋田県,群馬県,42
2020,栃木県,岩手県,42
2020,東京都,富山県,42
2020,長野県,奈良県,42
2020,愛知県,愛媛県,42
2020,愛知県,大分県,42
2020,三重県,長野県,42
2020,兵庫県,宮城県,42
2020,奈良県,千葉県,42
2020,奈良県,三重県,42
2020,和歌山県,三重県,42
2020,香川県,奈良県,42
2020,高知県,千葉県,42
2020,福岡県,奈良県,42
2020,宮崎県,岡山県,42
2020,北海道,沖縄県,41
2020,千葉県,新潟県,41
2020,東京都,奈良県,41
2020,富山県,茨城県,41
2020,三重県,岡山県,41
2020,京都府,山口県,41
2020,京都府,大分県,41
2020,岡山県,石川県,41
2020,山口県,千葉県,41
2020,香川県,千葉県,41
2020,北海道,岐阜県,40
2020,茨城県,石川県,40
2020,石川県,岐阜県,40
2020,山梨県,新潟県,40
2020,静岡県,沖縄県,40
2020,山口県,滋賀県,40
2020,愛媛県,静岡県,40
2020,高知県,埼玉県,40
2020,福岡県,静岡県,40
2020,佐賀県,埼玉県,40
2020,大分県,沖縄県,40
2020,沖縄県,宮崎県,40
2020,東京都,熊本県,39
2020,富山県,静岡県,39
2020,静岡県,高知県,39
2020,愛知県,沖縄県,39
2020,京都府,埼玉県,39
2020,岡山県,静岡県,39
2020,広島県,徳島県,39
2020,香川県,埼玉県,39
2020,大分県,愛知県,39
2020,大分県,高知県,39
2020,宮崎県,佐賀県,39
2020,山形県,石川県,38
2020,福島県,静岡県,38
2020,埼玉県,山形県,38
2020,東京都,鹿児島県,38
2020,神奈川県,滋賀県,38
2020,神奈川県,大分県,38
2020,福井県,長野県,38
2020,山梨県,福岡県,38
2020,愛知県,鹿児島県,38
2020,京都府,長野県,38
2020,兵庫県,岐阜県,38
2020,兵庫県,鹿児島県,38
2020,和歌山県,福岡県,38
2020,愛媛県,北海道,38
2020,佐賀県,鹿児島県,38
2020,長崎県,埼玉県,38
2020,岩手県,京都府,37
2020,栃木県,愛知県,37
2020,埼玉県,兵庫県,37
2020,千葉県,福岡県,37
2020,福井県,広島県,37
2020,山梨県,宮城県,37
2020,静岡県,福井県,37
2020,滋賀県,長野県,37
2020,大阪府,新潟県,37
2020,大阪府,宮崎県,37
2020,奈良県,岡山県,37
2020,奈良県,福岡県,37
2020,和歌山県,北海道,37
2020,鳥取県,愛知県,37
2020,広島県,茨城県,37
2020,沖縄県,茨城県,37
2020,千葉県,石川県,36
2020,神奈川県,福島県,36
2020,岐阜県,奈良県,36
2020,京都府,富山県,36
2020,鳥取県,神奈川県,36
2020,山口県,埼玉県,36
2020,香川県,山口県,36
2020,愛媛県,山梨県,36
2020,高知県,奈良県,36
2020,沖縄県,山梨県,36
2020,埼玉県,福岡県,35
2020,東京都,岡山県,35
2020,神奈川県,栃木県,35
2020,石川県,茨城県,35
2020,兵庫県,沖縄県,35
2020,島根県,愛知県,35
2020,愛媛県,奈良県,35
2020,愛媛県,島根県,35
2020,大分県,埼玉県,35
2020,鹿児島県,滋賀県,35
2020,北海道,福島県,34
2020,宮城県,兵庫県,34
2020,埼玉県,秋田県,34
2020,千葉県,秋田県,34
2020,富山県,奈良県,34
2020,愛知県,島根県,34
2020,愛知県,宮崎県,34
2020,滋賀県,三重県,34
2020,滋賀県,福岡県,34
2020,大阪府,富山県,34
2020,鳥取県,奈良県,34
2020,福岡県,島根県,34
2020,熊本県,茨城県,34
2020,沖縄県,静岡県,34
2020,北海道,富山県,33
2020,北海道,長崎県,33
2020,東京都,愛媛県,33
2020,石川県,奈良県,33
2020,岐阜県,茨城県,33
2020,愛知県,岩手県,33
2020,大阪府,山梨県,33
2020,兵庫県,宮崎県,33
2020,岡山県,山梨県,33
2020,広島県,熊本県,33
2020,沖縄県,群馬県,33
2020,静岡県,青森県,32
2020,兵庫県,新潟県,32
2020,兵庫県,山梨県,32
2020,鳥取県,滋賀県,32
2020,広島県,鹿児島県,32
2020,山口県,鹿児島県,32
2020,徳島県,奈良県,32
2020,高知県,滋賀県,32
2020,大分県,千葉県,32
2020,宮崎県,沖縄県,32
2020,鹿児島県,山梨県,32
2020,北海道,大分県,31
2020,青森県,大阪府,31
2020,山形県,山梨県,31
2020,群馬県,山形県,31
2020,神奈川県,山形県,31
2020,福井県,新潟県,31
2020,静岡県,鳥取県,31
2020,静岡県,山口県,31
2020,広島県,宮崎県,31
2020,愛媛県,沖縄県,31
2020,佐賀県,愛知県,31
2020,宮城県,静岡県,30
2020,群馬県,富山県,30
2020,群馬県,兵庫県,30
2020,新潟県,青森県,30
2020,石川県,群馬県,30
2020,福井県,埼玉県,30
2020,岐阜県,新潟県,30
2020,愛知県,福島県,30
2020,三重県,山口県,30
2020,滋賀県,静岡県,30
2020,奈良県,埼玉県,30
2020,広島県,山梨県,30
2020,徳島県,山口県,30
2020,福岡県,高知県,30
2020,宮崎県,茨城県,30
2020,沖縄県,石川県,30
2020,青森県,京都府,29
2020,東京都,高知県,29
2020,神奈川県,岩手県,29
2020,三重県,茨城県,29
2020,滋賀県,北海道,29
2020,滋賀県,岡山県,29
2020,鳥取県,千葉県,29
2020,島根県,高知県,29
2020,広島県,静岡県,29
2020,山口県,島根県,29
2020,沖縄県,香川県,29
2020,北海道,山口県,28
2020,北海道,鹿児島県,28
2020,青森県,愛知県,28
2020,宮城県,山梨県,28
2020,茨城県,岩手県,28
2020,埼玉県,青森県,28
2020,石川県,静岡県,28
2020,福井県,奈良県,28
2020,三重県,山梨県,28
2020,滋賀県,千葉県,28
2020,京都府,愛媛県,28
2020,兵庫県,富山県,28
2020,和歌山県,石川県,28
2020,広島県,沖縄県,28
2020,徳島県,福岡県,28
2020,鹿児島県,茨城県,28
2020,青森県,山梨県,27
2020,山形県,静岡県,27
2020,茨城県,青森県,27
2020,埼玉県,滋賀県,27
2020,千葉県,滋賀県,27
2020,東京都,岐阜県,27
2020,神奈川県,秋田県,27
2020,石川県,山梨県,27
2020,福井県,岡山県,27
2020,愛知県,長崎県,27
2020,鳥取県,高知県,27
2020,島根県,埼玉県,27
2020,島根県,滋賀県,27
2020,佐賀県,宮崎県,27
2020,熊本県,沖縄県,27
2020,宮城県,石川県,26
2020,茨城県,奈良県,26
2020,東京都,長崎県,26
2020,東京都,宮崎県,26
2020,神奈川県,広島県,26
2020,石川県,広島県,26
2020,岐阜県,岡山県,26
2020,三重県,福岡県,26
2020,京都府,三重県,26
2020,大阪府,沖縄県,26
2020,奈良県,石川県,26
2020,奈良県,徳島県,26
2020,和歌山県,鳥取県,26
2020,和歌山県,高知県,26
2020,鳥取県,愛媛県,26
2020,徳島県,千葉県,26
2020,福岡県,愛媛県,26
2020,長崎県,茨城県,26
2020,北海道,熊本県,25
2020,新潟県,岩手県,25
2020,石川県,福岡県,25
2020,長野県,三重県,25
2020,岐阜県,高知県,25
2020,静岡県,島根県,25
2020,京都府,茨城県,25
2020,大阪府,鹿児島県,25
2020,鳥取県,香川県,25
2020,山口県,宮崎県,25
2020,香川県,鳥取県,25
2020,秋田県,京都府,24
2020,山形県,京都府,24
2020,茨城県,福岡県,24
2020,神奈川県,富山県,24
2020,神奈川県,宮崎県,24
2020,神奈川県,鹿児島県,24
2020,新潟県,福井県,24
2020,三重県,高知県,24
2020,大阪府,秋田県,24
2020,兵庫県,熊本県,24
2020,和歌山県,福井県,24
2020,和歌山県,静岡県,24
2020,和歌山県,島根県,24
2020,島根県,徳島県,24
2020,岡山県,大分県,24
2020,徳島県,滋賀県,24
2020,愛媛県,熊本県,24
2020,長崎県,滋賀県,24
2020,鹿児島県,北海道,24
2020,岩手県,静岡県,23
2020,宮城県,滋賀県,23
2020,福島県,大阪府,23
2020,茨城県,広島県,23
2020,埼玉県,岩手県,23
2020,千葉県,山形県,23
2020,千葉県,大分県,23
2020,山梨県,広島県,23
2020,岐阜県,鳥取県,23
2020,静岡県,徳島県,23
2020,滋賀県,埼玉県,23
2020,奈良県,宮城県,23
2020,奈良県,高知県,23
2020,和歌山県,埼玉県,23
2020,和歌山県,千葉県,23
2020,鳥取県,北海道,23
2020,鳥取県,埼玉県,23
2020,広島県,石川県,23
2020,広島県,岐阜県,23
2020,香川県,島根県,23
2020,佐賀県,千葉県,23
2020,長崎県,島根県,23
2020,大分県,島根県,23
2020,鹿児島県,群馬県,23
2020,沖縄県,佐賀県,23
2020,青森県,兵庫県,22
2020,秋田県,石川県,22
2020,秋田県,山梨県,22
2020,埼玉県,富山県,22
2020,埼玉県,沖縄県,22
2020,新潟県,滋賀県,22
2020,福井県,北海道,22
2020,福井県,茨城県,22
2020,山梨県,石川県,22
2020,長野県,広島県,22
2020,岐阜県,福岡県,22
2020,静岡県,熊本県,22
2020,静岡県,宮崎県,22
2020,三重県,徳島県,22
2020,京都府,和歌山県,22
2020,兵庫県,秋田県,22
2020,和歌山県,岐阜県,22
2020,島根県,奈良県,22
2020,山口県,北海道,22
2020,徳島県,山梨県,22
2020,香川県,静岡県,22
2020,愛媛県,鳥取県,22
2020,福岡県,石川県,22
2020,沖縄県,愛媛県,22
2020,福島県,長野県,21
2020,茨城県,沖縄県,21
2020,千葉県,広島県,21
2020,神奈川県,青森県,21
2020,新潟県,岐阜県,21
2020,岐阜県,群馬県,21
2020,愛知県,栃木県,21
2020,愛知県,徳島県,21
2020,京都府,宮城県,21
2020,島根県,静岡県,21
2020,島根県,長崎県,21
2020,島根県,大分県,21
2020,岡山県,茨城県,21
2020,徳島県,埼玉県,21
2020,高知県,山口県,21
2020,長崎県,山梨県,21
2020,長崎県,高知県,21
2020,熊本県,北海道,21
2020,大分県,滋賀県,21
2020,岩手県,愛知県,20
2020,岩手県,大阪府,20
2020,福島県,石川県,20
2020,栃木県,兵庫県,20
2020,埼玉県,大分県,20
2020,神奈川県,沖縄県,20
2020,富山県,広島県,20
2020,静岡県,愛媛県,20
2020,三重県,愛媛県,20
2020,滋賀県,富山県,20
2020,大阪府,熊本県,20
2020,奈良県,鳥取県,20
2020,和歌山県,愛媛県,20
2020,島根県,千葉県,20
2020,山口県,茨城県,20
2020,愛媛県,茨城県,20
2020,福岡県,山梨県,20
2020,長崎県,静岡県,20
2020,鹿児島県,岐阜県,20
2020,沖縄県,三重県,20
2020,沖縄県,高知県,20
2020,青森県,静岡県,19
2020,秋田県,愛知県,19
2020,埼玉県,広島県,19
2020,千葉県,青森県,19
2020,千葉県,宮崎県,19
2020,東京都,鳥取県,19
2020,福井県,三重県,19
2020,長野県,秋田県,19
2020,奈良県,静岡県,19
2020,和歌山県,山口県,19
2020,島根県,香川県,19
2020,山口県,奈良県,19
2020,香川県,北海道,19
2020,香川県,茨城県,19
2020,福岡県,長野県,19
2020,長崎県,北海道,19
2020,長崎県,鳥取県,19
2020,熊本県,滋賀県,19
2020,宮崎県,静岡県,19
2020,鹿児島県,栃木県,19
2020,鹿児島県,静岡県,19
2020,沖縄県,滋賀県,19
2020,茨城県,滋賀県,18
2020,栃木県,青森県,18
2020,埼玉県,高知県,18
2020,千葉県,岐阜県,18
2020,千葉県,沖縄県,18
2020,石川県,栃木県,18
2020,福井県,山梨県,18
2020,長野県,岩手県,18
2020,岐阜県,徳島県,18
2020,静岡県,岩手県,18
2020,徳島県,静岡県,18
2020,愛媛県,岐阜県,18
2020,福岡県,徳島県,18
2020,佐賀県,滋賀県,18
2020,大分県,北海道,18
2020,宮崎県,高知県,18
2020,鹿児島県,愛媛県,18
2020,沖縄県,栃木県,18
2020,沖縄県,新潟県,18
2020,北海道,三重県,17
2020,青森県,石川県,17
2020,福島県,愛知県,17
2020,茨城県,鹿児島県,17
2020,栃木県,富山県,17
2020,埼玉県,奈良県,17
2020,千葉県,熊本県,17
2020,東京都,三重県,17
2020,神奈川県,岐阜県,17
2020,富山県,秋田県,17
2020,長野県,福岡県,17
2020,三重県,鳥取県,17
2020,滋賀県,愛媛県,17
2020,京都府,宮崎県,17
2020,大阪府,岩手県,17
2020,兵庫県,群馬県,17
2020,島根県,熊本県,17
2020,岡山県,長野県,17
2020,山口県,佐賀県,17
2020,愛媛県,宮崎県,17
2020,大分県,鳥取県,17
2020,鹿児島県,新潟県,17
2020,鹿児島県,高知県,17
2020,沖縄県,長野県,17
2020,茨城県,岐阜県,16
2020,群馬県,滋賀県,16
2020,埼玉県,鹿児島県,16
2020,千葉県,富山県,16
2020,千葉県,愛媛県,16
2020,神奈川県,奈良県,16
2020,新潟県,奈良県,16
2020,長野県,青森県,16
2020,長野県,岡山県,16
2020,静岡県,長崎県,16
2020,静岡県,大分県,16
2020,愛知県,和歌山県,16
2020,愛知県,香川県,16
2020,三重県,香川県,16
2020,京都府,沖縄県,16
2020,鳥取県,茨城県,16
2020,鳥取県,徳島県,16
2020,岡山県,長崎県,16
2020,岡山県,沖縄県,16
2020,愛媛県,宮城県,16
2020,高知県,大分県,16
2020,福岡県,岐阜県,16
2020,長崎県,愛媛県,16
2020,大分県,茨城県,16
2020,宮崎県,奈良県,16
2020,宮崎県,愛媛県,16
2020,鹿児島県,奈良県,16
2020,北海道,愛媛県,15
2020,岩手県,長野県,15
2020,宮城県,福岡県,15
2020,秋田県,大阪府,15
2020,千葉県,岩手県,15
2020,千葉県,鹿児島県,15
2020,東京都,島根県,15
2020,東京都,山口県,15
2020,神奈川県,山口県,15
2020,神奈川県,熊本県,15
2020,福井県,鳥取県,15
2020,山梨県,福島県,15
2020,愛知県,青森県,15
2020,三重県,島根県,15
2020,滋賀県,茨城県,15
2020,京都府,香川県,15
2020,大阪府,青森県,15
2020,奈良県,山口県,15
2020,島根県,北海道,15
2020,岡山県,鹿児島県,15
2020,広島県,宮城県,15
2020,広島県,佐賀県,15
2020,徳島県,鳥取県,15
2020,福岡県,鳥取県,15
2020,熊本県,静岡県,15
2020,鹿児島県,宮城県,15
2020,沖縄県,奈良県,15
2020,岩手県,富山県,14
2020,茨城県,高知県,14
2020,茨城県,大分県,14
2020,群馬県,奈良県,14
2020,群馬県,福岡県,14
2020,埼玉県,岐阜県,14
2020,千葉県,奈良県,14
2020,富山県,福岡県,14
2020,石川県,岡山県,14
2020,福井県,群馬県,14
2020,福井県,福岡県,14
2020,山梨県,滋賀県,14
2020,静岡県,鹿児島県,14
2020,三重県,群馬県,14
2020,滋賀県,鳥取県,14
2020,奈良県,長野県,14
2020,奈良県,愛媛県,14
2020,和歌山県,香川県,14
2020,鳥取県,静岡県,14
2020,岡山県,群馬県,14
2020,岡山県,岐阜県,14
2020,広島県,長野県,14
2020,香川県,新潟県,14
2020,香川県,石川県,14
2020,愛媛県,長崎県,14
2020,高知県,群馬県,14
2020,福岡県,栃木県,14
2020,福岡県,群馬県,14
2020,佐賀県,沖縄県,14
2020,長崎県,群馬県,14
2020,熊本県,群馬県,14
2020,大分県,奈良県,14
2020,大分県,徳島県,14
2020,宮崎県,北海道,14
2020,宮城県,長野県,13
2020,秋田県,長野県,13
2020,山形県,大阪府,13
2020,茨城県,愛媛県,13
2020,千葉県,高知県,13
2020,東京都,福井県,13
2020,神奈川県,愛媛県,13
2020,神奈川県,長崎県,13
2020,富山県,栃木県,13
2020,石川県,島根県,13
2020,山梨県,奈良県,13
2020,山梨県,熊本県,13
2020,岐阜県,島根県,13
2020,岐阜県,沖縄県,13
2020,滋賀県,山口県,13
2020,滋賀県,香川県,13
2020,滋賀県,大分県,13
2020,京都府,山梨県,13
2020,大阪府,群馬県,13
2020,和歌山県,山梨県,13
2020,島根県,石川県,13
2020,岡山県,和歌山県,13
2020,広島県,群馬県,13
2020,広島県,和歌山県,13
2020,山口県,鳥取県,13
2020,山口県,高知県,13
2020,香川県,山梨県,13
2020,愛媛県,長野県,13
2020,高知県,静岡県,13
2020,佐賀県,北海道,13
2020,長崎県,岐阜県,13
2020,熊本県,奈良県,13
2020,鹿児島県,長野県,13
2020,鹿児島県,香川県,13
2020,北海道,香川県,12
2020,北海道,高知県,12
2020,北海道,宮崎県,12
2020,岩手県,石川県,12
2020,宮城県,奈良県,12
2020,山形県,富山県,12
2020,山形県,兵庫県,12
2020,栃木県,福岡県,12
2020,栃木県,沖縄県,12
2020,群馬県,岩手県,12
2020,埼玉県,岡山県,12
2020,東京都,徳島県,12
2020,新潟県,沖縄県,12
2020,石川県,沖縄県,12
2020,福井県,宮城県,12
2020,山梨県,富山県,12
2020,長野県,島根県,12
2020,岐阜県,栃木県,12
2020,岐阜県,愛媛県,12
2020,愛知県,熊本県,12
2020,三重県,宮崎県,12
2020,兵庫県,岩手県,12
2020,奈良県,富山県,12
2020,岡山県,宮城県,12
2020,岡山県,熊本県,12
2020,香川県,和歌山県,12
2020,香川県,大分県,12
2020,香川県,宮崎県,12
2020,愛媛県,石川県,12
2020,愛媛県,和歌山県,12
2020,高知県,北海道,12
2020,熊本県,岐阜県,12
2020,沖縄県,福島県,12
2020,北海道,福井県,11
2020,宮城県,岡山県,11
2020,山形県,愛知県,11
2020,栃木県,滋賀県,11
2020,栃木県,広島県,11
2020,千葉県,山口県,11
2020,東京都,和歌山県,11
2020,神奈川県,三重県,11
2020,新潟県,福岡県,11
2020,長野県,高知県,11
2020,岐阜県,宮城県,11
2020,岐阜県,秋田県,11
2020,三重県,和歌山県,11
2020,滋賀県,和歌山県,11
2020,京都府,秋田県,11
2020,京都府,新潟県,11
2020,奈良県,茨城県,11
2020,奈良県,福井県,11
2020,奈良県,岐阜県,11
2020,奈良県,島根県,11
2020,奈良県,大分県,11
2020,鳥取県,石川県,11
2020,島根県,山梨県,11
2020,島根県,岐阜県,11
2020,岡山県,栃木県,11
2020,岡山県,新潟県,11
2020,岡山県,福井県,11
2020,広島県,新潟県,11
2020,徳島県,岐阜県,11
2020,徳島県,島根県,11
2020,香川県,沖縄県,11
2020,愛媛県,群馬県,11
2020,愛媛県,鹿児島県,11
2020,福岡県,岩手県,11
2020,福岡県,宮城県,11
2020,福岡県,新潟県,11
2020,佐賀県,茨城県,11
2020,長崎県,石川県,11
2020,長崎県,奈良県,11
2020,熊本県,島根県,11
2020,大分県,山梨県,11
2020,沖縄県,鳥取県,11
2020,北海道,和歌山県,10
2020,北海道,鳥取県,10
2020,青森県,奈良県,10
2020,山形県,長野県,10
2020,茨城県,熊本県,10
2020,埼玉県,愛媛県,10
2020,神奈川県,高知県,10
2020,富山県,三重県,10
2020,石川県,鳥取県,10
2020,福井県,島根県,10
2020,山梨県,岡山県,10
2020,長野県,沖縄県,10
2020,岐阜県,山形県,10
2020,三重県,宮城県,10
2020,三重県,大分県,10
2020,三重県,鹿児島県,10
2020,滋賀県,徳島県,10
2020,滋賀県,沖縄県,10
2020,和歌山県,茨城県,10
2020,和歌山県,栃木県,10
2020,岡山県,三重県,10
2020,岡山県,宮崎県,10
2020,山口県,徳島県,10
2020,徳島県,北海道,10
2020,香川県,長崎県,10
2020,愛媛県,三重県,10
2020,福岡県,香川県,10
2020,佐賀県,静岡県,10
2020,長崎県,徳島県,10
2020,大分県,群馬県,10
2020,宮崎県,群馬県,10
2020,宮崎県,山梨県,10
2020,宮崎県,滋賀県,10
2020,鹿児島県,石川県,10
2020,沖縄県,秋田県,10
2020,沖縄県,島根県,10
2020,岩手県,沖縄県,9
2020,秋田県,兵庫県,9
2020,山形県,岐阜県,9
2020,福島県,兵庫県,9
2020,茨城県,長崎県,9
2020,栃木県,長崎県,9
2020,群馬県,青森県,9
2020,群馬県,沖縄県,9
2020,千葉県,長崎県,9
2020,東京都,香川県,9
2020,神奈川県,福井県,9
2020,富山県,岡山県,9
2020,石川県,秋田県,9
2020,福井県,栃木県,9
2020,山梨県,山形県,9
2020,山梨県,岐阜県,9
2020,三重県,福島県,9
2020,三重県,栃木県,9
2020,三重県,沖縄県,9
2020,兵庫県,青森県,9
2020,兵庫県,栃木県,9
2020,兵庫県,佐賀県,9
2020,奈良県,山梨県,9
2020,奈良県,鹿児島県,9
2020,和歌山県,宮城県,9
2020,鳥取県,岐阜県,9
2020,島根県,宮崎県,9
2020,広島県,栃木県,9
2020,広島県,富山県,9
2020,山口県,三重県,9
2020,徳島県,石川県,9
2020,高知県,島根県,9
2020,宮崎県,新潟県,9
2020,宮崎県,岐阜県,9
2020,宮崎県,香川県,9
2020,鹿児島県,徳島県,9
2020,北海道,島根県,8
2020,岩手県,岐阜県,8
2020,宮城県,富山県,8
2020,宮城県,沖縄県,8
2020,秋田県,富山県,8
2020,秋田県,奈良県,8
2020,福島県,滋賀県,8
2020,福島県,沖縄県,8
2020,茨城県,富山県,8
2020,栃木県,奈良県,8
2020,栃木県,岡山県,8
2020,栃木県,鹿児島県,8
2020,埼玉県,福井県,8
2020,埼玉県,山口県,8
2020,神奈川県,岡山県,8
2020,富山県,高知県,8
2020,石川県,三重県,8
2020,福井県,高知県,8
2020,岐阜県,山口県,8
2020,岐阜県,鹿児島県,8
2020,静岡県,和歌山県,8
2020,三重県,秋田県,8
2020,三重県,新潟県,8
2020,滋賀県,山梨県,8
2020,滋賀県,高知県,8
2020,京都府,福島県,8
2020,大阪府,山形県,8
2020,大阪府,福島県,8
2020,大阪府,栃木県,8
2020,兵庫県,山形県,8
2020,奈良県,宮崎県,8
2020,和歌山県,熊本県,8
2020,島根県,茨城県,8
2020,島根県,新潟県,8
2020,岡山県,佐賀県,8
2020,山口県,静岡県,8
2020,山口県,香川県,8
2020,山口県,沖縄県,8
2020,高知県,茨城県,8
2020,高知県,石川県,8
2020,高知県,岐阜県,8
2020,高知県,和歌山県,8
2020,佐賀県,山梨県,8
2020,長崎県,新潟県,8
2020,熊本県,新潟県,8
2020,熊本県,愛媛県,8
2020,大分県,石川県,8
2020,宮崎県,福島県,8
2020,宮崎県,栃木県,8
2020,宮崎県,石川県,8
2020,宮崎県,島根県,8
2020,鹿児島県,三重県,8
2020,鹿児島県,鳥取県,8
2020,沖縄県,岩手県,8
2020,沖縄県,宮城県,8
2020,北海道,徳島県,7
2020,青森県,長野県,7
2020,岩手県,滋賀県,7
2020,岩手県,兵庫県,7
2020,山形県,福岡県,7
2020,福島県,富山県,7
2020,茨城県,徳島県,7
2020,茨城県,宮崎県,7
2020,群馬県,岡山県,7
2020,群馬県,広島県,7
2020,千葉県,島根県,7
2020,千葉県,岡山県,7
2020,神奈川県,和歌山県,7
2020,神奈川県,鳥取県,7
2020,神奈川県,島根県,7
2020,神奈川県,徳島県,7
2020,新潟県,岡山県,7
2020,新潟県,広島県,7
2020,富山県,福島県,7
2020,富山県,鳥取県,7
2020,福井県,和歌山県,7
2020,山梨県,秋田県,7
2020,山梨県,三重県,7
2020,山梨県,長崎県,7
2020,長野県,宮崎県,7
2020,岐阜県,香川県,7
2020,岐阜県,長崎県,7
2020,岐阜県,大分県,7
2020,岐阜県,宮崎県,7
2020,三重県,山形県,7
2020,京都府,岩手県,7
2020,京都府,栃木県,7
2020,大阪府,佐賀県,7
2020,奈良県,香川県,7
2020,奈良県,沖縄県,7
2020,和歌山県,長野県,7
2020,鳥取県,和歌山県,7
2020,島根県,長野県,7
2020,山口県,群馬県,7
2020,山口県,岐阜県,7
2020,徳島県,群馬県,7
2020,徳島県,和歌山県,7
2020,徳島県,大分県,7
2020,徳島県,沖縄県,7
2020,香川県,宮城県,7
2020,香川県,群馬県,7
2020,愛媛県,富山県,7
2020,福岡県,三重県,7
2020,佐賀県,長野県,7
2020,佐賀県,三重県,7
2020,長崎県,香川県,7
2020,熊本県,石川県,7
2020,熊本県,山梨県,7
2020,熊本県,鳥取県,7
2020,熊本県,高知県,7
2020,宮崎県,徳島県,7
2020,鹿児島県,福島県,7
2020,鹿児島県,島根県,7
2020,山形県,三重県,6
2020,山形県,滋賀県,6
2020,山形県,奈良県,6
2020,茨城県,鳥取県,6
2020,茨城県,岡山県,6
2020,栃木県,高知県,6
2020,栃木県,熊本県,6
2020,群馬県,福井県,6
2020,群馬県,岐阜県,6
2020,埼玉県,島根県,6
2020,埼玉県,宮崎県,6
2020,神奈川県,香川県,6
2020,新潟県,島根県,6
2020,富山県,沖縄県,6
2020,石川県,山形県,6
2020,石川県,愛媛県,6
2020,福井県,山口県,6
2020,福井県,徳島県,6
2020,山梨県,岩手県,6
2020,山梨県,福井県,6
2020,山梨県,沖縄県,6
2020,長野県,香川県,6
2020,長野県,長崎県,6
2020,長野県,大分県,6
2020,岐阜県,岩手県,6
2020,静岡県,香川県,6
2020,愛知県,佐賀県,6
2020,滋賀県,島根県,6
2020,京都府,群馬県,6
2020,京都府,鹿児島県,6
2020,奈良県,福島県,6
2020,奈良県,群馬県,6
2020,和歌山県,新潟県,6
2020,和歌山県,長崎県,6
2020,鳥取県,栃木県,6
2020,鳥取県,山梨県,6
2020,島根県,栃木県,6
2020,島根県,群馬県,6
2020,岡山県,福島県,6
2020,広島県,福島県,6
2020,山口県,新潟県,6
2020,山口県,長野県,6
2020,徳島県,茨城県,6
2020,香川県,岐阜県,6
2020,香川県,三重県,6
2020,愛媛県,福島県,6
2020,愛媛県,新潟県,6
2020,高知県,山梨県,6
2020,福岡県,福島県,6
2020,福岡県,和歌山県,6
2020,佐賀県,新潟県,6
2020,佐賀県,石川県,6
2020,佐賀県,奈良県,6
2020,佐賀県,鳥取県,6
2020,佐賀県,愛媛県,6
2020,佐賀県,高知県,6
2020,長崎県,長野県,6
2020,熊本県,栃木県,6
2020,熊本県,長野県,6
2020,大分県,静岡県,6
2020,大分県,香川県,6
2020,沖縄県,富山県,6
2020,青森県,岐阜県,5
2020,青森県,滋賀県,5
2020,宮城県,岐阜県,5
2020,宮城県,熊本県,5
2020,秋田県,岐阜県,5
2020,秋田県,静岡県,5
2020,秋田県,広島県,5
2020,福島県,福井県,5
2020,茨城県,山口県,5
2020,茨城県,佐賀県,5
2020,栃木県,三重県,5
2020,群馬県,三重県,5
2020,埼玉県,長崎県,5
2020,埼玉県,熊本県,5
2020,新潟県,三重県,5
2020,富山県,島根県,5
2020,富山県,愛媛県,5
2020,石川県,徳島県,5
2020,石川県,高知県,5
2020,石川県,大分県,5
2020,福井県,大分県,5
2020,山梨県,青森県,5
2020,山梨県,鹿児島県,5
2020,長野県,山口県,5
2020,長野県,愛媛県,5
2020,岐阜県,和歌山県,5
2020,滋賀県,宮城県,5
2020,滋賀県,群馬県,5
2020,滋賀県,新潟県,5
2020,滋賀県,長崎県,5
2020,京都府,青森県,5
2020,京都府,佐賀県,5
2020,京都府,熊本県,5
2020,兵庫県,福島県,5
2020,奈良県,栃木県,5
2020,奈良県,新潟県,5
2020,和歌山県,群馬県,5
2020,和歌山県,宮崎県,5
2020,鳥取県,群馬県,5
2020,鳥取県,宮崎県,5
2020,島根県,三重県,5
2020,島根県,沖縄県,5
2020,岡山県,岩手県,5
2020,広島県,秋田県,5
2020,山口県,宮城県,5
2020,山口県,富山県,5
2020,山口県,石川県,5
2020,徳島県,秋田県,5
2020,徳島県,長野県,5
2020,徳島県,宮崎県,5
2020,香川県,栃木県,5
2020,香川県,長野県,5
2020,愛媛県,栃木県,5
2020,愛媛県,佐賀県,5
2020,福岡県,青森県,5
2020,佐賀県,岐阜県,5
2020,長崎県,栃木県,5
2020,熊本県,宮城県,5
2020,大分県,栃木県,5
2020,宮崎県,岩手県,5
2020,宮崎県,宮城県,5
2020,宮崎県,富山県,5
2020,鹿児島県,岩手県,5
2020,沖縄県,福井県,5
2020,青森県,富山県,4
2020,岩手県,岡山県,4
2020,岩手県,福岡県,4
2020,宮城県,三重県,4
2020,山形県,岡山県,4
2020,福島県,三重県,4
2020,福島県,奈良県,4
2020,福島県,広島県,4
2020,茨城県,福井県,4
2020,茨城県,島根県,4
2020,栃木県,福井県,4
2020,栃木県,岐阜県,4
2020,栃木県,愛媛県,4
2020,群馬県,鳥取県,4
2020,群馬県,山口県,4
2020,群馬県,宮崎県,4
2020,埼玉県,三重県,4
2020,千葉県,福井県,4
2020,千葉県,香川県,4
2020,新潟県,和歌山県,4
2020,新潟県,山口県,4
2020,新潟県,徳島県,4
2020,新潟県,高知県,4
2020,新潟県,大分県,4
2020,新潟県,鹿児島県,4
2020,富山県,青森県,4
2020,富山県,山形県,4
2020,富山県,和歌山県,4
2020,富山県,山口県,4
2020,石川県,和歌山県,4
2020,石川県,宮崎県,4
2020,福井県,香川県,4
2020,福井県,熊本県,4
2020,山梨県,高知県,4
2020,長野県,鳥取県,4
2020,長野県,鹿児島県,4
2020,岐阜県,福島県,4
2020,三重県,長崎県,4
2020,滋賀県,栃木県,4
2020,滋賀県,熊本県,4
2020,滋賀県,宮崎県,4
2020,滋賀県,鹿児島県,4
2020,京都府,長崎県,4
2020,奈良県,秋田県,4
2020,和歌山県,富山県,4
2020,和歌山県,大分県,4
2020,鳥取県,新潟県,4
2020,鳥取県,富山県,4
2020,鳥取県,長野県,4
2020,鳥取県,熊本県,4
2020,鳥取県,大分県,4
2020,島根県,福井県,4
2020,島根県,佐賀県,4
2020,島根県,鹿児島県,4
2020,広島県,岩手県,4
2020,広島県,福井県,4
2020,広島県,三重県,4
2020,山口県,山梨県,4
2020,山口県,和歌山県,4
2020,徳島県,新潟県,4
2020,徳島県,三重県,4
2020,徳島県,長崎県,4
2020,香川県,佐賀県,4
2020,香川県,熊本県,4
2020,香川県,鹿児島県,4
2020,高知県,栃木県,4
2020,高知県,鳥取県,4
2020,高知県,長崎県,4
2020,高知県,宮崎県,4
2020,福岡県,秋田県,4
2020,福岡県,福井県,4
2020,佐賀県,岩手県,4
2020,佐賀県,福島県,4
2020,佐賀県,島根県,4
2020,佐賀県,徳島県,4
2020,佐賀県,香川県,4
2020,長崎県,宮城県,4
2020,長崎県,秋田県,4
2020,長崎県,山形県,4
2020,熊本県,香川県,4
2020,大分県,新潟県,4
2020,大分県,長野県,4
2020,宮崎県,和歌山県,4
2020,鹿児島県,秋田県,4
2020,鹿児島県,山形県,4
2020,鹿児島県,富山県,4
2020,鹿児島県,福井県,4
2020,沖縄県,青森県,4
2020,北海道,佐賀県,3
2020,青森県,大分県,3
2020,青森県,宮崎県,3
2020,岩手県,広島県,3
2020,岩手県,高知県,3
2020,岩手県,長崎県,3
2020,岩手県,熊本県,3
2020,宮城県,大分県,3
2020,秋田県,滋賀県,3
2020,秋田県,熊本県,3
2020,福島県,愛媛県,3
2020,福島県,福岡県,3
2020,茨城県,香川県,3
2020,栃木県,鳥取県,3
2020,栃木県,島根県,3
2020,群馬県,島根県,3
2020,群馬県,高知県,3
2020,群馬県,長崎県,3
2020,埼玉県,和歌山県,3
2020,埼玉県,徳島県,3
2020,千葉県,三重県,3
2020,千葉県,和歌山県,3
2020,千葉県,徳島県,3
2020,千葉県,佐賀県,3
2020,東京都,佐賀県,3
2020,神奈川県,佐賀県,3
2020,新潟県,長崎県,3
2020,富山県,岩手県,3
2020,富山県,香川県,3
2020,石川県,青森県,3
2020,石川県,岩手県,3
2020,石川県,熊本県,3
2020,石川県,鹿児島県,3
2020,福井県,愛媛県,3
2020,山梨県,島根県,3
2020,山梨県,大分県,3
2020,山梨県,宮崎県,3
2020,岐阜県,熊本県,3
2020,静岡県,佐賀県,3
2020,三重県,青森県,3
2020,三重県,熊本県,3
2020,滋賀県,秋田県,3
2020,滋賀県,佐賀県,3
2020,京都府,山形県,3
2020,奈良県,青森県,3
2020,奈良県,長崎県,3
2020,奈良県,熊本県,3
2020,和歌山県,福島県,3
2020,和歌山県,佐賀県,3
2020,島根県,宮城県,3
2020,島根県,富山県,3
2020,岡山県,青森県,3
2020,岡山県,秋田県,3
2020,岡山県,山形県,3
2020,岡山県,富山県,3
2020,山口県,栃木県,3
2020,徳島県,岩手県,3
2020,香川県,秋田県,3
2020,香川県,福島県,3
2020,香川県,富山県,3
2020,香川県,福井県,3
2020,愛媛県,秋田県,3
2020,愛媛県,福井県,3
2020,高知県,山形県,3
2020,高知県,三重県,3
2020,福岡県,山形県,3
2020,佐賀県,宮城県,3
2020,長崎県,福島県,3
2020,長崎県,富山県,3
2020,長崎県,三重県,3
2020,熊本県,福島県,3
2020,熊本県,福井県,3
2020,大分県,富山県,3
2020,大分県,岐阜県,3
2020,大分県,三重県,3
2020,宮崎県,山形県,3
2020,宮崎県,長野県,3
2020,宮崎県,三重県,3
2020,鹿児島県,青森県,3
2020,沖縄県,山形県,3
2020,沖縄県,和歌山県,3
2020,青森県,山口県,2
2020,青森県,福岡県,2
2020,青森県,沖縄県,2
2020,岩手県,奈良県,2
2020,岩手県,島根県,2
2020,宮城県,鳥取県,2
2020,宮城県,島根県,2
2020,宮城県,山口県,2
2020,宮城県,高知県,2
2020,宮城県,鹿児島県,2
2020,秋田県,島根県,2
2020,秋田県,岡山県,2
2020,秋田県,高知県,2
2020,山形県,福井県,2
2020,山形県,和歌山県,2
2020,山形県,鳥取県,2
2020,山形県,広島県,2
2020,山形県,熊本県,2
2020,山形県,大分県,2
2020,山形県,沖縄県,2
2020,福島県,岐阜県,2
2020,福島県,鳥取県,2
2020,福島県,島根県,2
2020,福島県,大分県,2
2020,福島県,宮崎県,2
2020,茨城県,三重県,2
2020,茨城県,和歌山県,2
2020,栃木県,徳島県,2
2020,栃木県,香川県,2
2020,群馬県,徳島県,2
2020,群馬県,愛媛県,2
2020,群馬県,熊本県,2
2020,群馬県,大分県,2
2020,埼玉県,鳥取県,2
2020,埼玉県,佐賀県,2
2020,千葉県,鳥取県,2
2020,新潟県,熊本県,2
2020,新潟県,宮崎県,2
2020,富山県,長崎県,2
2020,富山県,大分県,2
2020,石川県,福島県,2
2020,石川県,山口県,2
2020,石川県,香川県,2
2020,石川県,長崎県,2
2020,福井県,青森県,2
2020,福井県,宮崎県,2
2020,福井県,鹿児島県,2
2020,福井県,沖縄県,2
2020,山梨県,鳥取県,2
2020,山梨県,山口県,2
2020,山梨県,徳島県,2
2020,山梨県,愛媛県,2
2020,長野県,熊本県,2
2020,奈良県,佐賀県,2
2020,和歌山県,岩手県,2
2020,和歌山県,鹿児島県,2
2020,鳥取県,青森県,2
2020,鳥取県,岩手県,2
2020,鳥取県,秋田県,2
2020,鳥取県,福井県,2
2020,鳥取県,三重県,2
2020,鳥取県,佐賀県,2
2020,鳥取県,長崎県,2
2020,鳥取県,鹿児島県,2
2020,鳥取県,沖縄県,2
2020,島根県,青森県,2
2020,島根県,和歌山県,2
2020,広島県,山形県,2
2020,山口県,福島県,2
2020,山口県,福井県,2
2020,徳島県,宮城県,2
2020,徳島県,栃木県,2
2020,徳島県,富山県,2
2020,徳島県,熊本県,2
2020,香川県,岩手県,2
2020,愛媛県,青森県,2
2020,高知県,岩手県,2
2020,高知県,宮城県,2
2020,高知県,新潟県,2
2020,高知県,富山県,2
2020,高知県,長野県,2
2020,高知県,鹿児島県,2
2020,福岡県,富山県,2
2020,佐賀県,栃木県,2
2020,佐賀県,和歌山県,2
2020,長崎県,福井県,2
2020,長崎県,和歌山県,2
2020,熊本県,山形県,2
2020,熊本県,三重県,2
2020,熊本県,徳島県,2
2020,大分県,宮城県,2
2020,宮崎県,秋田県,2
2020,宮崎県,鳥取県,2
2020,鹿児島県,和歌山県,2
2020,青森県,福井県,1
2020,青森県,島根県,1
2020,青森県,岡山県,1
2020,青森県,広島県,1
2020,青森県,愛媛県,1
2020,青森県,長崎県,1
2020,青森県,鹿児島県,1
2020,岩手県,福井県,1
2020,岩手県,三重県,1
2020,岩手県,鳥取県,1
2020,岩手県,愛媛県,1
2020,岩手県,大分県,1
2020,宮城県,広島県,1
2020,宮城県,愛媛県,1
2020,宮城県,宮崎県,1
2020,秋田県,三重県,1
2020,秋田県,山口県,1
2020,秋田県,香川県,1
2020,秋田県,福岡県,1
2020,秋田県,長崎県,1
2020,秋田県,鹿児島県,1
2020,山形県,香川県,1
2020,山形県,愛媛県,1
2020,山形県,長崎県,1
2020,山形県,鹿児島県,1
2020,福島県,岡山県,1
2020,福島県,徳島県,1
2020,福島県,香川県,1
2020,福島県,長崎県,1
2020,福島県,熊本県,1
2020,栃木県,和歌山県,1
2020,栃木県,山口県,1
2020,栃木県,大分県,1
2020,栃木県,宮崎県,1
2020,群馬県,佐賀県,1
2020,新潟県,鳥取県,1
2020,新潟県,香川県,1
2020,新潟県,愛媛県,1
2020,富山県,徳島県,1
2020,富山県,佐賀県,1
2020,富山県,熊本県,1
2020,富山県,宮崎県,1
2020,富山県,鹿児島県,1
2020,福井県,秋田県,1
2020,福井県,福島県,1
2020,福井県,長崎県,1
2020,山梨県,香川県,1
2020,山梨県,佐賀県,1
2020,長野県,和歌山県,1
2020,長野県,徳島県,1
2020,岐阜県,青森県,1
2020,岐阜県,佐賀県,1
2020,三重県,岩手県,1
2020,滋賀県,福島県,1
2020,奈良県,岩手県,1
2020,奈良県,山形県,1
2020,和歌山県,青森県,1
2020,和歌山県,沖縄県,1
2020,島根県,岩手県,1
2020,島根県,秋田県,1
2020,島根県,山形県,1
2020,山口県,青森県,1
2020,山口県,岩手県,1
2020,山口県,秋田県,1
2020,徳島県,青森県,1
2020,徳島県,山形県,1
2020,徳島県,福島県,1
2020,徳島県,福井県,1
2020,徳島県,佐賀県,1
2020,徳島県,鹿児島県,1
2020,香川県,山形県,1
2020,愛媛県,岩手県,1
2020,愛媛県,山形県,1
2020,高知県,秋田県,1
2020,高知県,福島県,1
2020,高知県,福井県,1
2020,高知県,熊本県,1
2020,高知県,沖縄県,1
2020,佐賀県,青森県,1
2020,佐賀県,秋田県,1
2020,佐賀県,山形県,1
2020,佐賀県,群馬県,1
2020,佐賀県,福井県,1
2020,長崎県,青森県,1
2020,長崎県,岩手県,1
2020,熊本県,青森県,1
2020,熊本県,岩手県,1
2020,熊本県,秋田県,1
2020,熊本県,和歌山県,1
2020,大分県,青森県,1
2020,大分県,岩手県,1
2020,大分県,秋田県,1
2020,大分県,山形県,1
2020,大分県,福井県,1
2020,大分県,和歌山県,1
2020,宮崎県,福井県,1
2021,神奈川県,東京都,23058
2021,埼玉県,東京都,17761
2021,千葉県,東京都,13804
2021,東京都,神奈川県,9968
2021,兵庫県,大阪府,7715
2021,大阪府,京都府,7066
2021,東京都,埼玉県,5883
2021,大阪府,兵庫県,4927
2021,茨城県,東京都,4749
2021,岐阜県,愛知県,4584
2021,東京都,千葉県,4548
2021,静岡県,東京都,3200
2021,京都府,大阪府,3190
2021,奈良県,大阪府,3079
2021,滋賀県,京都府,2977
2021,三重県,愛知県,2925
2021,兵庫県,京都府,2803
2021,栃木県,東京都,2504
2021,千葉県,神奈川県,2201
2021,北海道,東京都,2184
2021,群馬県,東京都,2173
2021,長野県,東京都,2088
2021,静岡県,神奈川県,2045
2021,埼玉県,千葉県,2043
2021,茨城県,千葉県,2007
2021,愛知県,東京都,2007
2021,埼玉県,神奈川県,1991
2021,静岡県,愛知県,1964
2021,千葉県,埼玉県,1772
2021,和歌山県,大阪府,1710
2021,山梨県,東京都,1684
2021,奈良県,京都府,1592
2021,新潟県,東京都,1585
2021,大阪府,奈良県,1523
2021,佐賀県,福岡県,1426
2021,福岡県,東京都,1415
2021,愛知県,岐阜県,1348
2021,福島県,東京都,1329
2021,群馬県,埼玉県,1299
2021,熊本県,福岡県,1297
2021,京都府,滋賀県,1286
2021,滋賀県,大阪府,1283
2021,大阪府,滋賀県,1258
2021,茨城県,埼玉県,1256
2021,大阪府,東京都,1162
2021,愛知県,京都府,1159
2021,長崎県,福岡県,1150
2021,栃木県,埼玉県,1126
2021,宮城県,東京都,1115
2021,鹿児島県,福岡県,1070
2021,福島県,宮城県,1035
2021,茨城県,神奈川県,1010
2021,兵庫県,東京都,993
2021,大分県,福岡県,980
2021,神奈川県,千葉県,947
2021,富山県,石川県,935
2021,神奈川県,埼玉県,928
2021,山口県,福岡県,858
2021,広島県,大阪府,856
2021,沖縄県,東京都,843
2021,宮崎県,福岡県,827
2021,長野県,神奈川県,820
2021,広島県,岡山県,820
2021,京都府,兵庫県,789
2021,岩手県,宮城県,782
2021,広島県,東京都,770
2021,山形県,宮城県,766
2021,岡山県,大阪府,750
2021,大阪府,和歌山県,743
2021,愛知県,静岡県,717
2021,福岡県,佐賀県,710
2021,千葉県,茨城県,708
2021,愛知県,三重県,692
2021,山口県,広島県,685
2021,広島県,京都府,673
2021,栃木県,神奈川県,672
2021,長野県,愛知県,667
2021,愛知県,大阪府,666
2021,埼玉県,群馬県,665
2021,兵庫県,岡山県,665
2021,香川県,大阪府,645
2021,香川県,岡山県,645
2021,青森県,宮城県,633
2021,新潟県,神奈川県,633
2021,三重県,大阪府,629
2021,岡山県,兵庫県,629
2021,福岡県,山口県,629
2021,群馬県,神奈川県,626
2021,岡山県,広島県,621
2021,北海道,神奈川県,618
2021,福岡県,熊本県,615
2021,静岡県,千葉県,612
2021,山形県,東京都,596
2021,長野県,埼玉県,591
2021,静岡県,京都府,575
2021,茨城県,栃木県,561
2021,広島県,福岡県,560
2021,愛媛県,広島県,559
2021,東京都,北海道,557
2021,愛知県,神奈川県,557
2021,鹿児島県,東京都,555
2021,宮城県,山形県,554
2021,栃木県,千葉県,554
2021,奈良県,兵庫県,547
2021,福岡県,京都府,546
2021,富山県,東京都,543
2021,山梨県,神奈川県,542
2021,岡山県,東京都,541
2021,青森県,東京都,540
2021,岡山県,京都府,540
2021,岩手県,東京都,539
2021,東京都,茨城県,536
2021,島根県,広島県,536
2021,新潟県,埼玉県,532
2021,東京都,京都府,530
2021,岐阜県,東京都,525
2021,福島県,神奈川県,522
2021,広島県,兵庫県,516
2021,福岡県,大阪府,516
2021,秋田県,宮城県,512
2021,熊本県,東京都,512
2021,三重県,京都府,491
2021,香川県,兵庫県,484
2021,栃木県,群馬県,481
2021,福島県,埼玉県,479
2021,愛知県,滋賀県,473
2021,沖縄県,福岡県,466
2021,愛媛県,大阪府,465
2021,兵庫県,滋賀県,462
2021,広島県,山口県,462
2021,和歌山県,京都府,458
2021,三重県,東京都,455
2021,福岡県,長崎県,455
2021,東京都,山梨県,453
2021,福井県,京都府,450
2021,京都府,東京都,450
2021,北海道,大阪府,441
2021,香川県,京都府,437
2021,京都府,奈良県,432
2021,石川県,東京都,429
2021,長野県,千葉県,426
2021,静岡県,埼玉県,425
2021,北海道,京都府,422
2021,福島県,千葉県,420
2021,新潟県,千葉県,416
2021,埼玉県,茨城県,404
2021,宮城県,神奈川県,402
2021,愛媛県,東京都,399
2021,愛媛県,岡山県,397
2021,秋田県,東京都,393
2021,長崎県,東京都,389
2021,北海道,青森県,385
2021,広島県,愛媛県,384
2021,奈良県,東京都,381
2021,福井県,大阪府,375
2021,福島県,栃木県,374
2021,愛知県,兵庫県,370
2021,宮崎県,東京都,366
2021,石川県,京都府,365
2021,静岡県,大阪府,356
2021,兵庫県,広島県,352
2021,福岡県,神奈川県,352
2021,岐阜県,京都府,351
2021,和歌山県,兵庫県,346
2021,岡山県,香川県,343
2021,群馬県,千葉県,339
2021,長野県,群馬県,338
2021,北海道,埼玉県,337
2021,静岡県,山梨県,337
2021,山形県,新潟県,336
2021,愛媛県,兵庫県,335
2021,徳島県,大阪府,334
2021,青森県,北海道,329
2021,福井県,石川県,328
2021,福島県,新潟県,326
2021,鹿児島県,熊本県,326
2021,石川県,富山県,319
2021,長野県,新潟県,319
2021,富山県,愛知県,318
2021,北海道,千葉県,315
2021,福井県,愛知県,313
2021,大阪府,神奈川県,311
2021,山口県,東京都,310
2021,香川県,東京都,310
2021,佐賀県,東京都,310
2021,福岡県,兵庫県,308
2021,兵庫県,鳥取県,303
2021,福岡県,大分県,300
2021,福岡県,広島県,299
2021,愛媛県,京都府,298
2021,大分県,東京都,298
2021,兵庫県,奈良県,297
2021,石川県,大阪府,296
2021,長野県,山梨県,296
2021,新潟県,石川県,294
2021,宮崎県,熊本県,294
2021,群馬県,栃木県,290
2021,福井県,東京都,290
2021,宮城県,千葉県,285
2021,東京都,群馬県,284
2021,高知県,大阪府,283
2021,長野県,石川県,281
2021,岩手県,北海道,277
2021,宮城県,埼玉県,277
2021,長野県,京都府,274
2021,東京都,宮城県,272
2021,宮城県,岩手県,269
2021,長崎県,熊本県,269
2021,神奈川県,北海道,267
2021,愛知県,北海道,267
2021,島根県,大阪府,267
2021,沖縄県,大阪府,266
2021,兵庫県,神奈川県,265
2021,香川県,愛媛県,265
2021,山口県,大阪府,261
2021,茨城県,福島県,259
2021,茨城県,群馬県,259
2021,山梨県,埼玉県,255
2021,鳥取県,大阪府,255
2021,神奈川県,山梨県,253
2021,宮崎県,鹿児島県,251
2021,埼玉県,栃木県,250
2021,愛知県,富山県,250
2021,高知県,東京都,250
2021,北海道,兵庫県,249
2021,兵庫県,徳島県,248
2021,福島県,茨城県,247
2021,愛知県,長野県,247
2021,山形県,神奈川県,245
2021,石川県,愛知県,243
2021,沖縄県,神奈川県,243
2021,山口県,京都府,241
2021,東京都,大阪府,240
2021,大阪府,愛知県,240
2021,兵庫県,愛知県,240
2021,香川県,広島県,237
2021,青森県,岩手県,235
2021,愛知県,福井県,234
2021,島根県,岡山県,234
2021,山口県,岡山県,234
2021,徳島県,兵庫県,234
2021,奈良県,滋賀県,233
2021,岩手県,青森県,232
2021,神奈川県,京都府,232
2021,宮城県,福島県,228
2021,山梨県,千葉県,227
2021,富山県,新潟県,225
2021,愛知県,石川県,223
2021,兵庫県,福岡県,222
2021,愛媛県,福岡県,221
2021,鹿児島県,大阪府,221
2021,山形県,千葉県,220
2021,愛知県,千葉県,220
2021,岐阜県,大阪府,219
2021,宮崎県,大分県,218
2021,鳥取県,岡山県,217
2021,富山県,京都府,215
2021,岐阜県,滋賀県,215
2021,滋賀県,兵庫県,215
2021,神奈川県,静岡県,214
2021,茨城県,宮城県,213
2021,東京都,静岡県,213
2021,岡山県,福岡県,212
2021,栃木県,茨城県,210
2021,熊本県,鹿児島県,210
2021,北海道,愛知県,209
2021,高知県,京都府,209
2021,鳥取県,兵庫県,206
2021,秋田県,新潟県,205
2021,新潟県,群馬県,205
2021,広島県,神奈川県,205
2021,福岡県,鹿児島県,205
2021,高知県,兵庫県,204
2021,大分県,熊本県,204
2021,徳島県,京都府,203
2021,群馬県,新潟県,202
2021,静岡県,長野県,202
2021,秋田県,青森県,200
2021,栃木県,福島県,199
2021,高知県,岡山県,198
2021,千葉県,北海道,197
2021,福島県,山形県,196
2021,秋田県,岩手県,195
2021,鳥取県,京都府,195
2021,広島県,島根県,195
2021,埼玉県,北海道,194
2021,沖縄県,千葉県,194
2021,埼玉県,宮城県,192
2021,富山県,大阪府,191
2021,岩手県,神奈川県,187
2021,佐賀県,長崎県,187
2021,滋賀県,愛知県,183
2021,高知県,愛媛県,183
2021,沖縄県,愛知県,182
2021,富山県,神奈川県,179
2021,熊本県,京都府,179
2021,茨城県,北海道,178
2021,青森県,神奈川県,177
2021,栃木県,宮城県,177
2021,大阪府,北海道,177
2021,岐阜県,石川県,176
2021,三重県,兵庫県,176
2021,大阪府,福岡県,176
2021,北海道,宮城県,175
2021,徳島県,岡山県,175
2021,鹿児島県,京都府,175
2021,静岡県,北海道,174
2021,熊本県,神奈川県,174
2021,静岡県,石川県,173
2021,兵庫県,高知県,173
2021,熊本県,長崎県,173
2021,青森県,埼玉県,172
2021,長崎県,佐賀県,172
2021,和歌山県,東京都,170
2021,新潟県,京都府,169
2021,大阪府,広島県,169
2021,鹿児島県,宮崎県,169
2021,青森県,千葉県,168
2021,岐阜県,神奈川県,167
2021,山形県,埼玉県,166
2021,岡山県,愛媛県,166
2021,徳島県,東京都,166
2021,福岡県,千葉県,166
2021,神奈川県,茨城県,165
2021,愛知県,埼玉県,165
2021,新潟県,宮城県,164
2021,兵庫県,北海道,164
2021,福井県,兵庫県,163
2021,東京都,長野県,162
2021,熊本県,大阪府,162
2021,静岡県,岐阜県,160
2021,大分県,長崎県,160
2021,沖縄県,埼玉県,160
2021,沖縄県,京都府,160
2021,鳥取県,島根県,159
2021,大分県,山口県,159
2021,鹿児島県,神奈川県,159
2021,東京都,兵庫県,158
2021,香川県,徳島県,158
2021,鳥取県,広島県,157
2021,山口県,兵庫県,157
2021,静岡県,茨城県,156
2021,愛媛県,香川県,156
2021,岩手県,千葉県,155
2021,三重県,滋賀県,155
2021,鳥取県,東京都,155
2021,山形県,福島県,154
2021,埼玉県,京都府,153
2021,長野県,富山県,153
2021,愛知県,広島県,153
2021,愛媛県,徳島県,153
2021,愛媛県,高知県,152
2021,佐賀県,熊本県,152
2021,岡山県,島根県,151
2021,福岡県,宮崎県,151
2021,岩手県,埼玉県,150
2021,岡山県,山口県,150
2021,群馬県,京都府,149
2021,大阪府,徳島県,147
2021,宮城県,北海道,146
2021,静岡県,滋賀県,146
2021,滋賀県,東京都,146
2021,広島県,滋賀県,146
2021,静岡県,兵庫県,145
2021,島根県,京都府,145
2021,埼玉県,山梨県,144
2021,島根県,兵庫県,144
2021,熊本県,大分県,144
2021,秋田県,神奈川県,143
2021,東京都,愛知県,143
2021,石川県,福井県,143
2021,島根県,東京都,143
2021,千葉県,京都府,142
2021,秋田県,北海道,140
2021,大分県,広島県,139
2021,神奈川県,宮城県,138
2021,岐阜県,富山県,138
2021,福岡県,岡山県,138
2021,山梨県,長野県,137
2021,鹿児島県,兵庫県,136
2021,岩手県,秋田県,134
2021,新潟県,長野県,134
2021,大阪府,岡山県,134
2021,岡山県,鳥取県,133
2021,岡山県,高知県,133
2021,茨城県,京都府,132
2021,栃木県,新潟県,132
2021,岡山県,神奈川県,132
2021,鹿児島県,広島県,132
2021,岐阜県,静岡県,131
2021,鹿児島県,愛知県,131
2021,岩手県,山形県,130
2021,石川県,神奈川県,130
2021,福岡県,滋賀県,130
2021,長崎県,大阪府,129
2021,石川県,兵庫県,128
2021,兵庫県,山口県,128
2021,静岡県,群馬県,127
2021,兵庫県,香川県,127
2021,福岡県,埼玉県,127
2021,長崎県,山口県,127
2021,鹿児島県,長崎県,127
2021,山梨県,静岡県,126
2021,長野県,大阪府,126
2021,三重県,神奈川県,126
2021,島根県,福岡県,124
2021,大分県,宮崎県,124
2021,三重県,奈良県,122
2021,徳島県,広島県,122
2021,大分県,京都府,122
2021,沖縄県,兵庫県,122
2021,京都府,愛知県,121
2021,長崎県,大分県,121
2021,茨城県,新潟県,120
2021,長野県,静岡県,120
2021,兵庫県,島根県,120
2021,東京都,大分県,119
2021,神奈川県,大阪府,119
2021,長崎県,広島県,118
2021,東京都,福岡県,117
2021,富山県,千葉県,117
2021,静岡県,宮城県,117
2021,兵庫県,石川県,117
2021,宮崎県,大阪府,117
2021,愛知県,福岡県,116
2021,千葉県,宮城県,115
2021,千葉県,静岡県,115
2021,神奈川県,群馬県,115
2021,岡山県,愛知県,115
2021,群馬県,宮城県,114
2021,徳島県,高知県,114
2021,宮城県,新潟県,113
2021,奈良県,愛知県,113
2021,徳島県,香川県,113
2021,香川県,福岡県,113
2021,高知県,徳島県,113
2021,熊本県,宮崎県,113
2021,群馬県,茨城県,112
2021,福井県,滋賀県,112
2021,大阪府,埼玉県,112
2021,福島県,群馬県,111
2021,岐阜県,兵庫県,111
2021,広島県,愛知県,111
2021,愛媛県,神奈川県,111
2021,宮崎県,長崎県,111
2021,宮城県,青森県,110
2021,愛知県,茨城県,110
2021,京都府,神奈川県,110
2021,福岡県,愛知県,110
2021,長崎県,鹿児島県,110
2021,京都府,岡山県,109
2021,高知県,香川県,109
2021,東京都,栃木県,108
2021,岐阜県,福井県,108
2021,三重県,静岡県,108
2021,山梨県,京都府,107
2021,兵庫県,和歌山県,107
2021,徳島県,愛媛県,107
2021,北海道,茨城県,106
2021,北海道,新潟県,105
2021,千葉県,群馬県,105
2021,広島県,千葉県,105
2021,宮城県,京都府,104
2021,山梨県,愛知県,104
2021,長野県,岐阜県,104
2021,岡山県,徳島県,104
2021,愛媛県,山口県,104
2021,長崎県,京都府,104
2021,石川県,新潟県,103
2021,大阪府,千葉県,103
2021,和歌山県,奈良県,103
2021,愛媛県,愛知県,103
2021,北海道,福岡県,102
2021,青森県,秋田県,102
2021,岐阜県,長野県,101
2021,岩手県,福島県,100
2021,栃木県,山形県,100
2021,静岡県,三重県,100
2021,滋賀県,岐阜県,100
2021,奈良県,神奈川県,100
2021,大分県,大阪府,100
2021,沖縄県,長崎県,100
2021,茨城県,山梨県,99
2021,群馬県,長野県,99
2021,熊本県,佐賀県,99
2021,沖縄県,広島県,99
2021,北海道,群馬県,98
2021,宮城県,栃木県,98
2021,埼玉県,大阪府,98
2021,富山県,埼玉県,98
2021,宮崎県,神奈川県,98
2021,秋田県,埼玉県,97
2021,新潟県,富山県,97
2021,熊本県,広島県,97
2021,兵庫県,埼玉県,96
2021,長崎県,神奈川県,96
2021,鹿児島県,埼玉県,96
2021,富山県,福井県,95
2021,大阪府,鳥取県,95
2021,島根県,山口県,95
2021,鹿児島県,山口県,95
2021,千葉県,愛知県,94
2021,兵庫県,千葉県,94
2021,茨城県,大阪府,93
2021,静岡県,広島県,93
2021,兵庫県,愛媛県,93
2021,群馬県,石川県,92
2021,千葉県,大阪府,92
2021,佐賀県,京都府,92
2021,宮城県,群馬県,91
2021,秋田県,千葉県,91
2021,福島県,北海道,91
2021,三重県,岐阜県,91
2021,山口県,神奈川県,91
2021,熊本県,兵庫県,91
2021,青森県,山形県,90
2021,秋田県,山形県,90
2021,新潟県,山形県,90
2021,新潟県,福島県,90
2021,岐阜県,三重県,90
2021,香川県,高知県,90
2021,岡山県,滋賀県,89
2021,千葉県,山梨県,88
2021,京都府,北海道,88
2021,沖縄県,岡山県,88
2021,北海道,滋賀県,87
2021,宮城県,秋田県,87
2021,新潟県,北海道,87
2021,愛知県,奈良県,87
2021,京都府,広島県,87
2021,富山県,岐阜県,86
2021,三重県,石川県,86
2021,高知県,広島県,86
2021,宮崎県,京都府,86
2021,埼玉県,長野県,85
2021,静岡県,新潟県,85
2021,愛知県,山梨県,85
2021,和歌山県,滋賀県,85
2021,鹿児島県,千葉県,85
2021,福井県,富山県,84
2021,大阪府,高知県,84
2021,茨城県,静岡県,83
2021,群馬県,福島県,83
2021,東京都,新潟県,83
2021,新潟県,大阪府,83
2021,山梨県,大阪府,83
2021,兵庫県,長野県,83
2021,香川県,神奈川県,83
2021,山形県,北海道,82
2021,富山県,長野県,82
2021,静岡県,奈良県,82
2021,宮崎県,広島県,82
2021,北海道,静岡県,81
2021,新潟県,茨城県,81
2021,大阪府,三重県,81
2021,島根県,鳥取県,81
2021,広島県,鳥取県,81
2021,長野県,北海道,80
2021,長野県,栃木県,80
2021,岐阜県,千葉県,80
2021,京都府,石川県,80
2021,大阪府,石川県,80
2021,長崎県,兵庫県,80
2021,大分県,鹿児島県,80
2021,青森県,新潟県,79
2021,埼玉県,新潟県,79
2021,東京都,福島県,79
2021,新潟県,愛知県,79
2021,沖縄県,熊本県,79
2021,東京都,滋賀県,78
2021,神奈川県,長野県,78
2021,三重県,広島県,78
2021,大分県,兵庫県,78
2021,茨城県,長野県,77
2021,宮崎県,山口県,77
2021,新潟県,秋田県,76
2021,長野県,茨城県,76
2021,愛知県,鳥取県,76
2021,広島県,北海道,76
2021,広島県,埼玉県,76
2021,広島県,高知県,76
2021,大分県,神奈川県,76
2021,石川県,滋賀県,75
2021,高知県,神奈川県,75
2021,福岡県,北海道,75
2021,山形県,秋田県,74
2021,福島県,岩手県,74
2021,茨城県,愛知県,74
2021,栃木県,京都府,74
2021,埼玉県,静岡県,74
2021,東京都,石川県,74
2021,新潟県,栃木県,74
2021,石川県,埼玉県,74
2021,福井県,神奈川県,74
2021,大阪府,岐阜県,74
2021,奈良県,北海道,74
2021,和歌山県,愛知県,74
2021,香川県,愛知県,74
2021,北海道,広島県,73
2021,茨城県,山形県,73
2021,神奈川県,愛知県,73
2021,北海道,山梨県,72
2021,宮城県,茨城県,72
2021,栃木県,山梨県,72
2021,千葉県,栃木県,72
2021,京都府,鳥取県,72
2021,佐賀県,山口県,72
2021,宮崎県,兵庫県,72
2021,青森県,福島県,71
2021,宮城県,大阪府,71
2021,富山県,兵庫県,71
2021,石川県,千葉県,71
2021,静岡県,福岡県,71
2021,奈良県,和歌山県,71
2021,熊本県,山口県,71
2021,鹿児島県,沖縄県,71
2021,山形県,群馬県,70
2021,栃木県,静岡県,70
2021,兵庫県,静岡県,70
2021,佐賀県,大分県,70
2021,長崎県,宮崎県,70
2021,愛知県,岡山県,69
2021,佐賀県,大阪府,69
2021,北海道,岩手県,68
2021,栃木県,北海道,68
2021,静岡県,福島県,68
2021,沖縄県,徳島県,68
2021,岩手県,群馬県,67
2021,山形県,茨城県,67
2021,長野県,兵庫県,67
2021,静岡県,山形県,66
2021,滋賀県,石川県,66
2021,熊本県,千葉県,66
2021,岩手県,新潟県,65
2021,福井県,岐阜県,65
2021,秋田県,福島県,64
2021,三重県,千葉県,64
2021,岩手県,茨城県,63
2021,群馬県,北海道,63
2021,長野県,宮城県,63
2021,大阪府,山口県,63
2021,大阪府,愛媛県,63
2021,埼玉県,愛知県,62
2021,富山県,滋賀県,62
2021,愛知県,山口県,62
2021,鹿児島県,岡山県,62
2021,北海道,石川県,61
2021,神奈川県,兵庫県,61
2021,岐阜県,山梨県,61
2021,岡山県,埼玉県,61
2021,愛媛県,滋賀県,61
2021,佐賀県,広島県,61
2021,長崎県,岡山県,61
2021,宮崎県,佐賀県,61
2021,山形県,栃木県,60
2021,千葉県,長野県,60
2021,東京都,秋田県,60
2021,愛知県,高知県,60
2021,滋賀県,奈良県,60
2021,岡山県,千葉県,60
2021,香川県,滋賀県,60
2021,高知県,福岡県,60
2021,佐賀県,神奈川県,60
2021,長崎県,千葉県,60
2021,大分県,岡山県,60
2021,北海道,岡山県,59
2021,山形県,青森県,59
2021,静岡県,富山県,59
2021,大阪府,静岡県,59
2021,沖縄県,北海道,59
2021,北海道,山形県,58
2021,東京都,山形県,58
2021,岐阜県,北海道,58
2021,大阪府,長野県,58
2021,兵庫県,三重県,58
2021,広島県,香川県,58
2021,長崎県,沖縄県,58
2021,大分県,愛知県,58
2021,岩手県,栃木県,57
2021,埼玉県,福島県,57
2021,新潟県,山梨県,57
2021,島根県,愛媛県,57
2021,徳島県,神奈川県,57
2021,沖縄県,大分県,57
2021,山形県,岩手県,56
2021,栃木県,長野県,56
2021,群馬県,山梨県,56
2021,石川県,北海道,56
2021,福井県,広島県,56
2021,三重県,長野県,56
2021,兵庫県,茨城県,56
2021,沖縄県,岐阜県,56
2021,神奈川県,福岡県,55
2021,福岡県,茨城県,55
2021,長崎県,愛知県,55
2021,茨城県,兵庫県,54
2021,岐阜県,埼玉県,54
2021,愛知県,宮城県,54
2021,愛知県,群馬県,54
2021,和歌山県,神奈川県,54
2021,熊本県,埼玉県,54
2021,宮崎県,千葉県,54
2021,鹿児島県,大分県,54
2021,栃木県,秋田県,53
2021,山梨県,兵庫県,53
2021,静岡県,栃木県,53
2021,京都府,福岡県,53
2021,奈良県,三重県,53
2021,和歌山県,徳島県,53
2021,鳥取県,福岡県,53
2021,広島県,長崎県,53
2021,佐賀県,兵庫県,53
2021,福島県,秋田県,52
2021,福島県,京都府,52
2021,茨城県,秋田県,52
2021,京都府,福井県,52
2021,大阪府,茨城県,52
2021,愛媛県,大分県,52
2021,福岡県,奈良県,52
2021,福岡県,沖縄県,52
2021,埼玉県,石川県,51
2021,長野県,滋賀県,51
2021,大阪府,島根県,51
2021,兵庫県,長崎県,51
2021,山口県,長崎県,51
2021,北海道,長野県,50
2021,神奈川県,石川県,50
2021,新潟県,兵庫県,50
2021,滋賀県,神奈川県,50
2021,山口県,熊本県,50
2021,鹿児島県,佐賀県,50
2021,岩手県,山梨県,49
2021,千葉県,兵庫県,49
2021,富山県,北海道,49
2021,岐阜県,広島県,49
2021,静岡県,秋田県,49
2021,三重県,福井県,49
2021,島根県,神奈川県,49
2021,山口県,愛知県,49
2021,徳島県,愛知県,49
2021,宮崎県,埼玉県,49
2021,青森県,茨城県,48
2021,埼玉県,山形県,48
2021,東京都,岩手県,48
2021,愛知県,秋田県,48
2021,兵庫県,大分県,48
2021,和歌山県,広島県,48
2021,広島県,奈良県,48
2021,山口県,埼玉県,48
2021,宮城県,愛知県,47
2021,秋田県,栃木県,47
2021,栃木県,大阪府,47
2021,群馬県,静岡県,47
2021,石川県,長野県,47
2021,福井県,新潟県,47
2021,愛知県,鹿児島県,47
2021,滋賀県,広島県,47
2021,岡山県,北海道,47
2021,愛媛県,埼玉県,47
2021,愛媛県,千葉県,47
2021,宮崎県,愛知県,47
2021,北海道,秋田県,46
2021,秋田県,茨城県,46
2021,富山県,山梨県,46
2021,福井県,静岡県,46
2021,三重県,北海道,46
2021,大阪府,大分県,46
2021,岡山県,奈良県,46
2021,沖縄県,山口県,46
2021,北海道,沖縄県,45
2021,石川県,岐阜県,45
2021,奈良県,福岡県,45
2021,和歌山県,三重県,45
2021,和歌山県,岡山県,45
2021,広島県,徳島県,45
2021,山口県,千葉県,45
2021,香川県,千葉県,45
2021,沖縄県,茨城県,45
2021,福島県,山梨県,44
2021,群馬県,大阪府,44
2021,富山県,群馬県,44
2021,福井県,埼玉県,44
2021,京都府,徳島県,44
2021,兵庫県,山梨県,44
2021,広島県,大分県,44
2021,山口県,大分県,44
2021,高知県,愛知県,44
2021,沖縄県,宮崎県,44
2021,沖縄県,鹿児島県,44
2021,北海道,福島県,43
2021,青森県,栃木県,43
2021,秋田県,群馬県,43
2021,茨城県,石川県,43
2021,栃木県,石川県,43
2021,千葉県,福島県,43
2021,東京都,広島県,43
2021,東京都,沖縄県,43
2021,愛知県,新潟県,43
2021,愛知県,愛媛県,43
2021,滋賀県,福井県,43
2021,京都府,高知県,43
2021,大阪府,香川県,43
2021,高知県,滋賀県,43
2021,佐賀県,鹿児島県,43
2021,青森県,群馬県,42
2021,千葉県,福岡県,42
2021,東京都,富山県,42
2021,福井県,山梨県,42
2021,山梨県,宮城県,42
2021,山梨県,茨城県,42
2021,山梨県,群馬県,42
2021,大阪府,福井県,42
2021,香川県,山口県,42
2021,神奈川県,福島県,41
2021,福井県,長野県,41
2021,福井県,奈良県,41
2021,山梨県,北海道,41
2021,愛知県,沖縄県,41
2021,三重県,埼玉県,41
2021,京都府,千葉県,41
2021,京都府,静岡県,41
2021,兵庫県,鹿児島県,41
2021,鳥取県,山口県,41
2021,徳島県,滋賀県,41
2021,香川県,奈良県,41
2021,愛媛県,北海道,41
2021,北海道,奈良県,40
2021,神奈川県,栃木県,40
2021,神奈川県,新潟県,40
2021,新潟県,静岡県,40
2021,富山県,宮城県,40
2021,石川県,広島県,40
2021,長野県,福井県,40
2021,静岡県,岡山県,40
2021,京都府,島根県,40
2021,大阪府,宮城県,40
2021,兵庫県,富山県,40
2021,奈良県,埼玉県,40
2021,和歌山県,福岡県,40
2021,熊本県,沖縄県,40
2021,北海道,栃木県,39
2021,茨城県,沖縄県,39
2021,埼玉県,秋田県,39
2021,神奈川県,大分県,39
2021,石川県,宮城県,39
2021,愛知県,山形県,39
2021,奈良県,広島県,39
2021,高知県,千葉県,39
2021,大分県,高知県,39
2021,大分県,佐賀県,39
2021,北海道,大分県,38
2021,埼玉県,兵庫県,38
2021,埼玉県,福岡県,38
2021,京都府,茨城県,38
2021,京都府,富山県,38
2021,京都府,大分県,38
2021,山口県,島根県,38
2021,山口県,愛媛県,38
2021,香川県,島根県,38
2021,愛媛県,島根県,38
2021,佐賀県,岡山県,38
2021,大分県,沖縄県,38
2021,岩手県,京都府,37
2021,宮城県,兵庫県,37
2021,福島県,静岡県,37
2021,栃木県,愛知県,37
2021,石川県,群馬県,37
2021,石川県,静岡県,37
2021,静岡県,高知県,37
2021,三重県,富山県,37
2021,京都府,埼玉県,37
2021,大阪府,宮崎県,37
2021,兵庫県,福井県,37
2021,奈良県,千葉県,37
2021,秋田県,京都府,36
2021,千葉県,新潟県,36
2021,山梨県,石川県,36
2021,長野県,三重県,36
2021,京都府,山口県,36
2021,大阪府,富山県,36
2021,兵庫県,宮城県,36
2021,岡山県,石川県,36
2021,徳島県,山口県,36
2021,山形県,京都府,35
2021,群馬県,富山県,35
2021,千葉県,山形県,35
2021,東京都,熊本県,35
2021,東京都,鹿児島県,35
2021,長野県,福島県,35
2021,岐阜県,新潟県,35
2021,愛知県,大分県,35
2021,兵庫県,岐阜県,35
2021,兵庫県,沖縄県,35
2021,島根県,埼玉県,35
2021,香川県,埼玉県,35
2021,愛媛県,奈良県,35
2021,佐賀県,宮崎県,35
2021,熊本県,岡山県,35
2021,茨城県,岩手県,34
2021,群馬県,山形県,34
2021,群馬県,愛知県,34
2021,東京都,青森県,34
2021,東京都,愛媛県,34
2021,三重県,福岡県,34
2021,京都府,三重県,34
2021,大阪府,新潟県,34
2021,大阪府,鹿児島県,34
2021,大阪府,沖縄県,34
2021,岡山県,静岡県,34
2021,山口県,滋賀県,34
2021,徳島県,山梨県,34
2021,徳島県,福岡県,34
2021,高知県,埼玉県,34
2021,福岡県,愛媛県,34
2021,長崎県,埼玉県,34
2021,宮崎県,岡山県,34
2021,北海道,長崎県,33
2021,山形県,石川県,33
2021,千葉県,石川県,33
2021,富山県,茨城県,33
2021,福井県,千葉県,33
2021,長野県,山形県,33
2021,長野県,奈良県,33
2021,愛知県,長崎県,33
2021,滋賀県,福岡県,33
2021,広島県,熊本県,33
2021,福岡県,静岡県,33
2021,宮城県,山梨県,32
2021,栃木県,兵庫県,32
2021,群馬県,秋田県,32
2021,東京都,奈良県,32
2021,静岡県,島根県,32
2021,愛知県,宮崎県,32
2021,三重県,高知県,32
2021,京都府,和歌山県,32
2021,鳥取県,愛知県,32
2021,島根県,愛知県,32
2021,広島県,茨城県,32
2021,広島県,沖縄県,32
2021,佐賀県,千葉県,32
2021,福島県,青森県,31
2021,茨城県,滋賀県,31
2021,栃木県,岩手県,31
2021,千葉県,滋賀県,31
2021,石川県,山梨県,31
2021,山梨県,栃木県,31
2021,静岡県,山口県,31
2021,滋賀県,三重県,31
2021,兵庫県,宮崎県,31
2021,和歌山県,石川県,31
2021,鳥取県,神奈川県,31
2021,愛媛県,山梨県,31
2021,愛媛県,静岡県,31
2021,佐賀県,埼玉県,31
2021,北海道,岐阜県,30
2021,茨城県,福岡県,30
2021,石川県,奈良県,30
2021,岐阜県,奈良県,30
2021,岐阜県,高知県,30
2021,静岡県,沖縄県,30
2021,三重県,岡山県,30
2021,京都府,長野県,30
2021,京都府,岐阜県,30
2021,大阪府,長崎県,30
2021,鳥取県,埼玉県,30
2021,鳥取県,滋賀県,30
2021,岡山県,茨城県,30
2021,福岡県,山梨県,30
2021,熊本県,愛知県,30
2021,鹿児島県,宮城県,30
2021,沖縄県,静岡県,30
2021,岩手県,静岡県,29
2021,宮城県,石川県,29
2021,神奈川県,秋田県,29
2021,愛知県,徳島県,29
2021,三重県,鳥取県,29
2021,滋賀県,北海道,29
2021,滋賀県,岡山県,29
2021,兵庫県,新潟県,29
2021,鳥取県,奈良県,29
2021,鳥取県,愛媛県,29
2021,熊本県,北海道,29
2021,大分県,千葉県,29
2021,宮崎県,沖縄県,29
2021,福島県,大阪府,28
2021,石川県,福岡県,28
2021,静岡県,福井県,28
2021,大阪府,秋田県,28
2021,鳥取県,高知県,28
2021,福岡県,島根県,28
2021,大分県,愛媛県,28
2021,鹿児島県,茨城県,28
2021,秋田県,石川県,27
2021,山形県,山梨県,27
2021,東京都,宮崎県,27
2021,神奈川県,滋賀県,27
2021,福井県,茨城県,27
2021,静岡県,鳥取県,27
2021,愛知県,島根県,27
2021,滋賀県,静岡県,27
2021,和歌山県,高知県,27
2021,徳島県,奈良県,27
2021,福岡県,岐阜県,27
2021,鹿児島県,岐阜県,27
2021,宮城県,静岡県,26
2021,茨城県,青森県,26
2021,埼玉県,青森県,26
2021,埼玉県,富山県,26
2021,東京都,岐阜県,26
2021,東京都,高知県,26
2021,東京都,長崎県,26
2021,静岡県,岩手県,26
2021,大阪府,山梨県,26
2021,大阪府,熊本県,26
2021,奈良県,茨城県,26
2021,広島県,宮崎県,26
2021,山口県,奈良県,26
2021,愛媛県,鳥取県,26
2021,愛媛県,鹿児島県,26
2021,福岡県,高知県,26
2021,鹿児島県,静岡県,26
2021,鹿児島県,滋賀県,26
2021,沖縄県,山梨県,26
2021,岩手県,長野県,25
2021,群馬県,兵庫県,25
2021,埼玉県,滋賀県,25
2021,岐阜県,群馬県,25
2021,静岡県,徳島県,25
2021,愛知県,福島県,25
2021,愛知県,和歌山県,25
2021,和歌山県,北海道,25
2021,和歌山県,静岡県,25
2021,島根県,滋賀県,25
2021,島根県,奈良県,25
2021,広島県,静岡県,25
2021,香川県,北海道,25
2021,福岡県,鳥取県,25
2021,大分県,埼玉県,25
2021,北海道,山口県,24
2021,東京都,岡山県,24
2021,新潟県,岐阜県,24
2021,山梨県,広島県,24
2021,岐阜県,福岡県,24
2021,京都府,宮城県,24
2021,京都府,愛媛県,24
2021,大阪府,群馬県,24
2021,島根県,高知県,24
2021,長崎県,島根県,24
2021,鹿児島県,北海道,24
2021,沖縄県,群馬県,24
2021,沖縄県,香川県,24
2021,北海道,鹿児島県,23
2021,茨城県,富山県,23
2021,千葉県,秋田県,23
2021,神奈川県,広島県,23
2021,石川県,茨城県,23
2021,福井県,群馬県,23
2021,岐阜県,岡山県,23
2021,静岡県,青森県,23
2021,静岡県,鹿児島県,23
2021,奈良県,石川県,23
2021,奈良県,徳島県,23
2021,北海道,富山県,22
2021,青森県,石川県,22
2021,群馬県,滋賀県,22
2021,埼玉県,岩手県,22
2021,埼玉県,沖縄県,22
2021,千葉県,大分県,22
2021,新潟県,福井県,22
2021,富山県,静岡県,22
2021,富山県,奈良県,22
2021,三重県,茨城県,22
2021,三重県,山梨県,22
2021,滋賀県,千葉県,22
2021,京都府,香川県,22
2021,岡山県,長崎県,22
2021,広島県,和歌山県,22
2021,高知県,山口県,22
2021,福岡県,石川県,22
2021,沖縄県,新潟県,22
2021,沖縄県,石川県,22
2021,青森県,愛知県,21
2021,青森県,京都府,21
2021,茨城県,広島県,21
2021,千葉県,奈良県,21
2021,千葉県,広島県,21
2021,東京都,山口県,21
2021,神奈川県,沖縄県,21
2021,福井県,北海道,21
2021,山梨県,新潟県,21
2021,山梨県,滋賀県,21
2021,山梨県,福岡県,21
2021,長野県,秋田県,21
2021,岐阜県,鳥取県,21
2021,愛知県,香川県,21
2021,三重県,群馬県,21
2021,奈良県,岡山県,21
2021,和歌山県,千葉県,21
2021,鳥取県,香川県,21
2021,島根県,千葉県,21
2021,島根県,長崎県,21
2021,広島県,鹿児島県,21
2021,山口県,鹿児島県,21
2021,熊本県,茨城県,21
2021,熊本県,奈良県,21
2021,宮崎県,茨城県,21
2021,沖縄県,高知県,21
2021,青森県,静岡県,20
2021,秋田県,大阪府,20
2021,山形県,静岡県,20
2021,福島県,長野県,20
2021,茨城県,奈良県,20
2021,埼玉県,広島県,20
2021,千葉県,青森県,20
2021,千葉県,沖縄県,20
2021,神奈川県,岩手県,20
2021,富山県,広島県,20
2021,福井県,岡山県,20
2021,岐阜県,茨城県,20
2021,静岡県,愛媛県,20
2021,兵庫県,熊本県,20
2021,岡山県,長野県,20
2021,岡山県,大分県,20
2021,広島県,石川県,20
2021,徳島県,静岡県,20
2021,愛媛県,熊本県,20
2021,佐賀県,愛知県,20
2021,長崎県,静岡県,20
2021,熊本県,滋賀県,20
2021,鹿児島県,山梨県,20
2021,沖縄県,滋賀県,20
2021,沖縄県,愛媛県,20
2021,青森県,山梨県,19
2021,宮城県,福岡県,19
2021,福島県,石川県,19
2021,栃木県,富山県,19
2021,神奈川県,青森県,19
2021,神奈川県,愛媛県,19
2021,新潟県,滋賀県,19
2021,愛知県,岩手県,19
2021,三重県,宮城県,19
2021,兵庫県,秋田県,19
2021,奈良県,宮城県,19
2021,奈良県,岐阜県,19
2021,奈良県,静岡県,19
2021,和歌山県,岐阜県,19
2021,和歌山県,愛媛県,19
2021,島根県,静岡県,19
2021,島根県,徳島県,19
2021,島根県,香川県,19
2021,岡山県,鹿児島県,19
2021,徳島県,鳥取県,19
2021,愛媛県,石川県,19
2021,愛媛県,長野県,19
2021,大分県,滋賀県,19
2021,宮崎県,静岡県,19
2021,宮崎県,高知県,19
2021,鹿児島県,群馬県,19
2021,鹿児島県,奈良県,19
2021,沖縄県,三重県,19
2021,沖縄県,奈良県,19
2021,北海道,高知県,18
2021,北海道,宮崎県,18
2021,秋田県,山梨県,18
2021,山形県,長野県,18
2021,山形県,大阪府,18
2021,福島県,兵庫県,18
2021,埼玉県,鹿児島県,18
2021,千葉県,岡山県,18
2021,東京都,島根県,18
2021,新潟県,奈良県,18
2021,福井県,福岡県,18
2021,長野県,高知県,18
2021,滋賀県,長野県,18
2021,滋賀県,山口県,18
2021,広島県,山梨県,18
2021,山口県,北海道,18
2021,山口県,香川県,18
2021,福岡県,香川県,18
2021,長崎県,北海道,18
2021,鹿児島県,新潟県,18
2021,沖縄県,栃木県,18
2021,北海道,香川県,17
2021,北海道,愛媛県,17
2021,北海道,熊本県,17
2021,青森県,大阪府,17
2021,岩手県,石川県,17
2021,宮城県,長野県,17
2021,秋田県,愛知県,17
2021,千葉県,岐阜県,17
2021,神奈川県,山形県,17
2021,神奈川県,奈良県,17
2021,新潟県,福岡県,17
2021,静岡県,長崎県,17
2021,静岡県,宮崎県,17
2021,愛知県,栃木県,17
2021,三重県,和歌山県,17
2021,滋賀県,高知県,17
2021,兵庫県,群馬県,17
2021,奈良県,長崎県,17
2021,和歌山県,鳥取県,17
2021,鳥取県,北海道,17
2021,鳥取県,石川県,17
2021,岡山県,宮城県,17
2021,愛媛県,和歌山県,17
2021,長崎県,茨城県,17
2021,長崎県,山梨県,17
2021,長崎県,高知県,17
2021,秋田県,静岡県,16
2021,群馬県,福岡県,16
2021,千葉県,岩手県,16
2021,千葉県,鹿児島県,16
2021,長野県,岡山県,16
2021,長野県,福岡県,16
2021,静岡県,和歌山県,16
2021,三重県,山口県,16
2021,滋賀県,茨城県,16
2021,奈良県,高知県,16
2021,和歌山県,鹿児島県,16
2021,鳥取県,徳島県,16
2021,島根県,石川県,16
2021,岡山県,宮崎県,16
2021,岡山県,沖縄県,16
2021,徳島県,北海道,16
2021,徳島県,埼玉県,16
2021,香川県,鳥取県,16
2021,愛媛県,茨城県,16
2021,愛媛県,岐阜県,16
2021,福岡県,栃木県,16
2021,鹿児島県,愛媛県,16
2021,青森県,兵庫県,15
2021,福島県,愛知県,15
2021,福島県,滋賀県,15
2021,栃木県,青森県,15
2021,千葉県,富山県,15
2021,神奈川県,富山県,15
2021,神奈川県,山口県,15
2021,新潟県,岩手県,15
2021,富山県,岡山県,15
2021,石川県,三重県,15
2021,石川県,岡山県,15
2021,岐阜県,宮城県,15
2021,岐阜県,秋田県,15
2021,岐阜県,鹿児島県,15
2021,京都府,長崎県,15
2021,和歌山県,茨城県,15
2021,岡山県,岐阜県,15
2021,広島県,佐賀県,15
2021,山口県,茨城県,15
2021,山口県,佐賀県,15
2021,徳島県,千葉県,15
2021,徳島県,島根県,15
2021,長崎県,鳥取県,15
2021,宮崎県,山梨県,15
2021,鹿児島県,高知県,15
2021,沖縄県,宮城県,15
2021,岩手県,愛知県,14
2021,宮城県,滋賀県,14
2021,秋田県,長野県,14
2021,山形県,富山県,14
2021,山形県,愛知県,14
2021,栃木県,沖縄県,14
2021,群馬県,岩手県,14
2021,埼玉県,奈良県,14
2021,埼玉県,高知県,14
2021,東京都,鳥取県,14
2021,東京都,徳島県,14
2021,神奈川県,岡山県,14
2021,新潟県,広島県,14
2021,福井県,三重県,14
2021,山梨県,熊本県,14
2021,長野県,岩手県,14
2021,長野県,広島県,14
2021,岐阜県,沖縄県,14
2021,静岡県,熊本県,14
2021,滋賀県,大分県,14
2021,京都府,沖縄県,14
2021,奈良県,山口県,14
2021,和歌山県,長野県,14
2021,和歌山県,山口県,14
2021,鳥取県,千葉県,14
2021,鳥取県,静岡県,14
2021,島根県,茨城県,14
2021,岡山県,和歌山県,14
2021,広島県,宮城県,14
2021,広島県,群馬県,14
2021,広島県,長野県,14
2021,広島県,岐阜県,14
2021,高知県,静岡県,14
2021,高知県,奈良県,14
2021,福岡県,群馬県,14
2021,福岡県,和歌山県,14
2021,佐賀県,沖縄県,14
2021,長崎県,愛媛県,14
2021,熊本県,群馬県,14
2021,大分県,北海道,14
2021,宮崎県,石川県,14
2021,宮崎県,滋賀県,14
2021,青森県,長野県,13
2021,岩手県,大阪府,13
2021,宮城県,富山県,13
2021,新潟県,青森県,13
2021,富山県,山形県,13
2021,福井県,鳥取県,13
2021,山梨県,福島県,13
2021,山梨県,富山県,13
2021,岐阜県,山形県,13
2021,岐阜県,福島県,13
2021,岐阜県,山口県,13
2021,岐阜県,愛媛県,13
2021,静岡県,香川県,13
2021,愛知県,熊本県,13
2021,三重県,愛媛県,13
2021,三重県,沖縄県,13
2021,滋賀県,埼玉県,13
2021,滋賀県,富山県,13
2021,滋賀県,愛媛県,13
2021,京都府,宮崎県,13
2021,兵庫県,福島県,13
2021,奈良県,鳥取県,13
2021,和歌山県,埼玉県,13
2021,岡山県,群馬県,13
2021,山口県,宮崎県,13
2021,香川県,茨城県,13
2021,香川県,沖縄県,13
2021,愛媛県,群馬県,13
2021,愛媛県,沖縄県,13
2021,福岡県,宮城県,13
2021,福岡県,新潟県,13
2021,佐賀県,滋賀県,13
2021,熊本県,岐阜県,13
2021,熊本県,静岡県,13
2021,大分県,茨城県,13
2021,大分県,鳥取県,13
2021,大分県,島根県,13
2021,大分県,徳島県,13
2021,鹿児島県,長野県,13
2021,沖縄県,長野県,13
2021,沖縄県,佐賀県,13
2021,北海道,福井県,12
2021,宮城県,岡山県,12
2021,栃木県,高知県,12
2021,栃木県,福岡県,12
2021,群馬県,福井県,12
2021,千葉県,愛媛県,12
2021,神奈川県,三重県,12
2021,神奈川県,長崎県,12
2021,岐阜県,島根県,12
2021,静岡県,大分県,12
2021,三重県,島根県,12
2021,滋賀県,和歌山県,12
2021,滋賀県,徳島県,12
2021,奈良県,福井県,12
2021,和歌山県,福井県,12
2021,和歌山県,山梨県,12
2021,鳥取県,茨城県,12
2021,島根県,北海道,12
2021,岡山県,新潟県,12
2021,山口県,徳島県,12
2021,香川県,新潟県,12
2021,香川県,和歌山県,12
2021,愛媛県,長崎県,12
2021,福岡県,徳島県,12
2021,佐賀県,奈良県,12
2021,長崎県,滋賀県,12
2021,長崎県,奈良県,12
2021,長崎県,香川県,12
2021,熊本県,愛媛県,12
2021,大分県,群馬県,12
2021,大分県,奈良県,12
2021,宮崎県,新潟県,12
2021,宮崎県,岐阜県,12
2021,鹿児島県,石川県,12
2021,沖縄県,山形県,12
2021,北海道,和歌山県,11
2021,岩手県,富山県,11
2021,岩手県,沖縄県,11
2021,埼玉県,岐阜県,11
2021,埼玉県,愛媛県,11
2021,埼玉県,大分県,11
2021,千葉県,宮崎県,11
2021,東京都,三重県,11
2021,神奈川県,岐阜県,11
2021,神奈川県,宮崎県,11
2021,富山県,秋田県,11
2021,石川県,山口県,11
2021,山梨県,秋田県,11
2021,山梨県,岡山県,11
2021,長野県,大分県,11
2021,愛知県,青森県,11
2021,三重県,秋田県,11
2021,三重県,徳島県,11
2021,滋賀県,山梨県,11
2021,京都府,鹿児島県,11
2021,大阪府,青森県,11
2021,奈良県,富山県,11
2021,奈良県,愛媛県,11
2021,和歌山県,島根県,11
2021,島根県,大分県,11
2021,島根県,宮崎県,11
2021,岡山県,三重県,11
2021,広島県,栃木県,11
2021,広島県,福井県,11
2021,山口県,静岡県,11
2021,徳島県,茨城県,11
2021,愛媛県,宮城県,11
2021,愛媛県,新潟県,11
2021,愛媛県,宮崎県,11
2021,高知県,岐阜県,11
2021,長崎県,石川県,11
2021,大分県,静岡県,11
2021,宮崎県,栃木県,11
2021,宮崎県,奈良県,11
2021,山形県,兵庫県,10
2021,茨城県,徳島県,10
2021,茨城県,高知県,10
2021,群馬県,青森県,10
2021,群馬県,奈良県,10
2021,群馬県,広島県,10
2021,千葉県,熊本県,10
2021,神奈川県,高知県,10
2021,神奈川県,鹿児島県,10
2021,富山県,三重県,10
2021,福井県,島根県,10
2021,山梨県,岐阜県,10
2021,山梨県,奈良県,10
2021,京都府,山梨県,10
2021,奈良県,長野県,10
2021,和歌山県,香川県,10
2021,鳥取県,長野県,10
2021,広島県,三重県,10
2021,山口県,石川県,10
2021,山口県,和歌山県,10
2021,山口県,鳥取県,10
2021,徳島県,長野県,10
2021,香川県,石川県,10
2021,香川県,長野県,10
2021,香川県,静岡県,10
2021,高知県,北海道,10
2021,高知県,大分県,10
2021,福岡県,岩手県,10
2021,福岡県,長野県,10
2021,熊本県,石川県,10
2021,熊本県,島根県,10
2021,宮崎県,島根県,10
2021,鹿児島県,島根県,10
2021,北海道,島根県,9
2021,青森県,富山県,9
2021,秋田県,奈良県,9
2021,茨城県,宮崎県,9
2021,茨城県,鹿児島県,9
2021,栃木県,滋賀県,9
2021,群馬県,大分県,9
2021,埼玉県,鳥取県,9
2021,埼玉県,長崎県,9
2021,埼玉県,宮崎県,9
2021,千葉県,三重県,9
2021,千葉県,島根県,9
2021,千葉県,高知県,9
2021,石川県,福島県,9
2021,石川県,沖縄県,9
2021,福井県,宮城県,9
2021,福井県,和歌山県,9
2021,福井県,山口県,9
2021,岐阜県,栃木県,9
2021,岐阜県,徳島県,9
2021,三重県,新潟県,9
2021,三重県,熊本県,9
2021,三重県,宮崎県,9
2021,兵庫県,青森県,9
2021,兵庫県,佐賀県,9
2021,奈良県,鹿児島県,9
2021,奈良県,沖縄県,9
2021,島根県,沖縄県,9
2021,岡山県,山梨県,9
2021,山口県,長野県,9
2021,山口県,沖縄県,9
2021,徳島県,石川県,9
2021,徳島県,和歌山県,9
2021,徳島県,長崎県,9
2021,香川県,山梨県,9
2021,香川県,岐阜県,9
2021,香川県,長崎県,9
2021,福岡県,秋田県,9
2021,佐賀県,山梨県,9
2021,熊本県,山梨県,9
2021,熊本県,高知県,9
2021,北海道,三重県,8
2021,岩手県,福岡県,8
2021,宮城県,沖縄県,8
2021,福島県,岐阜県,8
2021,茨城県,鳥取県,8
2021,茨城県,大分県,8
2021,栃木県,奈良県,8
2021,群馬県,鹿児島県,8
2021,千葉県,長崎県,8
2021,東京都,福井県,8
2021,東京都,和歌山県,8
2021,神奈川県,鳥取県,8
2021,神奈川県,島根県,8
2021,神奈川県,熊本県,8
2021,新潟県,島根県,8
2021,新潟県,岡山県,8
2021,富山県,島根県,8
2021,富山県,福岡県,8
2021,石川県,山形県,8
2021,石川県,栃木県,8
2021,石川県,島根県,8
2021,石川県,高知県,8
2021,長野県,鳥取県,8
2021,長野県,沖縄県,8
2021,岐阜県,和歌山県,8
2021,岐阜県,香川県,8
2021,岐阜県,宮崎県,8
2021,三重県,長崎県,8
2021,滋賀県,群馬県,8
2021,滋賀県,新潟県,8
2021,滋賀県,鳥取県,8
2021,滋賀県,長崎県,8
2021,京都府,岩手県,8
2021,大阪府,福島県,8
2021,大阪府,栃木県,8
2021,兵庫県,岩手県,8
2021,奈良県,新潟県,8
2021,奈良県,大分県,8
2021,奈良県,宮崎県,8
2021,和歌山県,長崎県,8
2021,鳥取県,長崎県,8
2021,鳥取県,沖縄県,8
2021,島根県,宮城県,8
2021,山口県,新潟県,8
2021,山口県,高知県,8
2021,徳島県,沖縄県,8
2021,高知県,茨城県,8
2021,高知県,宮崎県,8
2021,福岡県,三重県,8
2021,佐賀県,島根県,8
2021,長崎県,長野県,8
2021,長崎県,岐阜県,8
2021,長崎県,徳島県,8
2021,宮崎県,宮城県,8
2021,宮崎県,長野県,8
2021,宮崎県,愛媛県,8
2021,鹿児島県,富山県,8
2021,鹿児島県,香川県,8
2021,沖縄県,秋田県,8
2021,北海道,鳥取県,7
2021,岩手県,岐阜県,7
2021,秋田県,富山県,7
2021,茨城県,福井県,7
2021,茨城県,島根県,7
2021,茨城県,岡山県,7
2021,茨城県,山口県,7
2021,茨城県,熊本県,7
2021,栃木県,広島県,7
2021,群馬県,岡山県,7
2021,埼玉県,岡山県,7
2021,神奈川県,和歌山県,7
2021,神奈川県,徳島県,7
2021,富山県,鳥取県,7
2021,石川県,和歌山県,7
2021,石川県,鳥取県,7
2021,福井県,栃木県,7
2021,山梨県,岩手県,7
2021,長野県,青森県,7
2021,長野県,山口県,7
2021,長野県,愛媛県,7
2021,長野県,長崎県,7
2021,岐阜県,長崎県,7
2021,岐阜県,大分県,7
2021,三重県,香川県,7
2021,三重県,鹿児島県,7
2021,京都府,秋田県,7
2021,京都府,栃木県,7
2021,京都府,新潟県,7
2021,京都府,熊本県,7
2021,大阪府,山形県,7
2021,奈良県,山梨県,7
2021,奈良県,島根県,7
2021,奈良県,香川県,7
2021,和歌山県,栃木県,7
2021,鳥取県,宮城県,7
2021,鳥取県,山梨県,7
2021,島根県,新潟県,7
2021,島根県,山梨県,7
2021,島根県,長野県,7
2021,岡山県,山形県,7
2021,岡山県,栃木県,7
2021,広島県,秋田県,7
2021,徳島県,鹿児島県,7
2021,香川県,栃木県,7
2021,香川県,大分県,7
2021,福岡県,福井県,7
2021,佐賀県,愛媛県,7
2021,長崎県,新潟県,7
2021,大分県,山梨県,7
2021,宮崎県,北海道,7
2021,宮崎県,山形県,7
2021,宮崎県,群馬県,7
2021,沖縄県,岩手県,7
2021,沖縄県,福島県,7
2021,沖縄県,富山県,7
2021,岩手県,広島県,6
2021,宮城県,山口県,6
2021,秋田県,兵庫県,6
2021,福島県,富山県,6
2021,福島県,福岡県,6
2021,栃木県,山口県,6
2021,埼玉県,熊本県,6
2021,千葉県,鳥取県,6
2021,富山県,福島県,6
2021,富山県,和歌山県,6
2021,福井県,徳島県,6
2021,山梨県,山形県,6
2021,山梨県,大分県,6
2021,長野県,和歌山県,6
2021,長野県,鹿児島県,6
2021,三重県,山形県,6
2021,三重県,栃木県,6
2021,三重県,大分県,6
2021,滋賀県,宮城県,6
2021,滋賀県,鹿児島県,6
2021,京都府,青森県,6
2021,京都府,福島県,6
2021,大阪府,岩手県,6
2021,兵庫県,山形県,6
2021,兵庫県,栃木県,6
2021,和歌山県,新潟県,6
2021,和歌山県,沖縄県,6
2021,鳥取県,大分県,6
2021,島根県,和歌山県,6
2021,島根県,熊本県,6
2021,島根県,鹿児島県,6
2021,広島県,富山県,6
2021,山口県,宮城県,6
2021,山口県,山梨県,6
2021,山口県,岐阜県,6
2021,徳島県,大分県,6
2021,徳島県,宮崎県,6
2021,香川県,三重県,6
2021,愛媛県,三重県,6
2021,愛媛県,佐賀県,6
2021,高知県,山梨県,6
2021,高知県,和歌山県,6
2021,福岡県,富山県,6
2021,長崎県,宮城県,6
2021,熊本県,新潟県,6
2021,熊本県,長野県,6
2021,熊本県,和歌山県,6
2021,熊本県,香川県,6
2021,大分県,石川県,6
2021,大分県,香川県,6
2021,鹿児島県,栃木県,6
2021,鹿児島県,鳥取県,6
2021,沖縄県,青森県,6
2021,沖縄県,島根県,6
2021,青森県,岐阜県,5
2021,青森県,奈良県,5
2021,青森県,沖縄県,5
2021,岩手県,奈良県,5
2021,宮城県,岐阜県,5
2021,宮城県,奈良県,5
2021,宮城県,広島県,5
2021,秋田県,岐阜県,5
2021,秋田県,福岡県,5
2021,山形県,岐阜県,5
2021,茨城県,岐阜県,5
2021,茨城県,愛媛県,5
2021,栃木県,岐阜県,5
2021,栃木県,鹿児島県,5
2021,群馬県,高知県,5
2021,群馬県,沖縄県,5
2021,埼玉県,島根県,5
2021,埼玉県,山口県,5
2021,埼玉県,徳島県,5
2021,千葉県,香川県,5
2021,神奈川県,香川県,5
2021,新潟県,鳥取県,5
2021,新潟県,宮崎県,5
2021,富山県,栃木県,5
2021,石川県,徳島県,5
2021,石川県,愛媛県,5
2021,石川県,長崎県,5
2021,福井県,秋田県,5
2021,福井県,高知県,5
2021,福井県,鹿児島県,5
2021,山梨県,青森県,5
2021,山梨県,福井県,5
2021,山梨県,和歌山県,5
2021,山梨県,鹿児島県,5
2021,長野県,島根県,5
2021,長野県,香川県,5
2021,長野県,熊本県,5
2021,岐阜県,岩手県,5
2021,三重県,青森県,5
2021,滋賀県,熊本県,5
2021,滋賀県,沖縄県,5
2021,京都府,群馬県,5
2021,大阪府,佐賀県,5
2021,奈良県,秋田県,5
2021,奈良県,栃木県,5
2021,和歌山県,宮城県,5
2021,和歌山県,富山県,5
2021,和歌山県,大分県,5
2021,鳥取県,栃木県,5
2021,鳥取県,群馬県,5
2021,島根県,栃木県,5
2021,島根県,岐阜県,5
2021,岡山県,岩手県,5
2021,岡山県,福井県,5
2021,岡山県,佐賀県,5
2021,広島県,岩手県,5
2021,広島県,新潟県,5
2021,山口県,群馬県,5
2021,山口県,三重県,5
2021,徳島県,宮城県,5
2021,徳島県,新潟県,5
2021,徳島県,岐阜県,5
2021,香川県,宮崎県,5
2021,香川県,鹿児島県,5
2021,愛媛県,秋田県,5
2021,愛媛県,栃木県,5
2021,愛媛県,福井県,5
2021,高知県,新潟県,5
2021,高知県,石川県,5
2021,高知県,島根県,5
2021,福岡県,青森県,5
2021,佐賀県,北海道,5
2021,佐賀県,宮城県,5
2021,佐賀県,栃木県,5
2021,佐賀県,石川県,5
2021,佐賀県,徳島県,5
2021,長崎県,栃木県,5
2021,長崎県,三重県,5
2021,熊本県,宮城県,5
2021,熊本県,栃木県,5
2021,熊本県,徳島県,5
2021,大分県,福島県,5
2021,大分県,栃木県,5
2021,宮崎県,三重県,5
2021,鹿児島県,福井県,5
2021,鹿児島県,三重県,5
2021,鹿児島県,徳島県,5
2021,北海道,徳島県,4
2021,青森県,滋賀県,4
2021,青森県,福岡県,4
2021,岩手県,滋賀県,4
2021,宮城県,愛媛県,4
2021,宮城県,鹿児島県,4
2021,山形県,奈良県,4
2021,福島県,奈良県,4
2021,福島県,愛媛県,4
2021,福島県,沖縄県,4
2021,茨城県,三重県,4
2021,茨城県,香川県,4
2021,茨城県,長崎県,4
2021,栃木県,香川県,4
2021,群馬県,岐阜県,4
2021,群馬県,鳥取県,4
2021,群馬県,山口県,4
2021,千葉県,福井県,4
2021,東京都,香川県,4
2021,神奈川県,福井県,4
2021,新潟県,三重県,4
2021,新潟県,山口県,4
2021,新潟県,沖縄県,4
2021,富山県,山口県,4
2021,富山県,高知県,4
2021,富山県,大分県,4
2021,富山県,沖縄県,4
2021,石川県,秋田県,4
2021,石川県,大分県,4
2021,福井県,沖縄県,4
2021,山梨県,長崎県,4
2021,滋賀県,秋田県,4
2021,滋賀県,島根県,4
2021,滋賀県,宮崎県,4
2021,京都府,山形県,4
2021,奈良県,山形県,4
2021,奈良県,群馬県,4
2021,和歌山県,秋田県,4
2021,和歌山県,宮崎県,4
2021,鳥取県,富山県,4
2021,鳥取県,福井県,4
2021,鳥取県,熊本県,4
2021,島根県,富山県,4
2021,島根県,三重県,4
2021,島根県,佐賀県,4
2021,岡山県,富山県,4
2021,岡山県,熊本県,4
2021,山口県,栃木県,4
2021,徳島県,栃木県,4
2021,香川県,宮城県,4
2021,香川県,群馬県,4
2021,香川県,熊本県,4
2021,愛媛県,福島県,4
2021,愛媛県,富山県,4
2021,高知県,長野県,4
2021,高知県,長崎県,4
2021,高知県,熊本県,4
2021,高知県,沖縄県,4
2021,佐賀県,茨城県,4
2021,佐賀県,岐阜県,4
2021,佐賀県,三重県,4
2021,佐賀県,鳥取県,4
2021,佐賀県,高知県,4
2021,長崎県,岩手県,4
2021,長崎県,富山県,4
2021,熊本県,三重県,4
2021,熊本県,鳥取県,4
2021,大分県,宮城県,4
2021,大分県,長野県,4
2021,宮崎県,鳥取県,4
2021,鹿児島県,福島県,4
2021,鹿児島県,和歌山県,4
2021,沖縄県,鳥取県,4
2021,青森県,福井県,3
2021,青森県,長崎県,3
2021,岩手県,三重県,3
2021,岩手県,兵庫県,3
2021,宮城県,島根県,3
2021,宮城県,香川県,3
2021,宮城県,長崎県,3
2021,宮城県,熊本県,3
2021,宮城県,宮崎県,3
2021,秋田県,岡山県,3
2021,山形県,滋賀県,3
2021,山形県,島根県,3
2021,山形県,岡山県,3
2021,山形県,広島県,3
2021,山形県,大分県,3
2021,福島県,大分県,3
2021,茨城県,和歌山県,3
2021,栃木県,福井県,3
2021,栃木県,愛媛県,3
2021,栃木県,長崎県,3
2021,栃木県,大分県,3
2021,栃木県,宮崎県,3
2021,群馬県,三重県,3
2021,群馬県,徳島県,3
2021,群馬県,熊本県,3
2021,埼玉県,福井県,3
2021,埼玉県,三重県,3
2021,埼玉県,香川県,3
2021,千葉県,和歌山県,3
2021,千葉県,山口県,3
2021,千葉県,佐賀県,3
2021,東京都,佐賀県,3
2021,新潟県,和歌山県,3
2021,新潟県,徳島県,3
2021,新潟県,愛媛県,3
2021,新潟県,高知県,3
2021,新潟県,大分県,3
2021,新潟県,鹿児島県,3
2021,富山県,青森県,3
2021,富山県,香川県,3
2021,富山県,長崎県,3
2021,富山県,宮崎県,3
2021,石川県,熊本県,3
2021,山梨県,島根県,3
2021,山梨県,山口県,3
2021,山梨県,香川県,3
2021,山梨県,愛媛県,3
2021,山梨県,沖縄県,3
2021,静岡県,佐賀県,3
2021,愛知県,佐賀県,3
2021,三重県,岩手県,3
2021,滋賀県,岩手県,3
2021,滋賀県,栃木県,3
2021,鳥取県,新潟県,3
2021,鳥取県,岐阜県,3
2021,鳥取県,三重県,3
2021,鳥取県,宮崎県,3
2021,島根県,福井県,3
2021,岡山県,青森県,3
2021,広島県,青森県,3
2021,山口県,福島県,3
2021,徳島県,岩手県,3
2021,徳島県,群馬県,3
2021,徳島県,富山県,3
2021,香川県,秋田県,3
2021,香川県,福井県,3
2021,愛媛県,青森県,3
2021,愛媛県,岩手県,3
2021,高知県,栃木県,3
2021,高知県,三重県,3
2021,高知県,鳥取県,3
2021,福岡県,山形県,3
2021,福岡県,福島県,3
2021,佐賀県,岩手県,3
2021,佐賀県,新潟県,3
2021,佐賀県,静岡県,3
2021,佐賀県,和歌山県,3
2021,長崎県,群馬県,3
2021,長崎県,福井県,3
2021,長崎県,和歌山県,3
2021,熊本県,岩手県,3
2021,熊本県,秋田県,3
2021,熊本県,富山県,3
2021,大分県,山形県,3
2021,大分県,富山県,3
2021,宮崎県,岩手県,3
2021,宮崎県,福島県,3
2021,宮崎県,富山県,3
2021,鹿児島県,青森県,3
2021,青森県,三重県,2
2021,青森県,和歌山県,2
2021,青森県,岡山県,2
2021,青森県,山口県,2
2021,青森県,熊本県,2
2021,岩手県,福井県,2
2021,岩手県,和歌山県,2
2021,岩手県,鳥取県,2
2021,岩手県,島根県,2
2021,岩手県,岡山県,2
2021,岩手県,熊本県,2
2021,宮城県,福井県,2
2021,宮城県,鳥取県,2
2021,宮城県,大分県,2
2021,秋田県,三重県,2
2021,秋田県,滋賀県,2
2021,秋田県,香川県,2
2021,秋田県,愛媛県,2
2021,秋田県,沖縄県,2
2021,山形県,三重県,2
2021,山形県,鳥取県,2
2021,福島県,三重県,2
2021,福島県,島根県,2
2021,福島県,広島県,2
2021,福島県,高知県,2
2021,福島県,宮崎県,2
2021,茨城県,佐賀県,2
2021,栃木県,和歌山県,2
2021,栃木県,佐賀県,2
2021,栃木県,熊本県,2
2021,群馬県,和歌山県,2
2021,群馬県,島根県,2
2021,群馬県,佐賀県,2
2021,群馬県,長崎県,2
2021,群馬県,宮崎県,2
2021,埼玉県,和歌山県,2
2021,千葉県,徳島県,2
2021,新潟県,長崎県,2
2021,石川県,青森県,2
2021,石川県,岩手県,2
2021,石川県,香川県,2
2021,福井県,岩手県,2
2021,福井県,山形県,2
2021,福井県,福島県,2
2021,福井県,香川県,2
2021,福井県,愛媛県,2
2021,福井県,大分県,2
2021,福井県,宮崎県,2
2021,山梨県,三重県,2
2021,山梨県,宮崎県,2
2021,長野県,徳島県,2
2021,長野県,宮崎県,2
2021,岐阜県,佐賀県,2
2021,岐阜県,熊本県,2
2021,三重県,佐賀県,2
2021,滋賀県,香川県,2
2021,滋賀県,佐賀県,2
2021,京都府,佐賀県,2
2021,奈良県,青森県,2
2021,奈良県,福島県,2
2021,奈良県,佐賀県,2
2021,奈良県,熊本県,2
2021,和歌山県,群馬県,2
2021,和歌山県,熊本県,2
2021,鳥取県,福島県,2
2021,鳥取県,和歌山県,2
2021,鳥取県,鹿児島県,2
2021,島根県,青森県,2
2021,島根県,岩手県,2
2021,島根県,福島県,2
2021,島根県,群馬県,2
2021,岡山県,秋田県,2
2021,岡山県,福島県,2
2021,広島県,福島県,2
2021,山口県,青森県,2
2021,山口県,岩手県,2
2021,山口県,秋田県,2
2021,山口県,福井県,2
2021,徳島県,秋田県,2
2021,徳島県,山形県,2
2021,徳島県,福島県,2
2021,徳島県,福井県,2
2021,徳島県,三重県,2
2021,徳島県,熊本県,2
2021,香川県,岩手県,2
2021,香川県,山形県,2
2021,香川県,富山県,2
2021,香川県,佐賀県,2
2021,愛媛県,山形県,2
2021,高知県,青森県,2
2021,高知県,秋田県,2
2021,高知県,福島県,2
2021,高知県,群馬県,2
2021,高知県,福井県,2
2021,佐賀県,群馬県,2
2021,佐賀県,福井県,2
2021,佐賀県,長野県,2
2021,佐賀県,香川県,2
2021,長崎県,秋田県,2
2021,長崎県,福島県,2
2021,熊本県,福島県,2
2021,大分県,岩手県,2
2021,大分県,新潟県,2
2021,大分県,岐阜県,2
2021,大分県,三重県,2
2021,宮崎県,徳島県,2
2021,宮崎県,香川県,2
2021,鹿児島県,岩手県,2
2021,沖縄県,和歌山県,2
2021,北海道,佐賀県,1
2021,青森県,島根県,1
2021,青森県,広島県,1
2021,青森県,徳島県,1
2021,青森県,香川県,1
2021,青森県,宮崎県,1
2021,青森県,鹿児島県,1
2021,岩手県,山口県,1
2021,岩手県,徳島県,1
2021,岩手県,香川県,1
2021,岩手県,大分県,1
2021,岩手県,鹿児島県,1
2021,宮城県,三重県,1
2021,宮城県,和歌山県,1
2021,宮城県,徳島県,1
2021,宮城県,高知県,1
2021,秋田県,福井県,1
2021,秋田県,和歌山県,1
2021,秋田県,島根県,1
2021,秋田県,広島県,1
2021,秋田県,鹿児島県,1
2021,山形県,山口県,1
2021,山形県,香川県,1
2021,山形県,愛媛県,1
2021,山形県,福岡県,1
2021,山形県,沖縄県,1
2021,福島県,福井県,1
2021,福島県,和歌山県,1
2021,福島県,岡山県,1
2021,福島県,長崎県,1
2021,福島県,熊本県,1
2021,福島県,鹿児島県,1
2021,栃木県,三重県,1
2021,栃木県,鳥取県,1
2021,栃木県,島根県,1
2021,栃木県,岡山県,1
2021,群馬県,愛媛県,1
2021,埼玉県,佐賀県,1
2021,神奈川県,佐賀県,1
2021,新潟県,香川県,1
2021,新潟県,熊本県,1
2021,富山県,徳島県,1
2021,富山県,愛媛県,1
2021,富山県,鹿児島県,1
2021,石川県,宮崎県,1
2021,石川県,鹿児島県,1
2021,福井県,長崎県,1
2021,福井県,熊本県,1
2021,山梨県,鳥取県,1
2021,山梨県,高知県,1
2021,三重県,福島県,1
2021,滋賀県,青森県,1
2021,滋賀県,山形県,1
2021,奈良県,岩手県,1
2021,和歌山県,青森県,1
2021,和歌山県,岩手県,1
2021,和歌山県,福島県,1
2021,鳥取県,青森県,1
2021,鳥取県,佐賀県,1
2021,島根県,山形県,1
2021,広島県,山形県,1
2021,徳島県,青森県,1
2021,香川県,青森県,1
2021,香川県,福島県,1
2021,高知県,岩手県,1
2021,高知県,宮城県,1
2021,高知県,山形県,1
2021,佐賀県,青森県,1
2021,佐賀県,秋田県,1
2021,佐賀県,福島県,1
2021,長崎県,青森県,1
2021,長崎県,山形県,1
2021,熊本県,青森県,1
2021,熊本県,山形県,1
2021,熊本県,福井県,1
2021,大分県,秋田県,1
2021,大分県,和歌山県,1
2021,宮崎県,青森県,1
2021,宮崎県,秋田県,1
2021,宮崎県,福井県,1
2021,宮崎県,和歌山県,1
2021,鹿児島県,秋田県,1
2021,鹿児島県,山形県,1
2022,神奈川県,東京都,23617
2022,埼玉県,東京都,18027
2022,千葉県,東京都,14177
2022,東京都,神奈川県,10283
2022,兵庫県,大阪府,7564
2022,大阪府,京都府,7151
2022,東京都,埼玉県,5720
2022,茨城県,東京都,5030
2022,大阪府,兵庫県,4989
2022,東京都,千葉県,4770
2022,岐阜県,愛知県,4593
2022,静岡県,東京都,3284
2022,京都府,大阪府,3232
2022,滋賀県,京都府,3121
2022,奈良県,大阪府,3110
2022,三重県,愛知県,2936
2022,兵庫県,京都府,2831
2022,栃木県,東京都,2497
2022,千葉県,神奈川県,2263
2022,群馬県,東京都,2251
2022,北海道,東京都,2159
2022,茨城県,千葉県,2132
2022,静岡県,愛知県,2115
2022,埼玉県,千葉県,2109
2022,長野県,東京都,2101
2022,埼玉県,神奈川県,2058
2022,愛知県,東京都,1997
2022,静岡県,神奈川県,1975
2022,千葉県,埼玉県,1877
2022,新潟県,東京都,1763
2022,和歌山県,大阪府,1724
2022,山梨県,東京都,1708
2022,奈良県,京都府,1623
2022,大阪府,奈良県,1455
2022,福岡県,東京都,1401
2022,京都府,滋賀県,1363
2022,福島県,東京都,1345
2022,佐賀県,福岡県,1341
2022,群馬県,埼玉県,1325
2022,愛知県,岐阜県,1303
2022,茨城県,埼玉県,1294
2022,愛知県,京都府,1251
2022,大阪府,滋賀県,1241
2022,熊本県,福岡県,1233
2022,滋賀県,大阪府,1203
2022,大阪府,東京都,1179
2022,宮城県,東京都,1170
2022,長崎県,福岡県,1157
2022,沖縄県,東京都,1151
2022,鹿児島県,福岡県,1132
2022,栃木県,埼玉県,1109
2022,茨城県,神奈川県,1077
2022,大分県,福岡県,1040
2022,福島県,宮城県,986
2022,神奈川県,千葉県,944
2022,広島県,岡山県,941
2022,兵庫県,東京都,923
2022,富山県,石川県,922
2022,岩手県,宮城県,907
2022,広島県,東京都,906
2022,長野県,神奈川県,902
2022,広島県,大阪府,865
2022,神奈川県,埼玉県,860
2022,山口県,福岡県,852
2022,宮崎県,福岡県,837
2022,山形県,宮城県,819
2022,大阪府,和歌山県,790
2022,京都府,兵庫県,774
2022,岡山県,大阪府,735
2022,山口県,広島県,723
2022,新潟県,神奈川県,722
2022,栃木県,神奈川県,716
2022,広島県,京都府,714
2022,兵庫県,岡山県,699
2022,愛知県,大阪府,696
2022,福岡県,熊本県,689
2022,長野県,愛知県,687
2022,北海道,神奈川県,684
2022,埼玉県,群馬県,684
2022,愛知県,静岡県,679
2022,福岡県,佐賀県,665
2022,三重県,大阪府,653
2022,岡山県,東京都,652
2022,茨城県,栃木県,646
2022,福岡県,山口県,629
2022,愛知県,三重県,628
2022,香川県,岡山県,627
2022,山形県,東京都,616
2022,香川県,大阪府,616
2022,青森県,宮城県,610
2022,岡山県,兵庫県,609
2022,静岡県,千葉県,608
2022,群馬県,神奈川県,606
2022,長野県,埼玉県,602
2022,愛知県,神奈川県,600
2022,宮城県,山形県,599
2022,福岡県,大阪府,597
2022,岡山県,京都府,596
2022,青森県,東京都,591
2022,福岡県,京都府,587
2022,山梨県,神奈川県,584
2022,鹿児島県,東京都,583
2022,奈良県,兵庫県,577
2022,愛媛県,広島県,555
2022,静岡県,京都府,552
2022,広島県,福岡県,550
2022,岩手県,東京都,544
2022,東京都,京都府,540
2022,熊本県,東京都,539
2022,新潟県,埼玉県,531
2022,三重県,京都府,530
2022,岐阜県,東京都,529
2022,岡山県,広島県,528
2022,福井県,京都府,526
2022,富山県,東京都,523
2022,島根県,広島県,522
2022,栃木県,千葉県,518
2022,広島県,山口県,516
2022,広島県,兵庫県,515
2022,福島県,神奈川県,511
2022,香川県,兵庫県,504
2022,福島県,埼玉県,500
2022,秋田県,宮城県,495
2022,東京都,北海道,491
2022,沖縄県,福岡県,491
2022,千葉県,茨城県,486
2022,東京都,茨城県,481
2022,北海道,大阪府,478
2022,愛知県,滋賀県,478
2022,東京都,山梨県,471
2022,愛媛県,大阪府,466
2022,福島県,千葉県,464
2022,栃木県,群馬県,463
2022,福岡県,長崎県,460
2022,石川県,東京都,458
2022,香川県,京都府,448
2022,和歌山県,京都府,445
2022,愛媛県,東京都,438
2022,三重県,東京都,433
2022,北海道,京都府,421
2022,長野県,千葉県,419
2022,兵庫県,滋賀県,419
2022,宮城県,神奈川県,408
2022,長崎県,東京都,408
2022,静岡県,埼玉県,405
2022,京都府,東京都,400
2022,愛媛県,岡山県,400
2022,沖縄県,大阪府,397
2022,秋田県,東京都,391
2022,北海道,青森県,389
2022,京都府,奈良県,389
2022,愛知県,兵庫県,383
2022,新潟県,千葉県,382
2022,奈良県,東京都,376
2022,鹿児島県,熊本県,372
2022,北海道,埼玉県,371
2022,石川県,京都府,371
2022,静岡県,大阪府,371
2022,福岡県,神奈川県,369
2022,広島県,愛媛県,368
2022,宮崎県,東京都,368
2022,青森県,北海道,366
2022,群馬県,千葉県,362
2022,福島県,栃木県,360
2022,岐阜県,京都府,356
2022,佐賀県,東京都,354
2022,石川県,大阪府,353
2022,愛媛県,京都府,344
2022,愛媛県,兵庫県,344
2022,北海道,千葉県,341
2022,福島県,新潟県,341
2022,福岡県,兵庫県,341
2022,富山県,愛知県,338
2022,石川県,富山県,332
2022,静岡県,山梨県,331
2022,香川県,東京都,330
2022,和歌山県,兵庫県,326
2022,長野県,新潟県,325
2022,福井県,石川県,319
2022,宮城県,埼玉県,316
2022,長野県,石川県,315
2022,岡山県,香川県,315
2022,福井県,大阪府,314
2022,兵庫県,広島県,313
2022,長野県,群馬県,312
2022,兵庫県,鳥取県,311
2022,徳島県,大阪府,311
2022,山形県,新潟県,309
2022,山口県,東京都,308
2022,茨城県,福島県,304
2022,新潟県,石川県,302
2022,大阪府,神奈川県,302
2022,沖縄県,神奈川県,301
2022,兵庫県,徳島県,300
2022,埼玉県,茨城県,296
2022,福井県,愛知県,294
2022,山形県,神奈川県,289
2022,福岡県,大分県,286
2022,宮崎県,熊本県,286
2022,愛知県,北海道,285
2022,徳島県,兵庫県,285
2022,福井県,東京都,284
2022,長野県,山梨県,284
2022,高知県,大阪府,284
2022,大分県,東京都,280
2022,福岡県,広島県,279
2022,兵庫県,奈良県,278
2022,香川県,広島県,278
2022,埼玉県,栃木県,268
2022,長崎県,熊本県,268
2022,東京都,群馬県,267
2022,石川県,愛知県,267
2022,東京都,宮城県,266
2022,神奈川県,北海道,266
2022,神奈川県,山梨県,263
2022,長野県,京都府,263
2022,東京都,大阪府,262
2022,鳥取県,大阪府,262
2022,山梨県,埼玉県,261
2022,島根県,大阪府,261
2022,広島県,神奈川県,261
2022,島根県,岡山県,258
2022,宮城県,岩手県,257
2022,愛知県,福井県,256
2022,宮城県,福島県,255
2022,山口県,大阪府,255
2022,香川県,愛媛県,254
2022,群馬県,栃木県,252
2022,鳥取県,兵庫県,250
2022,富山県,京都府,248
2022,岩手県,青森県,245
2022,兵庫県,神奈川県,245
2022,兵庫県,愛知県,245
2022,滋賀県,兵庫県,244
2022,岩手県,北海道,243
2022,高知県,東京都,241
2022,北海道,兵庫県,239
2022,山梨県,千葉県,239
2022,福岡県,鹿児島県,239
2022,鹿児島県,大阪府,239
2022,愛知県,富山県,238
2022,愛知県,長野県,236
2022,青森県,岩手県,231
2022,愛知県,石川県,230
2022,沖縄県,京都府,230
2022,山口県,京都府,229
2022,宮城県,千葉県,226
2022,山口県,岡山県,225
2022,高知県,岡山県,223
2022,熊本県,鹿児島県,223
2022,福島県,茨城県,222
2022,茨城県,群馬県,222
2022,茨城県,宮城県,221
2022,神奈川県,静岡県,221
2022,兵庫県,福岡県,220
2022,北海道,愛知県,219
2022,大分県,熊本県,219
2022,宮崎県,大分県,218
2022,愛媛県,福岡県,217
2022,鳥取県,京都府,216
2022,宮崎県,鹿児島県,216
2022,岐阜県,滋賀県,215
2022,奈良県,滋賀県,215
2022,沖縄県,千葉県,215
2022,愛知県,千葉県,213
2022,鳥取県,岡山県,213
2022,神奈川県,京都府,212
2022,徳島県,京都府,211
2022,沖縄県,愛知県,211
2022,栃木県,茨城県,210
2022,富山県,神奈川県,209
2022,岡山県,福岡県,207
2022,富山県,大阪府,206
2022,岐阜県,大阪府,206
2022,青森県,神奈川県,205
2022,高知県,兵庫県,205
2022,栃木県,福島県,204
2022,福島県,山形県,201
2022,新潟県,群馬県,200
2022,東京都,静岡県,198
2022,山形県,千葉県,195
2022,大阪府,愛知県,194
2022,高知県,京都府,194
2022,富山県,新潟県,191
2022,静岡県,長野県,191
2022,埼玉県,宮城県,189
2022,三重県,兵庫県,189
2022,和歌山県,東京都,188
2022,岡山県,愛媛県,188
2022,埼玉県,北海道,187
2022,岐阜県,石川県,183
2022,佐賀県,長崎県,183
2022,鳥取県,東京都,182
2022,愛媛県,徳島県,182
2022,滋賀県,愛知県,181
2022,山形県,埼玉県,180
2022,高知県,愛媛県,180
2022,鹿児島県,宮崎県,180
2022,沖縄県,埼玉県,180
2022,青森県,千葉県,178
2022,愛知県,埼玉県,178
2022,大阪府,北海道,178
2022,群馬県,新潟県,177
2022,千葉県,北海道,177
2022,岩手県,神奈川県,176
2022,東京都,長野県,175
2022,岐阜県,神奈川県,175
2022,宮城県,北海道,174
2022,山口県,兵庫県,174
2022,神奈川県,茨城県,172
2022,徳島県,岡山県,172
2022,秋田県,青森県,171
2022,長野県,大阪府,171
2022,大阪府,広島県,171
2022,岡山県,山口県,171
2022,鹿児島県,神奈川県,171
2022,静岡県,北海道,170
2022,熊本県,神奈川県,170
2022,熊本県,大阪府,170
2022,長野県,富山県,169
2022,広島県,島根県,169
2022,熊本県,京都府,169
2022,茨城県,北海道,167
2022,栃木県,宮城県,167
2022,大阪府,福岡県,167
2022,千葉県,京都府,166
2022,兵庫県,北海道,166
2022,兵庫県,高知県,166
2022,大分県,山口県,166
2022,北海道,宮城県,164
2022,静岡県,兵庫県,164
2022,徳島県,東京都,164
2022,青森県,埼玉県,161
2022,秋田県,新潟県,161
2022,東京都,兵庫県,161
2022,新潟県,宮城県,160
2022,福井県,兵庫県,160
2022,熊本県,長崎県,160
2022,東京都,愛知県,157
2022,石川県,兵庫県,156
2022,福岡県,宮崎県,156
2022,静岡県,岐阜県,155
2022,島根県,東京都,155
2022,大分県,長崎県,155
2022,秋田県,岩手県,153
2022,佐賀県,熊本県,153
2022,鳥取県,島根県,152
2022,沖縄県,兵庫県,152
2022,石川県,神奈川県,151
2022,鳥取県,広島県,151
2022,島根県,京都府,151
2022,香川県,徳島県,151
2022,長崎県,佐賀県,151
2022,岐阜県,静岡県,150
2022,岩手県,埼玉県,149
2022,埼玉県,京都府,149
2022,秋田県,神奈川県,148
2022,長崎県,山口県,148
2022,鹿児島県,京都府,148
2022,岡山県,神奈川県,147
2022,鹿児島県,広島県,146
2022,新潟県,京都府,145
2022,愛媛県,高知県,145
2022,福岡県,千葉県,145
2022,栃木県,新潟県,144
2022,石川県,福井県,144
2022,愛媛県,香川県,144
2022,千葉県,群馬県,142
2022,三重県,滋賀県,141
2022,鹿児島県,兵庫県,141
2022,鹿児島県,長崎県,141
2022,京都府,神奈川県,140
2022,長野県,岐阜県,139
2022,岡山県,愛知県,139
2022,宮城県,新潟県,138
2022,茨城県,京都府,137
2022,大阪府,岡山県,137
2022,福岡県,岡山県,137
2022,群馬県,京都府,136
2022,山梨県,静岡県,135
2022,静岡県,滋賀県,135
2022,群馬県,宮城県,134
2022,兵庫県,島根県,134
2022,愛媛県,神奈川県,134
2022,福岡県,滋賀県,134
2022,岡山県,島根県,133
2022,静岡県,石川県,132
2022,福岡県,埼玉県,132
2022,新潟県,山形県,131
2022,島根県,兵庫県,131
2022,熊本県,大分県,131
2022,埼玉県,山梨県,130
2022,愛知県,広島県,130
2022,滋賀県,東京都,130
2022,京都府,愛知県,130
2022,山形県,福島県,129
2022,山梨県,長野県,129
2022,静岡県,茨城県,129
2022,愛知県,福岡県,129
2022,三重県,神奈川県,129
2022,岩手県,千葉県,128
2022,大分県,京都府,128
2022,秋田県,北海道,127
2022,兵庫県,香川県,127
2022,岡山県,高知県,126
2022,徳島県,高知県,126
2022,福岡県,愛知県,126
2022,群馬県,茨城県,125
2022,長崎県,大分県,125
2022,神奈川県,群馬県,123
2022,長崎県,神奈川県,123
2022,大分県,広島県,123
2022,石川県,新潟県,122
2022,三重県,奈良県,122
2022,徳島県,香川県,122
2022,岩手県,秋田県,121
2022,宮城県,京都府,121
2022,広島県,愛知県,121
2022,大分県,宮崎県,121
2022,北海道,福岡県,120
2022,三重県,静岡県,120
2022,大阪府,徳島県,120
2022,高知県,香川県,120
2022,神奈川県,大阪府,119
2022,岐阜県,富山県,119
2022,大阪府,千葉県,119
2022,長崎県,大阪府,119
2022,大分県,大阪府,119
2022,熊本県,宮崎県,118
2022,東京都,新潟県,117
2022,山梨県,愛知県,117
2022,静岡県,群馬県,117
2022,奈良県,神奈川県,117
2022,福島県,群馬県,116
2022,神奈川県,宮城県,116
2022,愛知県,茨城県,116
2022,愛知県,山梨県,116
2022,鹿児島県,埼玉県,116
2022,千葉県,宮城県,115
2022,新潟県,長野県,115
2022,奈良県,愛知県,115
2022,秋田県,千葉県,114
2022,茨城県,静岡県,114
2022,島根県,山口県,114
2022,宮崎県,大阪府,114
2022,北海道,群馬県,113
2022,栃木県,山形県,113
2022,宮崎県,神奈川県,113
2022,静岡県,三重県,111
2022,広島県,滋賀県,111
2022,長崎県,京都府,111
2022,岩手県,山形県,110
2022,東京都,栃木県,110
2022,長野県,静岡県,110
2022,大阪府,鳥取県,110
2022,高知県,徳島県,110
2022,長崎県,広島県,110
2022,鹿児島県,愛知県,110
2022,新潟県,福島県,109
2022,三重県,岐阜県,109
2022,兵庫県,山口県,109
2022,秋田県,埼玉県,107
2022,静岡県,広島県,107
2022,兵庫県,愛媛県,107
2022,東京都,大分県,106
2022,鹿児島県,千葉県,106
2022,北海道,静岡県,105
2022,兵庫県,石川県,105
2022,茨城県,山梨県,104
2022,東京都,福岡県,104
2022,新潟県,大阪府,104
2022,広島県,千葉県,104
2022,高知県,広島県,104
2022,千葉県,静岡県,103
2022,山梨県,京都府,103
2022,宮崎県,長崎県,103
2022,千葉県,愛知県,102
2022,新潟県,北海道,102
2022,福井県,富山県,102
2022,静岡県,宮城県,102
2022,島根県,福岡県,102
2022,岡山県,鳥取県,102
2022,岐阜県,長野県,101
2022,徳島県,愛媛県,101
2022,香川県,福岡県,101
2022,兵庫県,和歌山県,100
2022,徳島県,広島県,100
2022,沖縄県,岡山県,100
2022,愛媛県,山口県,99
2022,北海道,茨城県,98
2022,北海道,滋賀県,98
2022,香川県,高知県,98
2022,沖縄県,広島県,98
2022,岡山県,滋賀県,97
2022,山形県,北海道,96
2022,神奈川県,愛知県,96
2022,鹿児島県,山口県,96
2022,岩手県,福島県,95
2022,宮城県,秋田県,95
2022,新潟県,富山県,95
2022,岡山県,徳島県,95
2022,愛媛県,愛知県,95
2022,熊本県,広島県,95
2022,茨城県,大阪府,94
2022,群馬県,長野県,94
2022,群馬県,石川県,93
2022,千葉県,大阪府,93
2022,富山県,千葉県,93
2022,長野県,北海道,93
2022,島根県,鳥取県,93
2022,北海道,新潟県,92
2022,石川県,滋賀県,92
2022,和歌山県,奈良県,92
2022,長崎県,鹿児島県,92
2022,沖縄県,熊本県,92
2022,茨城県,山形県,91
2022,富山県,兵庫県,91
2022,山口県,神奈川県,91
2022,宮城県,青森県,90
2022,富山県,長野県,90
2022,愛知県,奈良県,90
2022,兵庫県,埼玉県,90
2022,山形県,秋田県,89
2022,埼玉県,大阪府,89
2022,福井県,滋賀県,89
2022,大阪府,埼玉県,89
2022,大分県,兵庫県,89
2022,宮崎県,京都府,89
2022,神奈川県,長野県,88
2022,富山県,福井県,88
2022,福井県,神奈川県,88
2022,岐阜県,三重県,88
2022,京都府,岡山県,88
2022,沖縄県,長崎県,88
2022,東京都,福島県,87
2022,滋賀県,岐阜県,87
2022,宮城県,栃木県,86
2022,秋田県,山形県,86
2022,千葉県,山梨県,86
2022,長野県,宮城県,86
2022,京都府,北海道,86
2022,熊本県,佐賀県,86
2022,北海道,広島県,85
2022,埼玉県,長野県,85
2022,石川県,北海道,85
2022,兵庫県,千葉県,85
2022,熊本県,兵庫県,85
2022,栃木県,北海道,84
2022,北海道,岩手県,83
2022,茨城県,新潟県,83
2022,岐阜県,兵庫県,83
2022,京都府,広島県,83
2022,鹿児島県,沖縄県,83
2022,北海道,山梨県,82
2022,長野県,茨城県,82
2022,岐阜県,千葉県,82
2022,岐阜県,福井県,82
2022,静岡県,新潟県,82
2022,広島県,高知県,82
2022,茨城県,長野県,81
2022,三重県,石川県,81
2022,和歌山県,滋賀県,81
2022,長崎県,宮崎県,81
2022,青森県,山形県,80
2022,東京都,石川県,80
2022,山梨県,大阪府,80
2022,茨城県,愛知県,79
2022,群馬県,福島県,79
2022,大阪府,三重県,79
2022,岡山県,千葉県,79
2022,山形県,岩手県,78
2022,東京都,滋賀県,78
2022,奈良県,北海道,78
2022,香川県,神奈川県,78
2022,長崎県,兵庫県,78
2022,宮城県,大阪府,77
2022,新潟県,茨城県,77
2022,大分県,鹿児島県,77
2022,青森県,秋田県,76
2022,宮城県,群馬県,76
2022,栃木県,静岡県,76
2022,埼玉県,静岡県,76
2022,千葉県,栃木県,76
2022,香川県,愛知県,76
2022,香川県,滋賀県,76
2022,熊本県,山口県,76
2022,北海道,石川県,75
2022,福島県,北海道,75
2022,神奈川県,兵庫県,75
2022,愛知県,鳥取県,75
2022,鳥取県,山口県,75
2022,広島県,鳥取県,75
2022,宮崎県,山口県,75
2022,大阪府,愛媛県,74
2022,石川県,千葉県,73
2022,愛知県,岡山県,73
2022,兵庫県,静岡県,73
2022,佐賀県,京都府,73
2022,佐賀県,大分県,73
2022,宮崎県,広島県,73
2022,埼玉県,新潟県,72
2022,富山県,埼玉県,72
2022,静岡県,福島県,72
2022,大阪府,石川県,72
2022,広島県,埼玉県,72
2022,新潟県,愛知県,71
2022,富山県,滋賀県,71
2022,滋賀県,石川県,71
2022,沖縄県,北海道,71
2022,岩手県,新潟県,70
2022,山形県,栃木県,70
2022,新潟県,秋田県,70
2022,滋賀県,奈良県,70
2022,京都府,石川県,70
2022,佐賀県,山口県,70
2022,山形県,青森県,69
2022,岡山県,奈良県,69
2022,福岡県,北海道,69
2022,北海道,山形県,68
2022,神奈川県,福岡県,68
2022,広島県,北海道,68
2022,山口県,愛知県,68
2022,佐賀県,兵庫県,68
2022,青森県,栃木県,67
2022,宮城県,茨城県,67
2022,新潟県,栃木県,67
2022,石川県,埼玉県,67
2022,長野県,兵庫県,67
2022,北海道,長野県,66
2022,岩手県,栃木県,66
2022,栃木県,京都府,66
2022,埼玉県,福島県,66
2022,千葉県,長野県,66
2022,岐阜県,北海道,66
2022,広島県,香川県,66
2022,愛媛県,滋賀県,66
2022,高知県,神奈川県,66
2022,鹿児島県,大分県,66
2022,群馬県,山梨県,65
2022,京都府,鳥取県,65
2022,山口県,熊本県,65
2022,山形県,群馬県,64
2022,岡山県,埼玉県,64
2022,沖縄県,徳島県,64
2022,青森県,群馬県,63
2022,青森県,新潟県,63
2022,福島県,岩手県,63
2022,群馬県,北海道,63
2022,東京都,秋田県,63
2022,静岡県,福岡県,63
2022,大阪府,高知県,63
2022,兵庫県,長野県,63
2022,福井県,岐阜県,62
2022,愛知県,秋田県,62
2022,愛知県,高知県,62
2022,京都府,福井県,62
2022,大阪府,長野県,62
2022,大阪府,岐阜県,62
2022,奈良県,三重県,62
2022,福岡県,沖縄県,62
2022,佐賀県,神奈川県,62
2022,長崎県,千葉県,62
2022,埼玉県,愛知県,61
2022,静岡県,奈良県,61
2022,山口県,長崎県,61
2022,徳島県,神奈川県,61
2022,佐賀県,広島県,61
2022,鹿児島県,岡山県,61
2022,沖縄県,山口県,61
2022,岩手県,群馬県,60
2022,宮城県,兵庫県,60
2022,富山県,岐阜県,60
2022,愛知県,宮城県,60
2022,滋賀県,福井県,60
2022,和歌山県,愛知県,60
2022,山口県,大分県,60
2022,福岡県,茨城県,60
2022,佐賀県,大阪府,60
2022,沖縄県,大分県,60
2022,三重県,広島県,59
2022,大阪府,茨城県,59
2022,広島県,奈良県,59
2022,福岡県,奈良県,59
2022,栃木県,長野県,58
2022,広島県,長崎県,58
2022,新潟県,山梨県,57
2022,富山県,北海道,57
2022,長崎県,岡山県,57
2022,大分県,神奈川県,57
2022,大分県,岡山県,57
2022,福島県,山梨県,56
2022,栃木県,秋田県,56
2022,群馬県,大阪府,56
2022,長野県,栃木県,56
2022,静岡県,秋田県,56
2022,三重県,長野県,56
2022,大阪府,大分県,56
2022,岡山県,北海道,56
2022,愛媛県,島根県,56
2022,岩手県,茨城県,55
2022,大阪府,山口県,55
2022,奈良県,和歌山県,55
2022,和歌山県,岡山県,55
2022,和歌山県,徳島県,55
2022,香川県,山口県,55
2022,高知県,福岡県,55
2022,熊本県,千葉県,55
2022,熊本県,愛知県,55
2022,青森県,茨城県,54
2022,栃木県,石川県,54
2022,石川県,長野県,54
2022,岐阜県,山梨県,54
2022,和歌山県,広島県,54
2022,島根県,愛媛県,54
2022,愛媛県,千葉県,54
2022,秋田県,栃木県,53
2022,長野県,福井県,53
2022,京都府,静岡県,53
2022,奈良県,千葉県,53
2022,広島県,徳島県,53
2022,高知県,愛知県,53
2022,北海道,秋田県,52
2022,山形県,茨城県,52
2022,群馬県,愛知県,52
2022,静岡県,富山県,52
2022,京都府,福岡県,52
2022,宮崎県,佐賀県,52
2022,北海道,沖縄県,51
2022,福井県,千葉県,51
2022,山梨県,茨城県,51
2022,和歌山県,神奈川県,51
2022,宮崎県,愛知県,51
2022,茨城県,兵庫県,50
2022,大阪府,香川県,50
2022,兵庫県,茨城県,50
2022,愛媛県,埼玉県,50
2022,大分県,高知県,50
2022,鹿児島県,佐賀県,50
2022,栃木県,山梨県,49
2022,栃木県,大阪府,49
2022,神奈川県,石川県,49
2022,富山県,群馬県,49
2022,静岡県,山形県,49
2022,愛知県,山形県,49
2022,三重県,埼玉県,49
2022,三重県,千葉県,49
2022,京都府,千葉県,49
2022,兵庫県,三重県,49
2022,愛媛県,大分県,49
2022,大分県,佐賀県,49
2022,宮崎県,兵庫県,49
2022,沖縄県,静岡県,49
2022,岩手県,山梨県,48
2022,東京都,富山県,48
2022,岐阜県,埼玉県,48
2022,京都府,長野県,48
2022,大阪府,静岡県,48
2022,熊本県,埼玉県,48
2022,熊本県,岡山県,48
2022,沖縄県,岐阜県,48
2022,宮城県,愛知県,47
2022,静岡県,栃木県,47
2022,京都府,大分県,47
2022,兵庫県,福井県,47
2022,鳥取県,福岡県,47
2022,岡山県,静岡県,47
2022,佐賀県,埼玉県,47
2022,長崎県,愛知県,47
2022,北海道,奈良県,46
2022,愛知県,群馬県,46
2022,滋賀県,神奈川県,46
2022,広島県,大分県,46
2022,沖縄県,群馬県,46
2022,東京都,岩手県,45
2022,東京都,広島県,45
2022,神奈川県,大分県,45
2022,新潟県,静岡県,45
2022,福井県,新潟県,45
2022,岐阜県,広島県,45
2022,大阪府,島根県,45
2022,奈良県,広島県,45
2022,奈良県,福岡県,45
2022,秋田県,福島県,44
2022,茨城県,秋田県,44
2022,香川県,奈良県,44
2022,佐賀県,岡山県,44
2022,北海道,岡山県,43
2022,神奈川県,栃木県,43
2022,岐阜県,新潟県,43
2022,静岡県,岡山県,43
2022,三重県,北海道,43
2022,三重県,福岡県,43
2022,福島県,青森県,42
2022,群馬県,秋田県,42
2022,静岡県,沖縄県,42
2022,山口県,滋賀県,42
2022,大分県,愛知県,42
2022,宮崎県,千葉県,42
2022,沖縄県,石川県,42
2022,沖縄県,宮崎県,42
2022,山形県,石川県,41
2022,福島県,京都府,41
2022,東京都,山形県,41
2022,長野県,福島県,41
2022,岐阜県,奈良県,41
2022,兵庫県,宮城県,41
2022,兵庫県,沖縄県,41
2022,奈良県,埼玉県,41
2022,鳥取県,滋賀県,41
2022,徳島県,愛知県,41
2022,青森県,福島県,40
2022,岩手県,京都府,40
2022,福島県,秋田県,40
2022,茨城県,石川県,40
2022,東京都,奈良県,40
2022,山梨県,兵庫県,40
2022,長野県,山形県,40
2022,長野県,三重県,40
2022,岐阜県,茨城県,40
2022,静岡県,高知県,40
2022,大阪府,沖縄県,40
2022,山口県,埼玉県,40
2022,徳島県,滋賀県,40
2022,福岡県,高知県,40
2022,長崎県,埼玉県,40
2022,沖縄県,鹿児島県,40
2022,北海道,栃木県,39
2022,北海道,大分県,39
2022,千葉県,兵庫県,39
2022,神奈川県,福島県,39
2022,福井県,長野県,39
2022,徳島県,山口県,39
2022,佐賀県,宮崎県,39
2022,佐賀県,鹿児島県,39
2022,秋田県,茨城県,38
2022,栃木県,愛知県,38
2022,埼玉県,滋賀県,38
2022,千葉県,石川県,38
2022,東京都,愛媛県,38
2022,東京都,沖縄県,38
2022,富山県,山梨県,38
2022,山梨県,宮城県,38
2022,愛知県,新潟県,38
2022,愛知県,鹿児島県,38
2022,三重県,福井県,38
2022,京都府,埼玉県,38
2022,大阪府,福井県,38
2022,島根県,奈良県,38
2022,山口県,愛媛県,38
2022,長崎県,沖縄県,38
2022,大分県,千葉県,38
2022,沖縄県,茨城県,38
2022,宮城県,静岡県,37
2022,埼玉県,秋田県,37
2022,千葉県,新潟県,37
2022,神奈川県,新潟県,37
2022,石川県,宮城県,37
2022,長野県,滋賀県,37
2022,愛知県,愛媛県,37
2022,愛知県,沖縄県,37
2022,三重県,富山県,37
2022,京都府,山口県,37
2022,大阪府,宮城県,37
2022,兵庫県,大分県,37
2022,徳島県,福岡県,37
2022,愛媛県,北海道,37
2022,宮城県,山梨県,36
2022,埼玉県,兵庫県,36
2022,神奈川県,滋賀県,36
2022,滋賀県,広島県,36
2022,大阪府,富山県,36
2022,和歌山県,三重県,36
2022,島根県,滋賀県,36
2022,高知県,千葉県,36
2022,福岡県,島根県,36
2022,埼玉県,石川県,35
2022,千葉県,福岡県,35
2022,東京都,鹿児島県,35
2022,富山県,宮城県,35
2022,長野県,奈良県,35
2022,静岡県,山口県,35
2022,愛知県,島根県,35
2022,愛知県,大分県,35
2022,三重県,岡山県,35
2022,滋賀県,北海道,35
2022,京都府,三重県,35
2022,京都府,高知県,35
2022,兵庫県,新潟県,35
2022,広島県,鹿児島県,35
2022,愛媛県,山梨県,35
2022,愛媛県,静岡県,35
2022,高知県,山口県,35
2022,福岡県,山梨県,35
2022,福岡県,愛媛県,35
2022,宮崎県,埼玉県,35
2022,北海道,長崎県,34
2022,宮城県,石川県,34
2022,茨城県,岩手県,34
2022,栃木県,岩手県,34
2022,新潟県,兵庫県,34
2022,山梨県,北海道,34
2022,兵庫県,富山県,34
2022,兵庫県,宮崎県,34
2022,奈良県,岡山県,34
2022,鳥取県,神奈川県,34
2022,島根県,神奈川県,34
2022,広島県,茨城県,34
2022,大分県,愛媛県,34
2022,大分県,沖縄県,34
2022,鹿児島県,滋賀県,34
2022,秋田県,群馬県,33
2022,群馬県,富山県,33
2022,石川県,静岡県,33
2022,福井県,埼玉県,33
2022,福井県,静岡県,33
2022,愛知県,和歌山県,33
2022,京都府,島根県,33
2022,大阪府,秋田県,33
2022,大阪府,新潟県,33
2022,大阪府,山梨県,33
2022,奈良県,宮城県,33
2022,高知県,埼玉県,33
2022,山形県,山梨県,32
2022,埼玉県,山形県,32
2022,千葉県,山形県,32
2022,千葉県,滋賀県,32
2022,東京都,青森県,32
2022,石川県,岐阜県,32
2022,静岡県,福井県,32
2022,京都府,徳島県,32
2022,兵庫県,岐阜県,32
2022,兵庫県,長崎県,32
2022,鳥取県,愛媛県,32
2022,岡山県,石川県,32
2022,広島県,沖縄県,32
2022,愛媛県,奈良県,32
2022,高知県,奈良県,32
2022,熊本県,沖縄県,32
2022,福島県,静岡県,31
2022,群馬県,静岡県,31
2022,神奈川県,秋田県,31
2022,新潟県,岩手県,31
2022,石川県,広島県,31
2022,福井県,広島県,31
2022,山梨県,群馬県,31
2022,山梨県,石川県,31
2022,山梨県,福岡県,31
2022,滋賀県,静岡県,31
2022,大阪府,長崎県,31
2022,大阪府,鹿児島県,31
2022,鳥取県,愛知県,31
2022,山口県,千葉県,31
2022,山口県,鹿児島県,31
2022,高知県,滋賀県,31
2022,大分県,島根県,31
2022,宮崎県,岡山県,31
2022,鹿児島県,静岡県,31
2022,沖縄県,香川県,31
2022,青森県,石川県,30
2022,山形県,京都府,30
2022,埼玉県,福岡県,30
2022,石川県,奈良県,30
2022,静岡県,鳥取県,30
2022,愛知県,山口県,30
2022,愛知県,宮崎県,30
2022,兵庫県,鹿児島県,30
2022,島根県,愛知県,30
2022,福島県,長野県,29
2022,栃木県,青森県,29
2022,千葉県,福島県,29
2022,東京都,長崎県,29
2022,神奈川県,山形県,29
2022,新潟県,福井県,29
2022,富山県,茨城県,29
2022,山梨県,栃木県,29
2022,山梨県,新潟県,29
2022,愛知県,徳島県,29
2022,愛知県,長崎県,29
2022,兵庫県,山梨県,29
2022,兵庫県,熊本県,29
2022,和歌山県,福岡県,29
2022,島根県,埼玉県,29
2022,山口県,奈良県,29
2022,山口県,島根県,29
2022,香川県,千葉県,29
2022,沖縄県,滋賀県,29
2022,沖縄県,愛媛県,29
2022,北海道,富山県,28
2022,青森県,京都府,28
2022,秋田県,石川県,28
2022,石川県,群馬県,28
2022,長野県,広島県,28
2022,長野県,福岡県,28
2022,岐阜県,鳥取県,28
2022,岐阜県,福岡県,28
2022,静岡県,香川県,28
2022,滋賀県,富山県,28
2022,滋賀県,福岡県,28
2022,和歌山県,石川県,28
2022,岡山県,茨城県,28
2022,香川県,埼玉県,28
2022,福岡県,静岡県,28
2022,鹿児島県,岐阜県,28
2022,北海道,福島県,27
2022,北海道,鹿児島県,27
2022,福島県,石川県,27
2022,栃木県,兵庫県,27
2022,群馬県,山形県,27
2022,群馬県,兵庫県,27
2022,埼玉県,青森県,27
2022,千葉県,秋田県,27
2022,東京都,岡山県,27
2022,石川県,山梨県,27
2022,静岡県,岩手県,27
2022,静岡県,島根県,27
2022,静岡県,愛媛県,27
2022,京都府,香川県,27
2022,和歌山県,北海道,27
2022,和歌山県,鳥取県,27
2022,鳥取県,高知県,27
2022,広島県,石川県,27
2022,長崎県,滋賀県,27
2022,茨城県,福岡県,26
2022,埼玉県,富山県,26
2022,福井県,奈良県,26
2022,三重県,茨城県,26
2022,三重県,山梨県,26
2022,滋賀県,岡山県,26
2022,京都府,富山県,26
2022,京都府,岐阜県,26
2022,京都府,和歌山県,26
2022,和歌山県,静岡県,26
2022,宮崎県,高知県,26
2022,鹿児島県,茨城県,26
2022,沖縄県,新潟県,26
2022,東京都,熊本県,25
2022,神奈川県,長崎県,25
2022,富山県,静岡県,25
2022,岐阜県,群馬県,25
2022,岐阜県,岡山県,25
2022,三重県,高知県,25
2022,京都府,沖縄県,25
2022,鳥取県,千葉県,25
2022,広島県,岐阜県,25
2022,山口県,宮崎県,25
2022,徳島県,千葉県,25
2022,佐賀県,愛知県,25
2022,鹿児島県,北海道,25
2022,沖縄県,宮城県,25
2022,沖縄県,栃木県,25
2022,沖縄県,山梨県,25
2022,秋田県,京都府,24
2022,神奈川県,沖縄県,24
2022,富山県,奈良県,24
2022,島根県,千葉県,24
2022,島根県,高知県,24
2022,岡山県,宮崎県,24
2022,広島県,静岡県,24
2022,徳島県,奈良県,24
2022,香川県,北海道,24
2022,熊本県,滋賀県,24
2022,沖縄県,奈良県,24
2022,宮城県,長野県,23
2022,山形県,大阪府,23
2022,茨城県,奈良県,23
2022,東京都,高知県,23
2022,福井県,山梨県,23
2022,福井県,岡山県,23
2022,三重県,和歌山県,23
2022,滋賀県,三重県,23
2022,大阪府,熊本県,23
2022,大阪府,宮崎県,23
2022,和歌山県,高知県,23
2022,岡山県,鹿児島県,23
2022,広島県,熊本県,23
2022,広島県,宮崎県,23
2022,愛媛県,鳥取県,23
2022,福岡県,鳥取県,23
2022,大分県,埼玉県,23
2022,北海道,岐阜県,22
2022,山形県,静岡県,22
2022,福島県,大阪府,22
2022,茨城県,青森県,22
2022,茨城県,滋賀県,22
2022,埼玉県,岩手県,22
2022,神奈川県,岩手県,22
2022,福井県,茨城県,22
2022,静岡県,大分県,22
2022,三重県,鳥取県,22
2022,三重県,徳島県,22
2022,滋賀県,千葉県,22
2022,滋賀県,長野県,22
2022,京都府,茨城県,22
2022,奈良県,長野県,22
2022,和歌山県,埼玉県,22
2022,和歌山県,千葉県,22
2022,島根県,長崎県,22
2022,徳島県,山梨県,22
2022,徳島県,島根県,22
2022,香川県,島根県,22
2022,高知県,静岡県,22
2022,佐賀県,千葉県,22
2022,鹿児島県,宮城県,22
2022,鹿児島県,山梨県,22
2022,北海道,熊本県,21
2022,青森県,静岡県,21
2022,青森県,大阪府,21
2022,福島県,愛知県,21
2022,茨城県,沖縄県,21
2022,千葉県,青森県,21
2022,東京都,岐阜県,21
2022,東京都,山口県,21
2022,神奈川県,青森県,21
2022,神奈川県,鹿児島県,21
2022,新潟県,滋賀県,21
2022,静岡県,和歌山県,21
2022,滋賀県,徳島県,21
2022,奈良県,石川県,21
2022,鳥取県,埼玉県,21
2022,広島県,山梨県,21
2022,愛媛県,熊本県,21
2022,愛媛県,沖縄県,21
2022,長崎県,島根県,21
2022,長崎県,高知県,21
2022,宮崎県,沖縄県,21
2022,秋田県,大阪府,20
2022,千葉県,大分県,20
2022,東京都,宮崎県,20
2022,石川県,茨城県,20
2022,山梨県,福島県,20
2022,滋賀県,埼玉県,20
2022,和歌山県,岐阜県,20
2022,徳島県,静岡県,20
2022,愛媛県,宮城県,20
2022,愛媛県,茨城県,20
2022,福岡県,宮城県,20
2022,長崎県,茨城県,20
2022,熊本県,北海道,20
2022,大分県,茨城県,20
2022,宮崎県,滋賀県,20
2022,鹿児島県,新潟県,20
2022,沖縄県,長野県,20
2022,沖縄県,高知県,20
2022,北海道,山口県,19
2022,山形県,愛知県,19
2022,埼玉県,鹿児島県,19
2022,埼玉県,沖縄県,19
2022,千葉県,岩手県,19
2022,千葉県,沖縄県,19
2022,神奈川県,広島県,19
2022,新潟県,奈良県,19
2022,新潟県,福岡県,19
2022,富山県,広島県,19
2022,石川県,福岡県,19
2022,山梨県,広島県,19
2022,長野県,秋田県,19
2022,静岡県,徳島県,19
2022,愛知県,福島県,19
2022,鳥取県,奈良県,19
2022,鳥取県,徳島県,19
2022,島根県,石川県,19
2022,島根県,徳島県,19
2022,岡山県,新潟県,19
2022,岡山県,岐阜県,19
2022,岡山県,大分県,19
2022,香川県,鳥取県,19
2022,愛媛県,石川県,19
2022,福岡県,徳島県,19
2022,長崎県,静岡県,19
2022,宮崎県,茨城県,19
2022,岩手県,大阪府,18
2022,宮城県,滋賀県,18
2022,宮城県,福岡県,18
2022,茨城県,岡山県,18
2022,千葉県,広島県,18
2022,東京都,島根県,18
2022,富山県,栃木県,18
2022,愛知県,青森県,18
2022,愛知県,香川県,18
2022,京都府,愛媛県,18
2022,和歌山県,長野県,18
2022,島根県,香川県,18
2022,岡山県,熊本県,18
2022,徳島県,北海道,18
2022,徳島県,埼玉県,18
2022,香川県,静岡県,18
2022,愛媛県,和歌山県,18
2022,福岡県,石川県,18
2022,長崎県,鳥取県,18
2022,鹿児島県,奈良県,18
2022,沖縄県,佐賀県,18
2022,岩手県,長野県,17
2022,群馬県,青森県,17
2022,群馬県,岩手県,17
2022,神奈川県,富山県,17
2022,新潟県,青森県,17
2022,石川県,岡山県,17
2022,福井県,福岡県,17
2022,長野県,岡山県,17
2022,岐阜県,高知県,17
2022,三重県,宮城県,17
2022,三重県,山口県,17
2022,和歌山県,山口県,17
2022,島根県,熊本県,17
2022,岡山県,山梨県,17
2022,香川県,大分県,17
2022,福岡県,新潟県,17
2022,福岡県,岐阜県,17
2022,熊本県,茨城県,17
2022,青森県,愛知県,16
2022,岩手県,石川県,16
2022,岩手県,静岡県,16
2022,岩手県,愛知県,16
2022,秋田県,山梨県,16
2022,茨城県,広島県,16
2022,茨城県,高知県,16
2022,群馬県,滋賀県,16
2022,千葉県,富山県,16
2022,東京都,福井県,16
2022,神奈川県,三重県,16
2022,神奈川県,奈良県,16
2022,石川県,三重県,16
2022,福井県,北海道,16
2022,福井県,三重県,16
2022,山梨県,富山県,16
2022,岐阜県,和歌山県,16
2022,愛知県,栃木県,16
2022,滋賀県,和歌山県,16
2022,京都府,宮城県,16
2022,兵庫県,秋田県,16
2022,兵庫県,群馬県,16
2022,鳥取県,香川県,16
2022,広島県,宮城県,16
2022,山口県,佐賀県,16
2022,香川県,和歌山県,16
2022,高知県,大分県,16
2022,福岡県,群馬県,16
2022,佐賀県,島根県,16
2022,熊本県,愛媛県,16
2022,大分県,滋賀県,16
2022,宮崎県,静岡県,16
2022,鹿児島県,愛媛県,16
2022,鹿児島県,高知県,16
2022,北海道,福井県,15
2022,北海道,鳥取県,15
2022,北海道,愛媛県,15
2022,北海道,高知県,15
2022,青森県,山梨県,15
2022,青森県,兵庫県,15
2022,岩手県,兵庫県,15
2022,埼玉県,岡山県,15
2022,千葉県,岡山県,15
2022,千葉県,愛媛県,15
2022,千葉県,熊本県,15
2022,東京都,鳥取県,15
2022,新潟県,岐阜県,15
2022,石川県,高知県,15
2022,山梨県,岐阜県,15
2022,岐阜県,島根県,15
2022,岐阜県,山口県,15
2022,静岡県,青森県,15
2022,静岡県,宮崎県,15
2022,三重県,群馬県,15
2022,奈良県,山梨県,15
2022,奈良県,鳥取県,15
2022,奈良県,高知県,15
2022,鳥取県,石川県,15
2022,島根県,北海道,15
2022,岡山県,群馬県,15
2022,岡山県,和歌山県,15
2022,岡山県,長崎県,15
2022,岡山県,沖縄県,15
2022,広島県,長野県,15
2022,山口県,香川県,15
2022,山口県,高知県,15
2022,徳島県,鳥取県,15
2022,佐賀県,滋賀県,15
2022,長崎県,北海道,15
2022,熊本県,岐阜県,15
2022,熊本県,静岡県,15
2022,熊本県,奈良県,15
2022,大分県,北海道,15
2022,鹿児島県,群馬県,15
2022,鹿児島県,鳥取県,15
2022,沖縄県,島根県,15
2022,茨城県,富山県,14
2022,栃木県,福岡県,14
2022,埼玉県,大分県,14
2022,千葉県,宮崎県,14
2022,千葉県,鹿児島県,14
2022,神奈川県,愛媛県,14
2022,新潟県,広島県,14
2022,富山県,福岡県,14
2022,山梨県,滋賀県,14
2022,山梨県,奈良県,14
2022,山梨県,熊本県,14
2022,三重県,新潟県,14
2022,京都府,山梨県,14
2022,京都府,長崎県,14
2022,京都府,鹿児島県,14
2022,大阪府,群馬県,14
2022,奈良県,静岡県,14
2022,奈良県,徳島県,14
2022,島根県,静岡県,14
2022,岡山県,三重県,14
2022,広島県,佐賀県,14
2022,愛媛県,長野県,14
2022,愛媛県,鹿児島県,14
2022,福岡県,長野県,14
2022,福岡県,三重県,14
2022,宮崎県,群馬県,14
2022,沖縄県,三重県,14
2022,秋田県,愛知県,13
2022,山形県,長野県,13
2022,茨城県,岐阜県,13
2022,千葉県,長崎県,13
2022,東京都,香川県,13
2022,神奈川県,熊本県,13
2022,長野県,青森県,13
2022,長野県,沖縄県,13
2022,滋賀県,島根県,13
2022,滋賀県,山口県,13
2022,滋賀県,大分県,13
2022,大阪府,栃木県,13
2022,兵庫県,青森県,13
2022,奈良県,茨城県,13
2022,奈良県,長崎県,13
2022,和歌山県,茨城県,13
2022,和歌山県,山梨県,13
2022,和歌山県,香川県,13
2022,鳥取県,静岡県,13
2022,島根県,山梨県,13
2022,岡山県,宮城県,13
2022,広島県,栃木県,13
2022,広島県,和歌山県,13
2022,愛媛県,新潟県,13
2022,愛媛県,岐阜県,13
2022,愛媛県,長崎県,13
2022,愛媛県,宮崎県,13
2022,熊本県,徳島県,13
2022,大分県,山梨県,13
2022,大分県,鳥取県,13
2022,宮崎県,岐阜県,13
2022,鹿児島県,香川県,13
2022,岩手県,沖縄県,12
2022,宮城県,富山県,12
2022,宮城県,沖縄県,12
2022,秋田県,静岡県,12
2022,山形県,富山県,12
2022,栃木県,富山県,12
2022,栃木県,滋賀県,12
2022,栃木県,奈良県,12
2022,群馬県,福岡県,12
2022,埼玉県,広島県,12
2022,千葉県,岐阜県,12
2022,千葉県,奈良県,12
2022,富山県,福島県,12
2022,富山県,岡山県,12
2022,静岡県,鹿児島県,12
2022,滋賀県,茨城県,12
2022,滋賀県,高知県,12
2022,京都府,新潟県,12
2022,大阪府,福島県,12
2022,奈良県,福井県,12
2022,和歌山県,福井県,12
2022,和歌山県,島根県,12
2022,島根県,宮崎県,12
2022,山口県,静岡県,12
2022,徳島県,茨城県,12
2022,佐賀県,北海道,12
2022,佐賀県,茨城県,12
2022,佐賀県,高知県,12
2022,長崎県,石川県,12
2022,長崎県,岐阜県,12
2022,熊本県,高知県,12
2022,大分県,奈良県,12
2022,鹿児島県,栃木県,12
2022,沖縄県,福島県,12
2022,北海道,宮崎県,11
2022,青森県,長野県,11
2022,宮城県,奈良県,11
2022,山形県,兵庫県,11
2022,栃木県,広島県,11
2022,埼玉県,島根県,11
2022,埼玉県,高知県,11
2022,東京都,三重県,11
2022,東京都,和歌山県,11
2022,神奈川県,高知県,11
2022,長野県,岩手県,11
2022,長野県,鳥取県,11
2022,岐阜県,秋田県,11
2022,岐阜県,長崎県,11
2022,岐阜県,大分県,11
2022,静岡県,長崎県,11
2022,三重県,山形県,11
2022,三重県,長崎県,11
2022,奈良県,愛媛県,11
2022,和歌山県,愛媛県,11
2022,鳥取県,茨城県,11
2022,島根県,茨城県,11
2022,岡山県,福井県,11
2022,岡山県,長野県,11
2022,広島県,富山県,11
2022,山口県,北海道,11
2022,山口県,鳥取県,11
2022,山口県,徳島県,11
2022,徳島県,和歌山県,11
2022,香川県,茨城県,11
2022,香川県,新潟県,11
2022,愛媛県,三重県,11
2022,福岡県,和歌山県,11
2022,佐賀県,沖縄県,11
2022,長崎県,奈良県,11
2022,長崎県,徳島県,11
2022,大分県,徳島県,11
2022,宮崎県,北海道,11
2022,宮崎県,愛媛県,11
2022,北海道,三重県,10
2022,宮城県,岡山県,10
2022,秋田県,長野県,10
2022,秋田県,兵庫県,10
2022,福島県,兵庫県,10
2022,茨城県,鹿児島県,10
2022,栃木県,愛媛県,10
2022,群馬県,福井県,10
2022,群馬県,岡山県,10
2022,群馬県,大分県,10
2022,埼玉県,岐阜県,10
2022,東京都,徳島県,10
2022,富山県,青森県,10
2022,富山県,島根県,10
2022,石川県,栃木県,10
2022,石川県,島根県,10
2022,福井県,群馬県,10
2022,福井県,島根県,10
2022,山梨県,岡山県,10
2022,岐阜県,栃木県,10
2022,岐阜県,愛媛県,10
2022,三重県,秋田県,10
2022,滋賀県,鳥取県,10
2022,奈良県,岐阜県,10
2022,奈良県,島根県,10
2022,和歌山県,大分県,10
2022,鳥取県,北海道,10
2022,鳥取県,群馬県,10
2022,島根県,大分県,10
2022,岡山県,佐賀県,10
2022,広島県,新潟県,10
2022,広島県,三重県,10
2022,山口県,茨城県,10
2022,山口県,和歌山県,10
2022,徳島県,石川県,10
2022,香川県,宮崎県,10
2022,高知県,山梨県,10
2022,宮崎県,奈良県,10
2022,鹿児島県,石川県,10
2022,沖縄県,岩手県,10
2022,沖縄県,山形県,10
2022,沖縄県,富山県,10
2022,北海道,香川県,9
2022,秋田県,富山県,9
2022,福島県,滋賀県,9
2022,茨城県,島根県,9
2022,埼玉県,奈良県,9
2022,埼玉県,鳥取県,9
2022,千葉県,高知県,9
2022,神奈川県,岐阜県,9
2022,神奈川県,島根県,9
2022,神奈川県,宮崎県,9
2022,新潟県,高知県,9
2022,富山県,山形県,9
2022,石川県,鳥取県,9
2022,福井県,山口県,9
2022,福井県,高知県,9
2022,山梨県,福井県,9
2022,長野県,和歌山県,9
2022,長野県,島根県,9
2022,長野県,山口県,9
2022,長野県,高知県,9
2022,長野県,大分県,9
2022,岐阜県,宮城県,9
2022,岐阜県,鹿児島県,9
2022,静岡県,熊本県,9
2022,愛知県,岩手県,9
2022,愛知県,熊本県,9
2022,三重県,香川県,9
2022,三重県,宮崎県,9
2022,三重県,沖縄県,9
2022,滋賀県,長崎県,9
2022,京都府,秋田県,9
2022,兵庫県,栃木県,9
2022,兵庫県,佐賀県,9
2022,奈良県,山口県,9
2022,徳島県,長崎県,9
2022,香川県,長野県,9
2022,高知県,北海道,9
2022,高知県,茨城県,9
2022,高知県,群馬県,9
2022,高知県,島根県,9
2022,福岡県,岩手県,9
2022,佐賀県,静岡県,9
2022,長崎県,山梨県,9
2022,長崎県,香川県,9
2022,熊本県,島根県,9
2022,宮崎県,山梨県,9
2022,宮崎県,鳥取県,9
2022,宮崎県,島根県,9
2022,鹿児島県,岩手県,9
2022,鹿児島県,徳島県,9
2022,沖縄県,福井県,9
2022,沖縄県,鳥取県,9
2022,青森県,富山県,8
2022,青森県,奈良県,8
2022,福島県,富山県,8
2022,福島県,奈良県,8
2022,福島県,広島県,8
2022,茨城県,和歌山県,8
2022,茨城県,鳥取県,8
2022,茨城県,大分県,8
2022,栃木県,岡山県,8
2022,栃木県,沖縄県,8
2022,群馬県,奈良県,8
2022,埼玉県,福井県,8
2022,埼玉県,愛媛県,8
2022,埼玉県,長崎県,8
2022,埼玉県,宮崎県,8
2022,千葉県,三重県,8
2022,神奈川県,岡山県,8
2022,新潟県,岡山県,8
2022,新潟県,沖縄県,8
2022,富山県,山口県,8
2022,石川県,和歌山県,8
2022,福井県,鳥取県,8
2022,福井県,徳島県,8
2022,山梨県,山形県,8
2022,山梨県,三重県,8
2022,山梨県,長崎県,8
2022,長野県,香川県,8
2022,長野県,愛媛県,8
2022,岐阜県,香川県,8
2022,静岡県,佐賀県,8
2022,三重県,青森県,8
2022,三重県,島根県,8
2022,三重県,大分県,8
2022,京都府,山形県,8
2022,京都府,群馬県,8
2022,京都府,宮崎県,8
2022,大阪府,青森県,8
2022,兵庫県,山形県,8
2022,奈良県,新潟県,8
2022,島根県,栃木県,8
2022,島根県,岐阜県,8
2022,島根県,和歌山県,8
2022,岡山県,栃木県,8
2022,山口県,岐阜県,8
2022,徳島県,沖縄県,8
2022,香川県,山梨県,8
2022,愛媛県,栃木県,8
2022,愛媛県,群馬県,8
2022,高知県,福井県,8
2022,福岡県,栃木県,8
2022,福岡県,香川県,8
2022,佐賀県,石川県,8
2022,佐賀県,山梨県,8
2022,熊本県,群馬県,8
2022,熊本県,石川県,8
2022,鹿児島県,島根県,8
2022,北海道,島根県,7
2022,北海道,徳島県,7
2022,北海道,佐賀県,7
2022,山形県,奈良県,7
2022,茨城県,山口県,7
2022,茨城県,長崎県,7
2022,千葉県,福井県,7
2022,神奈川県,福井県,7
2022,神奈川県,佐賀県,7
2022,新潟県,島根県,7
2022,富山県,沖縄県,7
2022,石川県,山形県,7
2022,石川県,沖縄県,7
2022,山梨県,秋田県,7
2022,岐阜県,青森県,7
2022,岐阜県,山形県,7
2022,岐阜県,徳島県,7
2022,愛知県,佐賀県,7
2022,三重県,福島県,7
2022,滋賀県,新潟県,7
2022,大阪府,山形県,7
2022,大阪府,佐賀県,7
2022,兵庫県,福島県,7
2022,奈良県,沖縄県,7
2022,和歌山県,宮城県,7
2022,鳥取県,秋田県,7
2022,鳥取県,新潟県,7
2022,鳥取県,岐阜県,7
2022,広島県,福島県,7
2022,広島県,群馬県,7
2022,山口県,宮城県,7
2022,山口県,山梨県,7
2022,徳島県,岐阜県,7
2022,香川県,石川県,7
2022,香川県,岐阜県,7
2022,香川県,三重県,7
2022,愛媛県,富山県,7
2022,高知県,新潟県,7
2022,高知県,長野県,7
2022,熊本県,長野県,7
2022,熊本県,三重県,7
2022,熊本県,香川県,7
2022,大分県,香川県,7
2022,宮崎県,石川県,7
2022,宮崎県,徳島県,7
2022,鹿児島県,長野県,7
2022,鹿児島県,三重県,7
2022,北海道,和歌山県,6
2022,岩手県,岐阜県,6
2022,宮城県,長崎県,6
2022,秋田県,岐阜県,6
2022,山形県,岐阜県,6
2022,茨城県,三重県,6
2022,茨城県,宮崎県,6
2022,栃木県,山口県,6
2022,群馬県,岐阜県,6
2022,群馬県,宮崎県,6
2022,群馬県,鹿児島県,6
2022,埼玉県,熊本県,6
2022,千葉県,島根県,6
2022,千葉県,山口県,6
2022,神奈川県,和歌山県,6
2022,神奈川県,鳥取県,6
2022,神奈川県,徳島県,6
2022,新潟県,山口県,6
2022,富山県,和歌山県,6
2022,石川県,福島県,6
2022,福井県,宮城県,6
2022,福井県,大分県,6
2022,長野県,徳島県,6
2022,長野県,長崎県,6
2022,三重県,岩手県,6
2022,三重県,愛媛県,6
2022,滋賀県,愛媛県,6
2022,京都府,青森県,6
2022,京都府,岩手県,6
2022,大阪府,岩手県,6
2022,奈良県,香川県,6
2022,和歌山県,新潟県,6
2022,鳥取県,和歌山県,6
2022,鳥取県,宮崎県,6
2022,島根県,群馬県,6
2022,島根県,沖縄県,6
2022,岡山県,山形県,6
2022,山口県,栃木県,6
2022,山口県,長野県,6
2022,山口県,沖縄県,6
2022,徳島県,長野県,6
2022,徳島県,三重県,6
2022,徳島県,大分県,6
2022,香川県,群馬県,6
2022,香川県,福井県,6
2022,香川県,熊本県,6
2022,高知県,和歌山県,6
2022,福岡県,秋田県,6
2022,福岡県,福島県,6
2022,佐賀県,新潟県,6
2022,佐賀県,奈良県,6
2022,佐賀県,鳥取県,6
2022,長崎県,宮城県,6
2022,熊本県,山梨県,6
2022,熊本県,鳥取県,6
2022,大分県,新潟県,6
2022,大分県,岐阜県,6
2022,大分県,静岡県,6
2022,宮崎県,栃木県,6
2022,宮崎県,三重県,6
2022,沖縄県,和歌山県,6
2022,青森県,福井県,5
2022,青森県,岐阜県,5
2022,青森県,滋賀県,5
2022,岩手県,富山県,5
2022,岩手県,広島県,5
2022,宮城県,三重県,5
2022,宮城県,熊本県,5
2022,山形県,福井県,5
2022,山形県,広島県,5
2022,山形県,福岡県,5
2022,茨城県,福井県,5
2022,茨城県,愛媛県,5
2022,茨城県,熊本県,5
2022,栃木県,岐阜県,5
2022,埼玉県,香川県,5
2022,千葉県,和歌山県,5
2022,千葉県,鳥取県,5
2022,新潟県,愛媛県,5
2022,富山県,秋田県,5
2022,富山県,三重県,5
2022,富山県,高知県,5
2022,福井県,愛媛県,5
2022,山梨県,岩手県,5
2022,山梨県,山口県,5
2022,山梨県,高知県,5
2022,山梨県,大分県,5
2022,山梨県,鹿児島県,5
2022,長野県,宮崎県,5
2022,岐阜県,福島県,5
2022,三重県,栃木県,5
2022,三重県,熊本県,5
2022,滋賀県,山梨県,5
2022,滋賀県,香川県,5
2022,滋賀県,鹿児島県,5
2022,滋賀県,沖縄県,5
2022,京都府,福島県,5
2022,京都府,栃木県,5
2022,兵庫県,岩手県,5
2022,奈良県,栃木県,5
2022,奈良県,群馬県,5
2022,奈良県,佐賀県,5
2022,奈良県,大分県,5
2022,和歌山県,青森県,5
2022,和歌山県,秋田県,5
2022,和歌山県,栃木県,5
2022,和歌山県,富山県,5
2022,鳥取県,宮城県,5
2022,鳥取県,富山県,5
2022,鳥取県,福井県,5
2022,鳥取県,長崎県,5
2022,島根県,宮城県,5
2022,島根県,新潟県,5
2022,島根県,三重県,5
2022,岡山県,秋田県,5
2022,徳島県,栃木県,5
2022,徳島県,群馬県,5
2022,香川県,長崎県,5
2022,愛媛県,福井県,5
2022,高知県,鳥取県,5
2022,高知県,鹿児島県,5
2022,佐賀県,愛媛県,5
2022,長崎県,新潟県,5
2022,長崎県,愛媛県,5
2022,大分県,栃木県,5
2022,大分県,和歌山県,5
2022,宮崎県,山形県,5
2022,宮崎県,福井県,5
2022,鹿児島県,秋田県,5
2022,鹿児島県,富山県,5
2022,鹿児島県,福井県,5
2022,沖縄県,秋田県,5
2022,岩手県,奈良県,4
2022,岩手県,岡山県,4
2022,宮城県,広島県,4
2022,宮城県,高知県,4
2022,秋田県,滋賀県,4
2022,山形県,鹿児島県,4
2022,福島県,岐阜県,4
2022,福島県,三重県,4
2022,福島県,岡山県,4
2022,福島県,大分県,4
2022,福島県,沖縄県,4
2022,茨城県,徳島県,4
2022,栃木県,三重県,4
2022,栃木県,鳥取県,4
2022,栃木県,徳島県,4
2022,栃木県,鹿児島県,4
2022,群馬県,鳥取県,4
2022,群馬県,広島県,4
2022,群馬県,山口県,4
2022,群馬県,徳島県,4
2022,群馬県,香川県,4
2022,群馬県,長崎県,4
2022,群馬県,沖縄県,4
2022,埼玉県,山口県,4
2022,千葉県,佐賀県,4
2022,神奈川県,山口県,4
2022,新潟県,三重県,4
2022,新潟県,大分県,4
2022,富山県,鳥取県,4
2022,富山県,愛媛県,4
2022,富山県,宮崎県,4
2022,石川県,山口県,4
2022,石川県,香川県,4
2022,石川県,愛媛県,4
2022,福井県,福島県,4
2022,福井県,栃木県,4
2022,福井県,和歌山県,4
2022,福井県,香川県,4
2022,福井県,鹿児島県,4
2022,福井県,沖縄県,4
2022,山梨県,島根県,4
2022,長野県,熊本県,4
2022,岐阜県,沖縄県,4
2022,三重県,鹿児島県,4
2022,滋賀県,宮城県,4
2022,京都府,熊本県,4
2022,奈良県,福島県,4
2022,奈良県,富山県,4
2022,奈良県,鹿児島県,4
2022,和歌山県,鹿児島県,4
2022,鳥取県,長野県,4
2022,鳥取県,大分県,4
2022,島根県,富山県,4
2022,島根県,鹿児島県,4
2022,岡山県,富山県,4
2022,広島県,青森県,4
2022,広島県,秋田県,4
2022,広島県,福井県,4
2022,山口県,群馬県,4
2022,山口県,新潟県,4
2022,山口県,石川県,4
2022,徳島県,宮城県,4
2022,徳島県,山形県,4
2022,徳島県,宮崎県,4
2022,香川県,栃木県,4
2022,香川県,鹿児島県,4
2022,香川県,沖縄県,4
2022,高知県,栃木県,4
2022,高知県,石川県,4
2022,高知県,三重県,4
2022,高知県,宮崎県,4
2022,福岡県,富山県,4
2022,福岡県,福井県,4
2022,佐賀県,宮城県,4
2022,佐賀県,群馬県,4
2022,長崎県,山形県,4
2022,長崎県,栃木県,4
2022,長崎県,群馬県,4
2022,熊本県,秋田県,4
2022,熊本県,栃木県,4
2022,熊本県,新潟県,4
2022,熊本県,福井県,4
2022,大分県,宮城県,4
2022,大分県,福島県,4
2022,大分県,富山県,4
2022,大分県,福井県,4
2022,宮崎県,宮城県,4
2022,鹿児島県,和歌山県,4
2022,沖縄県,青森県,4
2022,青森県,岡山県,3
2022,青森県,福岡県,3
2022,岩手県,三重県,3
2022,岩手県,滋賀県,3
2022,岩手県,高知県,3
2022,岩手県,福岡県,3
2022,宮城県,鳥取県,3
2022,宮城県,徳島県,3
2022,宮城県,愛媛県,3
2022,宮城県,大分県,3
2022,秋田県,広島県,3
2022,山形県,三重県,3
2022,福島県,福井県,3
2022,福島県,徳島県,3
2022,福島県,鹿児島県,3
2022,栃木県,福井県,3
2022,栃木県,和歌山県,3
2022,栃木県,島根県,3
2022,栃木県,高知県,3
2022,栃木県,長崎県,3
2022,栃木県,大分県,3
2022,群馬県,三重県,3
2022,群馬県,和歌山県,3
2022,群馬県,島根県,3
2022,群馬県,愛媛県,3
2022,埼玉県,三重県,3
2022,埼玉県,和歌山県,3
2022,千葉県,香川県,3
2022,新潟県,鳥取県,3
2022,富山県,香川県,3
2022,富山県,長崎県,3
2022,富山県,大分県,3
2022,富山県,鹿児島県,3
2022,石川県,岩手県,3
2022,石川県,鹿児島県,3
2022,福井県,長崎県,3
2022,福井県,宮崎県,3
2022,山梨県,青森県,3
2022,山梨県,鳥取県,3
2022,山梨県,愛媛県,3
2022,山梨県,宮崎県,3
2022,岐阜県,岩手県,3
2022,岐阜県,宮崎県,3
2022,滋賀県,秋田県,3
2022,滋賀県,福島県,3
2022,滋賀県,栃木県,3
2022,滋賀県,群馬県,3
2022,京都府,佐賀県,3
2022,奈良県,青森県,3
2022,奈良県,秋田県,3
2022,奈良県,宮崎県,3
2022,和歌山県,群馬県,3
2022,和歌山県,長崎県,3
2022,和歌山県,宮崎県,3
2022,和歌山県,沖縄県,3
2022,鳥取県,栃木県,3
2022,鳥取県,鹿児島県,3
2022,島根県,青森県,3
2022,岡山県,岩手県,3
2022,広島県,岩手県,3
2022,山口県,秋田県,3
2022,山口県,福島県,3
2022,山口県,三重県,3
2022,徳島県,秋田県,3
2022,徳島県,福島県,3
2022,徳島県,鹿児島県,3
2022,香川県,秋田県,3
2022,香川県,佐賀県,3
2022,愛媛県,佐賀県,3
2022,高知県,福島県,3
2022,高知県,富山県,3
2022,高知県,長崎県,3
2022,佐賀県,岐阜県,3
2022,長崎県,青森県,3
2022,長崎県,福島県,3
2022,長崎県,富山県,3
2022,長崎県,長野県,3
2022,長崎県,和歌山県,3
2022,熊本県,青森県,3
2022,熊本県,岩手県,3
2022,大分県,山形県,3
2022,大分県,群馬県,3
2022,大分県,長野県,3
2022,宮崎県,新潟県,3
2022,宮崎県,香川県,3
2022,鹿児島県,青森県,3
2022,青森県,広島県,2
2022,青森県,徳島県,2
2022,青森県,高知県,2
2022,青森県,大分県,2
2022,青森県,鹿児島県,2
2022,岩手県,鳥取県,2
2022,岩手県,熊本県,2
2022,宮城県,福井県,2
2022,宮城県,岐阜県,2
2022,宮城県,和歌山県,2
2022,秋田県,福井県,2
2022,秋田県,奈良県,2
2022,山形県,滋賀県,2
2022,山形県,鳥取県,2
2022,山形県,岡山県,2
2022,山形県,高知県,2
2022,山形県,熊本県,2
2022,山形県,沖縄県,2
2022,福島県,鳥取県,2
2022,福島県,島根県,2
2022,福島県,高知県,2
2022,福島県,福岡県,2
2022,福島県,長崎県,2
2022,茨城県,香川県,2
2022,茨城県,佐賀県,2
2022,栃木県,香川県,2
2022,群馬県,高知県,2
2022,埼玉県,佐賀県,2
2022,千葉県,徳島県,2
2022,東京都,佐賀県,2
2022,神奈川県,香川県,2
2022,新潟県,徳島県,2
2022,石川県,青森県,2
2022,石川県,秋田県,2
2022,石川県,徳島県,2
2022,石川県,大分県,2
2022,石川県,宮崎県,2
2022,福井県,秋田県,2
2022,山梨県,佐賀県,2
2022,岐阜県,佐賀県,2
2022,岐阜県,熊本県,2
2022,三重県,佐賀県,2
2022,滋賀県,山形県,2
2022,滋賀県,熊本県,2
2022,滋賀県,宮崎県,2
2022,奈良県,岩手県,2
2022,和歌山県,岩手県,2
2022,鳥取県,山形県,2
2022,鳥取県,福島県,2
2022,鳥取県,山梨県,2
2022,鳥取県,佐賀県,2
2022,島根県,秋田県,2
2022,島根県,福井県,2
2022,岡山県,福島県,2
2022,広島県,山形県,2
2022,徳島県,新潟県,2
2022,香川県,宮城県,2
2022,香川県,富山県,2
2022,愛媛県,秋田県,2
2022,愛媛県,福島県,2
2022,高知県,宮城県,2
2022,高知県,岐阜県,2
2022,福岡県,青森県,2
2022,佐賀県,岩手県,2
2022,佐賀県,栃木県,2
2022,佐賀県,富山県,2
2022,佐賀県,福井県,2
2022,佐賀県,和歌山県,2
2022,佐賀県,徳島県,2
2022,佐賀県,香川県,2
2022,長崎県,秋田県,2
2022,熊本県,宮城県,2
2022,熊本県,山形県,2
2022,熊本県,福島県,2
2022,熊本県,富山県,2
2022,熊本県,和歌山県,2
2022,大分県,青森県,2
2022,宮崎県,福島県,2
2022,宮崎県,長野県,2
2022,青森県,三重県,1
2022,青森県,和歌山県,1
2022,青森県,鳥取県,1
2022,青森県,島根県,1
2022,青森県,山口県,1
2022,青森県,香川県,1
2022,青森県,愛媛県,1
2022,青森県,熊本県,1
2022,青森県,沖縄県,1
2022,岩手県,和歌山県,1
2022,岩手県,香川県,1
2022,岩手県,長崎県,1
2022,岩手県,大分県,1
2022,岩手県,宮崎県,1
2022,岩手県,鹿児島県,1
2022,宮城県,島根県,1
2022,宮城県,山口県,1
2022,宮城県,佐賀県,1
2022,秋田県,三重県,1
2022,秋田県,島根県,1
2022,秋田県,徳島県,1
2022,秋田県,福岡県,1
2022,秋田県,長崎県,1
2022,秋田県,大分県,1
2022,秋田県,鹿児島県,1
2022,秋田県,沖縄県,1
2022,山形県,長崎県,1
2022,山形県,大分県,1
2022,福島県,和歌山県,1
2022,福島県,山口県,1
2022,福島県,香川県,1
2022,福島県,愛媛県,1
2022,福島県,佐賀県,1
2022,栃木県,宮崎県,1
2022,群馬県,熊本県,1
2022,埼玉県,徳島県,1
2022,新潟県,宮崎県,1
2022,石川県,長崎県,1
2022,福井県,青森県,1
2022,福井県,岩手県,1
2022,福井県,山形県,1
2022,福井県,佐賀県,1
2022,山梨県,和歌山県,1
2022,山梨県,徳島県,1
2022,山梨県,沖縄県,1
2022,滋賀県,岩手県,1
2022,滋賀県,佐賀県,1
2022,奈良県,山形県,1
2022,奈良県,熊本県,1
2022,和歌山県,山形県,1
2022,和歌山県,福島県,1
2022,和歌山県,佐賀県,1
2022,和歌山県,熊本県,1
2022,鳥取県,青森県,1
2022,鳥取県,三重県,1
2022,鳥取県,熊本県,1
2022,鳥取県,沖縄県,1
2022,島根県,岩手県,1
2022,島根県,山形県,1
2022,島根県,長野県,1
2022,島根県,佐賀県,1
2022,岡山県,青森県,1
2022,山口県,山形県,1
2022,山口県,富山県,1
2022,山口県,福井県,1
2022,徳島県,岩手県,1
2022,徳島県,富山県,1
2022,徳島県,福井県,1
2022,徳島県,佐賀県,1
2022,徳島県,熊本県,1
2022,香川県,岩手県,1
2022,香川県,山形県,1
2022,愛媛県,青森県,1
2022,愛媛県,岩手県,1
2022,高知県,青森県,1
2022,高知県,熊本県,1
2022,高知県,沖縄県,1
2022,福岡県,山形県,1
2022,佐賀県,青森県,1
2022,佐賀県,秋田県,1
2022,佐賀県,福島県,1
2022,佐賀県,長野県,1
2022,長崎県,岩手県,1
2022,長崎県,福井県,1
2022,長崎県,三重県,1
2022,大分県,岩手県,1
2022,大分県,秋田県,1
2022,大分県,石川県,1
2022,大分県,三重県,1
2022,宮崎県,青森県,1
2022,宮崎県,秋田県,1
2022,宮崎県,富山県,1
2022,宮崎県,和歌山県,1
2022,鹿児島県,山形県,1
2022,鹿児島県,福島県,1
2023,神奈川県,東京都,23390
2023,埼玉県,東京都,18327
2023,千葉県,東京都,14112
2023,東京都,神奈川県,10365
2023,兵庫県,大阪府,7486
2023,大阪府,京都府,6849
2023,東京都,埼玉県,5393
2023,茨城県,東京都,5375
2023,大阪府,兵庫県,4912
2023,岐阜県,愛知県,4549
2023,東京都,千葉県,4517
2023,静岡県,東京都,3305
2023,京都府,大阪府,3156
2023,滋賀県,京都府,3106
2023,奈良県,大阪府,2919
2023,三重県,愛知県,2754
2023,兵庫県,京都府,2690
2023,栃木県,東京都,2460
2023,北海道,東京都,2298
2023,千葉県,神奈川県,2239
2023,長野県,東京都,2223
2023,群馬県,東京都,2199
2023,茨城県,千葉県,2168
2023,静岡県,愛知県,2098
2023,静岡県,神奈川県,2065
2023,愛知県,東京都,2019
2023,埼玉県,千葉県,1974
2023,埼玉県,神奈川県,1897
2023,山梨県,東京都,1734
2023,新潟県,東京都,1715
2023,千葉県,埼玉県,1709
2023,和歌山県,大阪府,1657
2023,奈良県,京都府,1542
2023,福島県,東京都,1460
2023,福岡県,東京都,1434
2023,京都府,滋賀県,1380
2023,佐賀県,福岡県,1362
2023,沖縄県,東京都,1353
2023,大阪府,奈良県,1325
2023,茨城県,埼玉県,1315
2023,群馬県,埼玉県,1266
2023,愛知県,京都府,1255
2023,大阪府,滋賀県,1253
2023,熊本県,福岡県,1248
2023,滋賀県,大阪府,1246
2023,愛知県,岐阜県,1221
2023,宮城県,東京都,1195
2023,栃木県,埼玉県,1149
2023,茨城県,神奈川県,1109
2023,長崎県,福岡県,1067
2023,大阪府,東京都,1062
2023,鹿児島県,福岡県,1004
2023,大分県,福岡県,999
2023,山口県,福岡県,960
2023,福島県,宮城県,953
2023,広島県,大阪府,945
2023,兵庫県,東京都,923
2023,神奈川県,千葉県,900
2023,富山県,石川県,891
2023,長野県,神奈川県,878
2023,広島県,東京都,856
2023,神奈川県,埼玉県,848
2023,岩手県,宮城県,837
2023,岡山県,大阪府,803
2023,広島県,岡山県,801
2023,山形県,宮城県,795
2023,宮崎県,福岡県,785
2023,京都府,兵庫県,754
2023,香川県,大阪府,749
2023,福岡県,佐賀県,737
2023,大阪府,和歌山県,734
2023,愛知県,大阪府,724
2023,新潟県,神奈川県,720
2023,山口県,広島県,708
2023,兵庫県,岡山県,700
2023,北海道,神奈川県,687
2023,長野県,愛知県,674
2023,広島県,京都府,669
2023,三重県,大阪府,667
2023,栃木県,神奈川県,665
2023,愛知県,静岡県,658
2023,鹿児島県,東京都,653
2023,岡山県,東京都,649
2023,静岡県,千葉県,642
2023,愛知県,神奈川県,641
2023,山梨県,神奈川県,640
2023,福岡県,熊本県,637
2023,香川県,岡山県,627
2023,福岡県,山口県,624
2023,青森県,宮城県,616
2023,岡山県,兵庫県,608
2023,埼玉県,群馬県,607
2023,宮城県,山形県,606
2023,愛知県,三重県,602
2023,長野県,埼玉県,591
2023,群馬県,神奈川県,585
2023,岡山県,京都府,584
2023,福岡県,京都府,582
2023,山形県,東京都,581
2023,富山県,東京都,580
2023,青森県,東京都,571
2023,静岡県,京都府,571
2023,東京都,北海道,561
2023,広島県,兵庫県,558
2023,奈良県,兵庫県,556
2023,新潟県,埼玉県,551
2023,茨城県,栃木県,550
2023,岡山県,広島県,546
2023,熊本県,東京都,543
2023,栃木県,千葉県,537
2023,愛媛県,大阪府,537
2023,東京都,京都府,536
2023,福岡県,大阪府,535
2023,愛媛県,広島県,532
2023,岐阜県,東京都,529
2023,千葉県,茨城県,523
2023,岩手県,東京都,519
2023,沖縄県,福岡県,518
2023,福井県,京都府,517
2023,三重県,京都府,509
2023,広島県,福岡県,501
2023,島根県,広島県,490
2023,福島県,神奈川県,483
2023,秋田県,宮城県,480
2023,愛知県,滋賀県,480
2023,長野県,千葉県,479
2023,広島県,山口県,478
2023,東京都,山梨県,476
2023,北海道,大阪府,474
2023,兵庫県,滋賀県,471
2023,香川県,兵庫県,468
2023,京都府,東京都,463
2023,石川県,東京都,460
2023,東京都,茨城県,459
2023,香川県,京都府,457
2023,福岡県,長崎県,446
2023,栃木県,群馬県,445
2023,福島県,埼玉県,442
2023,三重県,東京都,438
2023,北海道,京都府,434
2023,沖縄県,大阪府,422
2023,北海道,青森県,416
2023,静岡県,大阪府,415
2023,宮城県,神奈川県,411
2023,和歌山県,京都府,411
2023,福島県,千葉県,408
2023,福岡県,神奈川県,405
2023,愛媛県,東京都,404
2023,沖縄県,神奈川県,404
2023,石川県,京都府,403
2023,広島県,愛媛県,399
2023,奈良県,東京都,395
2023,静岡県,埼玉県,384
2023,福井県,大阪府,383
2023,秋田県,東京都,374
2023,群馬県,千葉県,372
2023,新潟県,千葉県,370
2023,香川県,東京都,368
2023,福島県,栃木県,367
2023,鹿児島県,熊本県,367
2023,北海道,千葉県,364
2023,青森県,北海道,360
2023,愛知県,兵庫県,355
2023,北海道,埼玉県,353
2023,京都府,奈良県,352
2023,長野県,群馬県,351
2023,高知県,大阪府,348
2023,長崎県,東京都,347
2023,徳島県,大阪府,345
2023,宮崎県,東京都,345
2023,福岡県,兵庫県,341
2023,山口県,東京都,337
2023,岡山県,香川県,335
2023,静岡県,山梨県,330
2023,長野県,石川県,329
2023,兵庫県,鳥取県,325
2023,福島県,新潟県,324
2023,福井県,石川県,323
2023,和歌山県,兵庫県,322
2023,富山県,愛知県,321
2023,佐賀県,東京都,321
2023,宮城県,埼玉県,317
2023,愛媛県,岡山県,314
2023,山形県,新潟県,312
2023,石川県,富山県,311
2023,愛媛県,兵庫県,310
2023,兵庫県,徳島県,308
2023,神奈川県,北海道,307
2023,長野県,新潟県,307
2023,岐阜県,京都府,306
2023,鳥取県,大阪府,306
2023,東京都,宮城県,304
2023,福岡県,大分県,302
2023,兵庫県,広島県,301
2023,新潟県,石川県,300
2023,山口県,大阪府,299
2023,山形県,神奈川県,297
2023,宮崎県,熊本県,296
2023,埼玉県,茨城県,294
2023,福井県,東京都,292
2023,愛媛県,京都府,292
2023,石川県,大阪府,290
2023,福井県,愛知県,288
2023,北海道,兵庫県,285
2023,群馬県,栃木県,284
2023,沖縄県,京都府,284
2023,長野県,山梨県,282
2023,大阪府,神奈川県,280
2023,愛知県,長野県,276
2023,兵庫県,奈良県,275
2023,大分県,東京都,275
2023,福岡県,広島県,274
2023,富山県,京都府,270
2023,茨城県,福島県,269
2023,宮城県,千葉県,268
2023,東京都,群馬県,268
2023,兵庫県,愛知県,268
2023,島根県,大阪府,265
2023,岩手県,北海道,262
2023,北海道,愛知県,261
2023,愛知県,富山県,260
2023,兵庫県,神奈川県,259
2023,宮城県,岩手県,257
2023,山口県,京都府,256
2023,岡山県,福岡県,255
2023,高知県,東京都,254
2023,鳥取県,兵庫県,252
2023,香川県,広島県,243
2023,沖縄県,千葉県,243
2023,徳島県,兵庫県,241
2023,香川県,愛媛県,240
2023,東京都,大阪府,238
2023,宮城県,福島県,237
2023,愛知県,石川県,236
2023,滋賀県,兵庫県,235
2023,青森県,岩手県,234
2023,埼玉県,栃木県,234
2023,愛知県,北海道,233
2023,熊本県,鹿児島県,233
2023,茨城県,群馬県,231
2023,長野県,京都府,231
2023,奈良県,滋賀県,230
2023,神奈川県,山梨県,229
2023,石川県,愛知県,229
2023,岐阜県,大阪府,229
2023,長崎県,熊本県,228
2023,高知県,兵庫県,227
2023,岩手県,青森県,226
2023,鳥取県,京都府,226
2023,大分県,熊本県,224
2023,鹿児島県,大阪府,223
2023,大阪府,北海道,222
2023,島根県,岡山県,222
2023,山梨県,埼玉県,220
2023,山形県,千葉県,219
2023,神奈川県,京都府,219
2023,沖縄県,愛知県,216
2023,兵庫県,福岡県,215
2023,広島県,神奈川県,215
2023,福岡県,鹿児島県,213
2023,宮崎県,大分県,212
2023,沖縄県,埼玉県,212
2023,山梨県,千葉県,211
2023,沖縄県,兵庫県,211
2023,福島県,茨城県,210
2023,茨城県,宮城県,210
2023,愛知県,千葉県,210
2023,山口県,岡山県,210
2023,岐阜県,滋賀県,209
2023,大阪府,愛知県,209
2023,埼玉県,北海道,208
2023,高知県,京都府,207
2023,徳島県,京都府,206
2023,岩手県,神奈川県,205
2023,栃木県,茨城県,205
2023,秋田県,新潟県,203
2023,山口県,兵庫県,203
2023,宮崎県,鹿児島県,203
2023,高知県,岡山県,200
2023,佐賀県,長崎県,196
2023,栃木県,福島県,195
2023,静岡県,長野県,195
2023,静岡県,北海道,194
2023,熊本県,大阪府,193
2023,富山県,大阪府,192
2023,愛媛県,福岡県,191
2023,北海道,宮城県,189
2023,栃木県,宮城県,189
2023,神奈川県,静岡県,189
2023,鳥取県,岡山県,189
2023,富山県,新潟県,188
2023,福島県,山形県,187
2023,鹿児島県,宮崎県,186
2023,青森県,神奈川県,184
2023,富山県,神奈川県,184
2023,佐賀県,熊本県,183
2023,新潟県,群馬県,182
2023,千葉県,北海道,181
2023,岡山県,山口県,180
2023,熊本県,神奈川県,180
2023,熊本県,京都府,179
2023,愛知県,埼玉県,175
2023,東京都,長野県,174
2023,東京都,静岡県,174
2023,新潟県,宮城県,174
2023,静岡県,石川県,174
2023,三重県,兵庫県,174
2023,広島県,島根県,174
2023,静岡県,滋賀県,173
2023,埼玉県,宮城県,172
2023,香川県,徳島県,172
2023,高知県,愛媛県,172
2023,青森県,千葉県,171
2023,鹿児島県,京都府,171
2023,岡山県,愛知県,168
2023,鹿児島県,神奈川県,168
2023,宮城県,北海道,167
2023,秋田県,神奈川県,167
2023,愛知県,福井県,167
2023,三重県,滋賀県,167
2023,秋田県,青森県,166
2023,滋賀県,愛知県,166
2023,和歌山県,東京都,166
2023,鳥取県,島根県,166
2023,鳥取県,広島県,166
2023,岡山県,愛媛県,165
2023,山形県,埼玉県,164
2023,群馬県,新潟県,163
2023,熊本県,長崎県,163
2023,岐阜県,神奈川県,162
2023,鳥取県,東京都,162
2023,岡山県,高知県,162
2023,茨城県,北海道,161
2023,静岡県,兵庫県,161
2023,兵庫県,山口県,161
2023,愛媛県,高知県,161
2023,大分県,山口県,161
2023,滋賀県,東京都,160
2023,広島県,滋賀県,160
2023,長野県,大阪府,159
2023,愛媛県,徳島県,159
2023,青森県,埼玉県,158
2023,徳島県,東京都,158
2023,兵庫県,北海道,157
2023,徳島県,岡山県,157
2023,長崎県,佐賀県,156
2023,東京都,愛知県,155
2023,石川県,兵庫県,155
2023,鹿児島県,長崎県,155
2023,島根県,兵庫県,154
2023,福岡県,宮崎県,153
2023,神奈川県,茨城県,152
2023,山梨県,静岡県,152
2023,長野県,富山県,152
2023,大阪府,福岡県,152
2023,福岡県,千葉県,152
2023,千葉県,京都府,151
2023,岡山県,神奈川県,151
2023,栃木県,新潟県,149
2023,兵庫県,高知県,149
2023,長野県,静岡県,148
2023,宮城県,新潟県,145
2023,福岡県,埼玉県,144
2023,宮崎県,大阪府,144
2023,岐阜県,石川県,143
2023,岡山県,島根県,143
2023,福井県,兵庫県,142
2023,秋田県,岩手県,141
2023,東京都,兵庫県,141
2023,福岡県,愛知県,141
2023,島根県,京都府,140
2023,岩手県,埼玉県,139
2023,大阪府,岡山県,139
2023,島根県,東京都,139
2023,岩手県,千葉県,138
2023,新潟県,長野県,138
2023,石川県,福井県,138
2023,大阪府,徳島県,138
2023,福岡県,滋賀県,138
2023,福岡県,岡山県,138
2023,秋田県,北海道,137
2023,鹿児島県,広島県,137
2023,岐阜県,富山県,135
2023,岐阜県,静岡県,135
2023,長崎県,大阪府,135
2023,埼玉県,京都府,134
2023,新潟県,京都府,134
2023,京都府,愛知県,134
2023,岡山県,鳥取県,134
2023,茨城県,京都府,133
2023,大分県,京都府,133
2023,静岡県,茨城県,132
2023,静岡県,群馬県,132
2023,三重県,神奈川県,132
2023,京都府,神奈川県,132
2023,大阪府,広島県,132
2023,熊本県,大分県,132
2023,群馬県,宮城県,131
2023,大分県,長崎県,131
2023,秋田県,埼玉県,130
2023,千葉県,愛知県,130
2023,新潟県,山形県,130
2023,石川県,神奈川県,130
2023,愛知県,山梨県,130
2023,東京都,栃木県,129
2023,山梨県,長野県,128
2023,北海道,静岡県,127
2023,徳島県,高知県,127
2023,岩手県,山形県,126
2023,島根県,山口県,126
2023,島根県,福岡県,126
2023,長崎県,大分県,126
2023,兵庫県,愛媛県,125
2023,愛媛県,神奈川県,125
2023,山梨県,愛知県,123
2023,大分県,広島県,123
2023,鹿児島県,愛知県,123
2023,群馬県,茨城県,122
2023,群馬県,京都府,122
2023,秋田県,千葉県,121
2023,群馬県,石川県,121
2023,長崎県,山口県,121
2023,山形県,福島県,120
2023,茨城県,愛知県,120
2023,千葉県,群馬県,120
2023,神奈川県,大阪府,120
2023,三重県,奈良県,120
2023,大阪府,鳥取県,120
2023,千葉県,宮城県,119
2023,奈良県,神奈川県,119
2023,奈良県,愛知県,119
2023,徳島県,香川県,119
2023,長崎県,広島県,119
2023,鹿児島県,埼玉県,119
2023,北海道,福岡県,118
2023,山梨県,京都府,118
2023,長野県,岐阜県,118
2023,静岡県,岐阜県,118
2023,大分県,大阪府,118
2023,神奈川県,宮城県,117
2023,宮城県,京都府,116
2023,千葉県,静岡県,116
2023,東京都,大分県,116
2023,岐阜県,長野県,116
2023,兵庫県,石川県,116
2023,埼玉県,山梨県,115
2023,愛知県,広島県,113
2023,徳島県,広島県,113
2023,北海道,茨城県,112
2023,茨城県,大阪府,112
2023,山梨県,大阪府,112
2023,静岡県,広島県,112
2023,長崎県,神奈川県,112
2023,熊本県,宮崎県,112
2023,栃木県,山形県,111
2023,東京都,福岡県,111
2023,新潟県,福島県,111
2023,福井県,滋賀県,111
2023,兵庫県,島根県,111
2023,大阪府,千葉県,109
2023,徳島県,愛媛県,108
2023,高知県,徳島県,108
2023,沖縄県,長崎県,108
2023,広島県,愛知県,107
2023,愛媛県,愛知県,107
2023,愛媛県,山口県,107
2023,高知県,香川県,107
2023,宮崎県,長崎県,107
2023,熊本県,広島県,106
2023,千葉県,大阪府,105
2023,岐阜県,兵庫県,105
2023,愛知県,茨城県,105
2023,大分県,宮崎県,105
2023,鹿児島県,兵庫県,105
2023,岩手県,秋田県,104
2023,富山県,埼玉県,104
2023,静岡県,宮城県,104
2023,福井県,神奈川県,103
2023,愛知県,奈良県,103
2023,三重県,静岡県,103
2023,岡山県,滋賀県,103
2023,長崎県,京都府,103
2023,愛知県,福岡県,102
2023,宮崎県,神奈川県,102
2023,北海道,群馬県,101
2023,富山県,長野県,101
2023,石川県,新潟県,101
2023,兵庫県,香川県,101
2023,茨城県,新潟県,100
2023,埼玉県,大阪府,100
2023,香川県,高知県,100
2023,熊本県,兵庫県,100
2023,新潟県,北海道,99
2023,岐阜県,三重県,99
2023,岩手県,栃木県,98
2023,福島県,群馬県,98
2023,三重県,岐阜県,98
2023,岡山県,徳島県,98
2023,広島県,高知県,98
2023,愛媛県,香川県,98
2023,富山県,福井県,97
2023,東京都,新潟県,96
2023,新潟県,富山県,96
2023,富山県,千葉県,96
2023,静岡県,三重県,96
2023,広島県,千葉県,96
2023,沖縄県,北海道,96
2023,沖縄県,広島県,96
2023,鹿児島県,千葉県,95
2023,北海道,滋賀県,94
2023,東京都,福島県,94
2023,宮崎県,山口県,94
2023,兵庫県,千葉県,93
2023,岩手県,福島県,92
2023,兵庫県,静岡県,92
2023,茨城県,山梨県,91
2023,茨城県,静岡県,91
2023,神奈川県,愛知県,91
2023,福井県,富山県,91
2023,高知県,広島県,91
2023,栃木県,北海道,90
2023,静岡県,福島県,90
2023,青森県,秋田県,89
2023,山形県,北海道,89
2023,大阪府,埼玉県,89
2023,和歌山県,奈良県,89
2023,広島県,埼玉県,89
2023,兵庫県,和歌山県,88
2023,熊本県,千葉県,88
2023,宮城県,青森県,87
2023,東京都,石川県,87
2023,山口県,神奈川県,87
2023,香川県,神奈川県,87
2023,香川県,福岡県,87
2023,熊本県,佐賀県,87
2023,大阪府,高知県,86
2023,宮城県,秋田県,85
2023,群馬県,長野県,85
2023,石川県,滋賀県,85
2023,京都府,北海道,85
2023,佐賀県,京都府,85
2023,新潟県,大阪府,84
2023,北海道,山梨県,83
2023,宮城県,栃木県,83
2023,茨城県,長野県,83
2023,栃木県,静岡県,83
2023,埼玉県,長野県,83
2023,神奈川県,群馬県,83
2023,富山県,兵庫県,83
2023,長崎県,鹿児島県,83
2023,鹿児島県,山口県,83
2023,北海道,長野県,82
2023,新潟県,愛知県,82
2023,兵庫県,埼玉県,82
2023,島根県,鳥取県,82
2023,大分県,神奈川県,82
2023,秋田県,山形県,81
2023,沖縄県,熊本県,81
2023,滋賀県,岐阜県,80
2023,沖縄県,岡山県,80
2023,長野県,茨城県,79
2023,奈良県,北海道,79
2023,佐賀県,大阪府,79
2023,北海道,新潟県,78
2023,青森県,山形県,78
2023,群馬県,福島県,78
2023,岐阜県,千葉県,78
2023,大阪府,愛媛県,78
2023,高知県,神奈川県,78
2023,宮崎県,京都府,78
2023,岡山県,埼玉県,77
2023,福島県,北海道,76
2023,岡山県,千葉県,76
2023,佐賀県,山口県,76
2023,茨城県,兵庫県,75
2023,長野県,栃木県,75
2023,静岡県,福岡県,75
2023,鹿児島県,沖縄県,75
2023,群馬県,北海道,74
2023,千葉県,山梨県,74
2023,神奈川県,長野県,74
2023,富山県,岐阜県,74
2023,長野県,北海道,74
2023,大阪府,石川県,74
2023,大阪府,三重県,74
2023,長崎県,兵庫県,74
2023,宮崎県,広島県,74
2023,鹿児島県,大分県,74
2023,大阪府,岐阜県,73
2023,香川県,滋賀県,73
2023,佐賀県,神奈川県,73
2023,熊本県,山口県,73
2023,北海道,石川県,72
2023,宮城県,茨城県,72
2023,福岡県,北海道,72
2023,山形県,栃木県,71
2023,茨城県,山形県,71
2023,静岡県,新潟県,71
2023,京都府,石川県,71
2023,長崎県,岡山県,71
2023,宮崎県,兵庫県,70
2023,宮城県,大阪府,69
2023,山形県,岩手県,69
2023,栃木県,京都府,69
2023,三重県,石川県,69
2023,広島県,鳥取県,69
2023,宮城県,群馬県,68
2023,埼玉県,福島県,68
2023,埼玉県,新潟県,68
2023,東京都,秋田県,68
2023,新潟県,秋田県,68
2023,岐阜県,福井県,68
2023,京都府,岡山県,68
2023,大阪府,山口県,68
2023,和歌山県,愛知県,68
2023,広島県,北海道,68
2023,香川県,愛知県,68
2023,千葉県,長野県,67
2023,新潟県,栃木県,67
2023,北海道,山形県,66
2023,北海道,岡山県,66
2023,青森県,群馬県,66
2023,長野県,滋賀県,66
2023,愛知県,岡山県,66
2023,滋賀県,石川県,66
2023,鳥取県,山口県,66
2023,大分県,兵庫県,66
2023,大分県,鹿児島県,66
2023,山形県,秋田県,65
2023,福島県,岩手県,65
2023,静岡県,山形県,65
2023,愛知県,群馬県,65
2023,岡山県,北海道,65
2023,群馬県,山梨県,64
2023,富山県,滋賀県,64
2023,三重県,広島県,64
2023,大阪府,島根県,64
2023,北海道,岩手県,63
2023,山形県,群馬県,63
2023,新潟県,山梨県,63
2023,石川県,千葉県,63
2023,山口県,大分県,63
2023,福岡県,沖縄県,63
2023,鹿児島県,岡山県,63
2023,沖縄県,徳島県,63
2023,北海道,広島県,62
2023,青森県,福島県,62
2023,神奈川県,兵庫県,62
2023,石川県,埼玉県,62
2023,長野県,宮城県,62
2023,長野県,兵庫県,62
2023,岐阜県,山梨県,62
2023,京都府,福井県,62
2023,兵庫県,長野県,62
2023,岩手県,群馬県,61
2023,茨城県,秋田県,61
2023,栃木県,長野県,61
2023,石川県,北海道,61
2023,福井県,岐阜県,61
2023,大阪府,大分県,61
2023,広島県,香川県,61
2023,山口県,愛知県,61
2023,沖縄県,山口県,61
2023,北海道,秋田県,60
2023,愛知県,宮城県,60
2023,山口県,長崎県,60
2023,愛媛県,島根県,60
2023,福岡県,茨城県,60
2023,沖縄県,岐阜県,60
2023,東京都,滋賀県,59
2023,新潟県,静岡県,59
2023,富山県,群馬県,59
2023,岐阜県,埼玉県,59
2023,滋賀県,福井県,59
2023,京都府,広島県,59
2023,大阪府,静岡県,59
2023,愛媛県,滋賀県,59
2023,富山県,北海道,58
2023,静岡県,富山県,58
2023,愛知県,鳥取県,58
2023,三重県,埼玉県,58
2023,三重県,長野県,58
2023,京都府,鳥取県,58
2023,大阪府,長野県,58
2023,和歌山県,滋賀県,58
2023,長崎県,千葉県,58
2023,栃木県,山梨県,57
2023,岐阜県,北海道,57
2023,静岡県,秋田県,57
2023,佐賀県,広島県,57
2023,熊本県,埼玉県,57
2023,千葉県,栃木県,56
2023,広島県,奈良県,56
2023,広島県,大分県,56
2023,香川県,山口県,56
2023,佐賀県,大分県,56
2023,宮崎県,千葉県,56
2023,青森県,茨城県,55
2023,青森県,栃木県,55
2023,栃木県,秋田県,55
2023,新潟県,茨城県,55
2023,三重県,千葉県,55
2023,京都府,福岡県,55
2023,大阪府,福井県,55
2023,大分県,岡山県,55
2023,秋田県,福島県,54
2023,埼玉県,静岡県,54
2023,東京都,岩手県,54
2023,山梨県,北海道,54
2023,岡山県,奈良県,54
2023,高知県,愛知県,54
2023,東京都,山形県,53
2023,愛知県,山口県,53
2023,滋賀県,神奈川県,53
2023,大阪府,茨城県,53
2023,奈良県,千葉県,53
2023,島根県,神奈川県,53
2023,長崎県,宮崎県,53
2023,宮崎県,愛知県,53
2023,青森県,新潟県,52
2023,福島県,山梨県,52
2023,栃木県,石川県,52
2023,山梨県,群馬県,52
2023,三重県,北海道,52
2023,大阪府,沖縄県,52
2023,鳥取県,福岡県,52
2023,山口県,滋賀県,52
2023,宮崎県,佐賀県,52
2023,神奈川県,石川県,51
2023,神奈川県,福岡県,51
2023,静岡県,栃木県,51
2023,静岡県,奈良県,51
2023,愛知県,秋田県,51
2023,奈良県,福岡県,51
2023,高知県,福岡県,51
2023,熊本県,岡山県,51
2023,埼玉県,石川県,50
2023,京都府,徳島県,50
2023,兵庫県,三重県,50
2023,兵庫県,長崎県,50
2023,奈良県,和歌山県,50
2023,京都府,長野県,49
2023,香川県,奈良県,49
2023,愛媛県,千葉県,49
2023,佐賀県,鹿児島県,49
2023,長崎県,愛知県,49
2023,滋賀県,奈良県,48
2023,奈良県,広島県,48
2023,和歌山県,神奈川県,48
2023,和歌山県,岡山県,48
2023,和歌山県,広島県,48
2023,徳島県,神奈川県,48
2023,愛媛県,埼玉県,48
2023,佐賀県,兵庫県,48
2023,熊本県,愛知県,48
2023,大分県,愛知県,48
2023,宮城県,愛知県,47
2023,山形県,青森県,47
2023,山形県,石川県,47
2023,群馬県,愛知県,47
2023,埼玉県,愛知県,47
2023,石川県,長野県,47
2023,京都府,高知県,47
2023,大阪府,香川県,47
2023,大阪府,鹿児島県,47
2023,和歌山県,徳島県,47
2023,沖縄県,大分県,47
2023,北海道,栃木県,46
2023,岩手県,新潟県,46
2023,山形県,茨城県,46
2023,福島県,秋田県,46
2023,埼玉県,山形県,46
2023,千葉県,兵庫県,46
2023,東京都,富山県,46
2023,山梨県,兵庫県,46
2023,兵庫県,茨城県,46
2023,愛媛県,奈良県,46
2023,愛媛県,大分県,46
2023,千葉県,福島県,45
2023,長野県,福島県,45
2023,三重県,富山県,45
2023,島根県,愛媛県,45
2023,山口県,埼玉県,45
2023,福岡県,愛媛県,45
2023,長崎県,沖縄県,45
2023,沖縄県,宮崎県,45
2023,岩手県,茨城県,44
2023,岩手県,山梨県,44
2023,茨城県,石川県,44
2023,栃木県,大阪府,44
2023,神奈川県,大分県,44
2023,福井県,千葉県,44
2023,愛知県,大分県,44
2023,京都府,和歌山県,44
2023,京都府,大分県,44
2023,兵庫県,岐阜県,44
2023,奈良県,三重県,44
2023,秋田県,栃木県,43
2023,群馬県,大阪府,43
2023,東京都,青森県,43
2023,神奈川県,滋賀県,43
2023,愛知県,高知県,43
2023,兵庫県,富山県,43
2023,兵庫県,大分県,43
2023,鳥取県,滋賀県,43
2023,広島県,徳島県,43
2023,山口県,千葉県,43
2023,香川県,埼玉県,43
2023,福岡県,奈良県,43
2023,大分県,佐賀県,43
2023,秋田県,群馬県,42
2023,群馬県,静岡県,42
2023,千葉県,新潟県,42
2023,東京都,沖縄県,42
2023,神奈川県,秋田県,42
2023,新潟県,兵庫県,42
2023,富山県,静岡県,42
2023,山梨県,茨城県,42
2023,静岡県,岡山県,42
2023,滋賀県,広島県,42
2023,兵庫県,沖縄県,42
2023,山口県,熊本県,42
2023,徳島県,滋賀県,42
2023,長崎県,埼玉県,42
2023,沖縄県,滋賀県,42
2023,北海道,大分県,41
2023,東京都,鹿児島県,41
2023,神奈川県,福島県,41
2023,岐阜県,広島県,41
2023,愛知県,新潟県,41
2023,愛知県,宮崎県,41
2023,京都府,千葉県,41
2023,大分県,高知県,41
2023,宮崎県,埼玉県,41
2023,沖縄県,静岡県,41
2023,沖縄県,愛媛県,41
2023,北海道,沖縄県,40
2023,神奈川県,栃木県,40
2023,岐阜県,群馬県,40
2023,三重県,福井県,40
2023,広島県,茨城県,40
2023,徳島県,山口県,40
2023,群馬県,山形県,39
2023,東京都,広島県,39
2023,富山県,宮城県,39
2023,石川県,宮城県,39
2023,福井県,広島県,39
2023,静岡県,山口県,39
2023,愛知県,沖縄県,39
2023,京都府,静岡県,39
2023,大阪府,宮城県,39
2023,兵庫県,宮城県,39
2023,香川県,千葉県,39
2023,福岡県,山梨県,39
2023,佐賀県,埼玉県,39
2023,福島県,京都府,38
2023,栃木県,愛知県,38
2023,富山県,茨城県,38
2023,富山県,山梨県,38
2023,石川県,奈良県,38
2023,山梨県,福岡県,38
2023,長野県,三重県,38
2023,愛知県,愛媛県,38
2023,京都府,埼玉県,38
2023,京都府,島根県,38
2023,和歌山県,三重県,38
2023,広島県,長崎県,38
2023,高知県,千葉県,38
2023,福岡県,石川県,38
2023,熊本県,沖縄県,38
2023,宮城県,石川県,37
2023,山形県,京都府,37
2023,東京都,岡山県,37
2023,石川県,岐阜県,37
2023,福井県,埼玉県,37
2023,山梨県,石川県,37
2023,三重県,福岡県,37
2023,兵庫県,福井県,37
2023,岡山県,静岡県,37
2023,鹿児島県,静岡県,37
2023,北海道,富山県,36
2023,青森県,大阪府,36
2023,宮城県,兵庫県,36
2023,千葉県,福岡県,36
2023,山梨県,新潟県,36
2023,和歌山県,高知県,36
2023,広島県,熊本県,36
2023,高知県,滋賀県,36
2023,佐賀県,千葉県,36
2023,大分県,千葉県,36
2023,宮崎県,岡山県,36
2023,鹿児島県,佐賀県,36
2023,青森県,京都府,35
2023,宮城県,静岡県,35
2023,埼玉県,秋田県,35
2023,千葉県,石川県,35
2023,愛知県,島根県,35
2023,滋賀県,岡山県,35
2023,兵庫県,宮崎県,35
2023,奈良県,埼玉県,35
2023,島根県,愛知県,35
2023,鹿児島県,滋賀県,35
2023,岩手県,大阪府,34
2023,埼玉県,兵庫県,34
2023,埼玉県,福岡県,34
2023,静岡県,沖縄県,34
2023,三重県,岡山県,34
2023,京都府,岐阜県,34
2023,鳥取県,神奈川県,34
2023,北海道,奈良県,33
2023,宮城県,山梨県,33
2023,茨城県,青森県,33
2023,東京都,愛媛県,33
2023,神奈川県,山形県,33
2023,石川県,静岡県,33
2023,三重県,山梨県,33
2023,大阪府,長崎県,33
2023,和歌山県,福岡県,33
2023,沖縄県,宮城県,33
2023,沖縄県,奈良県,33
2023,秋田県,茨城県,32
2023,茨城県,滋賀県,32
2023,神奈川県,新潟県,32
2023,石川県,群馬県,32
2023,石川県,福岡県,32
2023,長野県,山形県,32
2023,長野県,福井県,32
2023,静岡県,鳥取県,32
2023,静岡県,高知県,32
2023,愛知県,和歌山県,32
2023,大阪府,富山県,32
2023,兵庫県,鹿児島県,32
2023,奈良県,岡山県,32
2023,鳥取県,愛知県,32
2023,広島県,鹿児島県,32
2023,山口県,奈良県,32
2023,山口県,鹿児島県,32
2023,徳島県,福岡県,32
2023,熊本県,茨城県,32
2023,大分県,沖縄県,32
2023,沖縄県,香川県,32
2023,沖縄県,鹿児島県,32
2023,北海道,福島県,31
2023,山形県,大阪府,31
2023,栃木県,岩手県,31
2023,千葉県,大分県,31
2023,新潟県,滋賀県,31
2023,福井県,長野県,31
2023,長野県,奈良県,31
2023,静岡県,福井県,31
2023,滋賀県,静岡県,31
2023,京都府,山口県,31
2023,広島県,沖縄県,31
2023,徳島県,愛知県,31
2023,高知県,埼玉県,31
2023,福岡県,島根県,31
2023,熊本県,滋賀県,31
2023,沖縄県,石川県,31
2023,北海道,長崎県,30
2023,岩手県,京都府,30
2023,宮城県,長野県,30
2023,茨城県,岩手県,30
2023,茨城県,広島県,30
2023,群馬県,秋田県,30
2023,滋賀県,福岡県,30
2023,大阪府,山梨県,30
2023,愛媛県,北海道,30
2023,愛媛県,静岡県,30
2023,宮崎県,沖縄県,30
2023,沖縄県,茨城県,30
2023,北海道,岐阜県,29
2023,福島県,静岡県,29
2023,栃木県,青森県,29
2023,千葉県,滋賀県,29
2023,東京都,奈良県,29
2023,長野県,福岡県,29
2023,滋賀県,北海道,29
2023,滋賀県,三重県,29
2023,京都府,三重県,29
2023,島根県,滋賀県,29
2023,岡山県,石川県,29
2023,愛媛県,山梨県,29
2023,福岡県,高知県,29
2023,佐賀県,宮崎県,29
2023,沖縄県,新潟県,29
2023,青森県,静岡県,28
2023,千葉県,秋田県,28
2023,東京都,長崎県,28
2023,石川県,山梨県,28
2023,福井県,新潟県,28
2023,岐阜県,新潟県,28
2023,岐阜県,福岡県,28
2023,愛知県,鹿児島県,28
2023,大阪府,新潟県,28
2023,大阪府,宮崎県,28
2023,奈良県,徳島県,28
2023,和歌山県,北海道,28
2023,鳥取県,奈良県,28
2023,徳島県,静岡県,28
2023,福岡県,静岡県,28
2023,佐賀県,岡山県,28
2023,沖縄県,栃木県,28
2023,沖縄県,群馬県,28
2023,山形県,静岡県,27
2023,福島県,長野県,27
2023,群馬県,兵庫県,27
2023,埼玉県,青森県,27
2023,福井県,奈良県,27
2023,岐阜県,奈良県,27
2023,愛知県,長崎県,27
2023,兵庫県,山梨県,27
2023,奈良県,宮城県,27
2023,鳥取県,高知県,27
2023,徳島県,奈良県,27
2023,愛媛県,沖縄県,27
2023,高知県,山口県,27
2023,鹿児島県,茨城県,27
2023,北海道,山口県,26
2023,青森県,山梨県,26
2023,青森県,愛知県,26
2023,福島県,大阪府,26
2023,茨城県,福岡県,26
2023,群馬県,富山県,26
2023,和歌山県,山口県,26
2023,鳥取県,愛媛県,26
2023,島根県,高知県,26
2023,徳島県,北海道,26
2023,徳島県,埼玉県,26
2023,大分県,埼玉県,26
2023,大分県,愛媛県,26
2023,鹿児島県,山梨県,26
2023,鹿児島県,奈良県,26
2023,沖縄県,長野県,26
2023,神奈川県,青森県,25
2023,神奈川県,富山県,25
2023,神奈川県,鹿児島県,25
2023,富山県,広島県,25
2023,山梨県,栃木県,25
2023,長野県,広島県,25
2023,三重県,山口県,25
2023,京都府,茨城県,25
2023,京都府,富山県,25
2023,山口県,愛媛県,25
2023,長崎県,北海道,25
2023,群馬県,岩手県,24
2023,埼玉県,富山県,24
2023,新潟県,青森県,24
2023,福井県,静岡県,24
2023,岐阜県,茨城県,24
2023,静岡県,青森県,24
2023,愛知県,山形県,24
2023,三重県,鳥取県,24
2023,滋賀県,富山県,24
2023,京都府,宮城県,24
2023,奈良県,鳥取県,24
2023,和歌山県,千葉県,24
2023,和歌山県,石川県,24
2023,島根県,奈良県,24
2023,岡山県,和歌山県,24
2023,岡山県,宮崎県,24
2023,岡山県,鹿児島県,24
2023,広島県,石川県,24
2023,愛媛県,鳥取県,24
2023,福岡県,長野県,24
2023,佐賀県,愛知県,24
2023,長崎県,高知県,24
2023,岩手県,静岡県,23
2023,福島県,青森県,23
2023,埼玉県,岩手県,23
2023,新潟県,福井県,23
2023,新潟県,福岡県,23
2023,愛知県,徳島県,23
2023,三重県,茨城県,23
2023,京都府,香川県,23
2023,大阪府,秋田県,23
2023,大阪府,熊本県,23
2023,和歌山県,山梨県,23
2023,和歌山県,鳥取県,23
2023,鳥取県,徳島県,23
2023,岡山県,宮城県,23
2023,岡山県,岐阜県,23
2023,岡山県,大分県,23
2023,広島県,静岡県,23
2023,山口県,香川県,23
2023,香川県,島根県,23
2023,長崎県,滋賀県,23
2023,大分県,北海道,23
2023,青森県,石川県,22
2023,福島県,石川県,22
2023,茨城県,沖縄県,22
2023,埼玉県,滋賀県,22
2023,千葉県,岩手県,22
2023,千葉県,広島県,22
2023,千葉県,沖縄県,22
2023,東京都,熊本県,22
2023,新潟県,奈良県,22
2023,山梨県,広島県,22
2023,愛知県,岩手県,22
2023,三重県,高知県,22
2023,滋賀県,千葉県,22
2023,京都府,沖縄県,22
2023,岡山県,新潟県,22
2023,岡山県,熊本県,22
2023,広島県,宮崎県,22
2023,山口県,北海道,22
2023,山口県,宮崎県,22
2023,熊本県,北海道,22
2023,岩手県,長野県,21
2023,秋田県,静岡県,21
2023,山形県,山梨県,21
2023,千葉県,山形県,21
2023,富山県,奈良県,21
2023,石川県,広島県,21
2023,福井県,北海道,21
2023,山梨県,岐阜県,21
2023,長野県,秋田県,21
2023,長野県,岡山県,21
2023,岐阜県,岡山県,21
2023,滋賀県,茨城県,21
2023,兵庫県,群馬県,21
2023,和歌山県,静岡県,21
2023,島根県,埼玉県,21
2023,岡山県,沖縄県,21
2023,広島県,和歌山県,21
2023,徳島県,山梨県,21
2023,愛媛県,茨城県,21
2023,愛媛県,熊本県,21
2023,宮崎県,茨城県,21
2023,鹿児島県,岐阜県,21
2023,鹿児島県,愛媛県,21
2023,東京都,山口県,20
2023,富山県,福島県,20
2023,石川県,茨城県,20
2023,福井県,岡山県,20
2023,兵庫県,新潟県,20
2023,鳥取県,北海道,20
2023,広島県,佐賀県,20
2023,山口県,静岡県,20
2023,山口県,島根県,20
2023,山口県,佐賀県,20
2023,香川県,北海道,20
2023,香川県,石川県,20
2023,高知県,奈良県,20
2023,沖縄県,山梨県,20
2023,沖縄県,三重県,20
2023,北海道,和歌山県,19
2023,岩手県,愛知県,19
2023,秋田県,京都府,19
2023,群馬県,滋賀県,19
2023,埼玉県,広島県,19
2023,埼玉県,大分県,19
2023,福井県,山梨県,19
2023,山梨県,宮城県,19
2023,岐阜県,鳥取県,19
2023,岐阜県,山口県,19
2023,静岡県,島根県,19
2023,静岡県,愛媛県,19
2023,愛知県,栃木県,19
2023,三重県,群馬県,19
2023,滋賀県,埼玉県,19
2023,滋賀県,長野県,19
2023,滋賀県,徳島県,19
2023,兵庫県,熊本県,19
2023,奈良県,石川県,19
2023,鳥取県,千葉県,19
2023,鳥取県,香川県,19
2023,島根県,静岡県,19
2023,島根県,香川県,19
2023,岡山県,長崎県,19
2023,徳島県,千葉県,19
2023,大分県,滋賀県,19
2023,宮崎県,高知県,19
2023,鹿児島県,高知県,19
2023,沖縄県,佐賀県,19
2023,宮城県,福岡県,18
2023,秋田県,長野県,18
2023,秋田県,愛知県,18
2023,福島県,愛知県,18
2023,埼玉県,沖縄県,18
2023,千葉県,奈良県,18
2023,東京都,岐阜県,18
2023,東京都,徳島県,18
2023,東京都,高知県,18
2023,神奈川県,岩手県,18
2023,石川県,岡山県,18
2023,静岡県,和歌山県,18
2023,静岡県,大分県,18
2023,京都府,愛媛県,18
2023,京都府,鹿児島県,18
2023,和歌山県,埼玉県,18
2023,和歌山県,岐阜県,18
2023,岡山県,茨城県,18
2023,岡山県,群馬県,18
2023,岡山県,山梨県,18
2023,広島県,山梨県,18
2023,広島県,長野県,18
2023,徳島県,鳥取県,18
2023,香川県,和歌山県,18
2023,香川県,大分県,18
2023,愛媛県,長崎県,18
2023,高知県,静岡県,18
2023,熊本県,群馬県,18
2023,鹿児島県,北海道,18
2023,鹿児島県,宮城県,18
2023,沖縄県,高知県,18
2023,青森県,兵庫県,17
2023,岩手県,石川県,17
2023,宮城県,滋賀県,17
2023,秋田県,山梨県,17
2023,山形県,愛知県,17
2023,栃木県,兵庫県,17
2023,千葉県,富山県,17
2023,千葉県,鹿児島県,17
2023,東京都,宮崎県,17
2023,神奈川県,岡山県,17
2023,神奈川県,沖縄県,17
2023,新潟県,岐阜県,17
2023,京都府,新潟県,17
2023,奈良県,静岡県,17
2023,奈良県,愛媛県,17
2023,鳥取県,静岡県,17
2023,島根県,石川県,17
2023,島根県,徳島県,17
2023,広島県,岐阜県,17
2023,山口県,高知県,17
2023,福岡県,栃木県,17
2023,福岡県,岐阜県,17
2023,福岡県,三重県,17
2023,熊本県,静岡県,17
2023,大分県,茨城県,17
2023,大分県,島根県,17
2023,宮崎県,山梨県,17
2023,宮崎県,奈良県,17
2023,沖縄県,岩手県,17
2023,北海道,三重県,16
2023,北海道,熊本県,16
2023,秋田県,石川県,16
2023,秋田県,大阪府,16
2023,茨城県,富山県,16
2023,千葉県,熊本県,16
2023,神奈川県,長崎県,16
2023,山梨県,富山県,16
2023,三重県,和歌山県,16
2023,三重県,徳島県,16
2023,大阪府,福島県,16
2023,大阪府,群馬県,16
2023,奈良県,岐阜県,16
2023,和歌山県,愛媛県,16
2023,島根県,北海道,16
2023,島根県,千葉県,16
2023,岡山県,長野県,16
2023,岡山県,三重県,16
2023,徳島県,島根県,16
2023,福岡県,新潟県,16
2023,福岡県,鳥取県,16
2023,佐賀県,沖縄県,16
2023,長崎県,島根県,16
2023,宮崎県,静岡県,16
2023,宮崎県,滋賀県,16
2023,茨城県,奈良県,15
2023,茨城県,岡山県,15
2023,茨城県,大分県,15
2023,群馬県,奈良県,15
2023,東京都,島根県,15
2023,神奈川県,岐阜県,15
2023,神奈川県,広島県,15
2023,新潟県,岩手県,15
2023,石川県,三重県,15
2023,福井県,茨城県,15
2023,福井県,群馬県,15
2023,福井県,福岡県,15
2023,長野県,青森県,15
2023,岐阜県,宮城県,15
2023,兵庫県,秋田県,15
2023,奈良県,茨城県,15
2023,鳥取県,石川県,15
2023,島根県,宮崎県,15
2023,山口県,山梨県,15
2023,香川県,静岡県,15
2023,愛媛県,新潟県,15
2023,愛媛県,鹿児島県,15
2023,福岡県,群馬県,15
2023,佐賀県,茨城県,15
2023,佐賀県,滋賀県,15
2023,佐賀県,高知県,15
2023,長崎県,山梨県,15
2023,長崎県,岐阜県,15
2023,熊本県,山梨県,15
2023,鹿児島県,群馬県,15
2023,沖縄県,福井県,15
2023,北海道,高知県,14
2023,北海道,鹿児島県,14
2023,福島県,兵庫県,14
2023,千葉県,青森県,14
2023,東京都,福井県,14
2023,東京都,三重県,14
2023,神奈川県,愛媛県,14
2023,富山県,岡山県,14
2023,富山県,福岡県,14
2023,石川県,山口県,14
2023,山梨県,福島県,14
2023,山梨県,滋賀県,14
2023,岐阜県,福島県,14
2023,静岡県,岩手県,14
2023,静岡県,徳島県,14
2023,静岡県,鹿児島県,14
2023,三重県,宮崎県,14
2023,滋賀県,高知県,14
2023,奈良県,大分県,14
2023,和歌山県,福井県,14
2023,鳥取県,埼玉県,14
2023,島根県,熊本県,14
2023,広島県,群馬県,14
2023,徳島県,沖縄県,14
2023,香川県,茨城県,14
2023,香川県,鳥取県,14
2023,福岡県,宮城県,14
2023,長崎県,茨城県,14
2023,長崎県,三重県,14
2023,長崎県,奈良県,14
2023,長崎県,愛媛県,14
2023,熊本県,愛媛県,14
2023,宮崎県,愛媛県,14
2023,鹿児島県,新潟県,14
2023,沖縄県,島根県,14
2023,北海道,香川県,13
2023,青森県,長野県,13
2023,宮城県,広島県,13
2023,宮城県,沖縄県,13
2023,栃木県,富山県,13
2023,埼玉県,鹿児島県,13
2023,東京都,鳥取県,13
2023,神奈川県,山口県,13
2023,福井県,三重県,13
2023,山梨県,奈良県,13
2023,山梨県,鹿児島県,13
2023,岐阜県,高知県,13
2023,愛知県,福島県,13
2023,愛知県,香川県,13
2023,三重県,島根県,13
2023,和歌山県,香川県,13
2023,島根県,岐阜県,13
2023,島根県,大分県,13
2023,広島県,三重県,13
2023,高知県,岐阜県,13
2023,佐賀県,鳥取県,13
2023,熊本県,奈良県,13
2023,鹿児島県,石川県,13
2023,沖縄県,青森県,13
2023,沖縄県,山形県,13
2023,北海道,愛媛県,12
2023,秋田県,富山県,12
2023,茨城県,高知県,12
2023,栃木県,滋賀県,12
2023,栃木県,広島県,12
2023,栃木県,福岡県,12
2023,群馬県,青森県,12
2023,埼玉県,愛媛県,12
2023,埼玉県,高知県,12
2023,千葉県,岡山県,12
2023,千葉県,愛媛県,12
2023,東京都,香川県,12
2023,神奈川県,奈良県,12
2023,神奈川県,宮崎県,12
2023,富山県,秋田県,12
2023,富山県,栃木県,12
2023,福井県,鳥取県,12
2023,山梨県,山形県,12
2023,長野県,島根県,12
2023,静岡県,香川県,12
2023,静岡県,長崎県,12
2023,愛知県,熊本県,12
2023,三重県,新潟県,12
2023,滋賀県,新潟県,12
2023,京都府,長崎県,12
2023,奈良県,高知県,12
2023,和歌山県,茨城県,12
2023,鳥取県,茨城県,12
2023,岡山県,栃木県,12
2023,山口県,茨城県,12
2023,山口県,群馬県,12
2023,山口県,鳥取県,12
2023,愛媛県,岐阜県,12
2023,愛媛県,宮崎県,12
2023,福岡県,和歌山県,12
2023,長崎県,静岡県,12
2023,大分県,徳島県,12
2023,宮崎県,群馬県,12
2023,宮城県,岡山県,11
2023,山形県,兵庫県,11
2023,福島県,富山県,11
2023,茨城県,岐阜県,11
2023,栃木県,沖縄県,11
2023,群馬県,福岡県,11
2023,千葉県,島根県,11
2023,新潟県,広島県,11
2023,石川県,高知県,11
2023,福井県,島根県,11
2023,福井県,山口県,11
2023,長野県,鳥取県,11
2023,岐阜県,和歌山県,11
2023,岐阜県,沖縄県,11
2023,静岡県,宮崎県,11
2023,愛知県,青森県,11
2023,滋賀県,和歌山県,11
2023,滋賀県,山口県,11
2023,大阪府,岩手県,11
2023,大阪府,山形県,11
2023,兵庫県,岩手県,11
2023,兵庫県,栃木県,11
2023,島根県,山梨県,11
2023,広島県,岩手県,11
2023,広島県,宮城県,11
2023,広島県,福井県,11
2023,徳島県,和歌山県,11
2023,香川県,新潟県,11
2023,愛媛県,長野県,11
2023,愛媛県,和歌山県,11
2023,高知県,大分県,11
2023,佐賀県,北海道,11
2023,長崎県,宮城県,11
2023,大分県,鳥取県,11
2023,宮崎県,石川県,11
2023,宮崎県,三重県,11
2023,北海道,福井県,10
2023,北海道,鳥取県,10
2023,岩手県,兵庫県,10
2023,山形県,長野県,10
2023,茨城県,島根県,10
2023,茨城県,熊本県,10
2023,栃木県,岐阜県,10
2023,埼玉県,宮崎県,10
2023,神奈川県,鳥取県,10
2023,神奈川県,香川県,10
2023,神奈川県,熊本県,10
2023,富山県,山形県,10
2023,富山県,山口県,10
2023,石川県,沖縄県,10
2023,福井県,和歌山県,10
2023,福井県,香川県,10
2023,山梨県,秋田県,10
2023,山梨県,高知県,10
2023,長野県,和歌山県,10
2023,岐阜県,大分県,10
2023,三重県,宮城県,10
2023,三重県,愛媛県,10
2023,滋賀県,山梨県,10
2023,奈良県,長野県,10
2023,和歌山県,島根県,10
2023,山口県,沖縄県,10
2023,香川県,山梨県,10
2023,愛媛県,石川県,10
2023,高知県,茨城県,10
2023,高知県,群馬県,10
2023,佐賀県,静岡県,10
2023,熊本県,高知県,10
2023,大分県,静岡県,10
2023,鹿児島県,栃木県,10
2023,沖縄県,富山県,10
2023,青森県,富山県,9
2023,埼玉県,奈良県,9
2023,千葉県,山口県,9
2023,神奈川県,三重県,9
2023,新潟県,三重県,9
2023,石川県,栃木県,9
2023,岐阜県,秋田県,9
2023,岐阜県,島根県,9
2023,岐阜県,宮崎県,9
2023,岐阜県,鹿児島県,9
2023,三重県,沖縄県,9
2023,滋賀県,島根県,9
2023,京都府,秋田県,9
2023,京都府,栃木県,9
2023,京都府,宮崎県,9
2023,大阪府,青森県,9
2023,兵庫県,山形県,9
2023,奈良県,新潟県,9
2023,奈良県,山口県,9
2023,奈良県,宮崎県,9
2023,鳥取県,山梨県,9
2023,広島県,富山県,9
2023,山口県,宮城県,9
2023,山口県,新潟県,9
2023,徳島県,茨城県,9
2023,徳島県,石川県,9
2023,徳島県,大分県,9
2023,香川県,沖縄県,9
2023,高知県,北海道,9
2023,高知県,鳥取県,9
2023,福岡県,秋田県,9
2023,佐賀県,石川県,9
2023,佐賀県,奈良県,9
2023,佐賀県,島根県,9
2023,佐賀県,愛媛県,9
2023,熊本県,岐阜県,9
2023,熊本県,島根県,9
2023,大分県,石川県,9
2023,大分県,岐阜県,9
2023,大分県,奈良県,9
2023,宮崎県,岐阜県,9
2023,鹿児島県,香川県,9
2023,沖縄県,福島県,9
2023,北海道,島根県,8
2023,北海道,徳島県,8
2023,秋田県,奈良県,8
2023,山形県,富山県,8
2023,山形県,福岡県,8
2023,茨城県,鹿児島県,8
2023,群馬県,福井県,8
2023,群馬県,岐阜県,8
2023,群馬県,沖縄県,8
2023,埼玉県,岐阜県,8
2023,埼玉県,岡山県,8
2023,埼玉県,長崎県,8
2023,千葉県,岐阜県,8
2023,千葉県,徳島県,8
2023,東京都,佐賀県,8
2023,富山県,島根県,8
2023,石川県,和歌山県,8
2023,福井県,宮城県,8
2023,福井県,徳島県,8
2023,山梨県,三重県,8
2023,山梨県,熊本県,8
2023,長野県,大分県,8
2023,長野県,沖縄県,8
2023,岐阜県,愛媛県,8
2023,三重県,大分県,8
2023,滋賀県,鳥取県,8
2023,京都府,群馬県,8
2023,兵庫県,福島県,8
2023,兵庫県,佐賀県,8
2023,奈良県,富山県,8
2023,奈良県,福井県,8
2023,奈良県,島根県,8
2023,和歌山県,長崎県,8
2023,鳥取県,和歌山県,8
2023,島根県,長崎県,8
2023,広島県,青森県,8
2023,山口県,徳島県,8
2023,香川県,長野県,8
2023,愛媛県,栃木県,8
2023,愛媛県,三重県,8
2023,高知県,栃木県,8
2023,高知県,熊本県,8
2023,長崎県,徳島県,8
2023,熊本県,宮城県,8
2023,熊本県,石川県,8
2023,大分県,和歌山県,8
2023,宮崎県,長野県,8
2023,宮崎県,香川県,8
2023,鹿児島県,三重県,8
2023,沖縄県,秋田県,8
2023,北海道,宮崎県,7
2023,青森県,滋賀県,7
2023,青森県,福岡県,7
2023,岩手県,富山県,7
2023,岩手県,奈良県,7
2023,宮城県,富山県,7
2023,茨城県,鳥取県,7
2023,茨城県,山口県,7
2023,茨城県,愛媛県,7
2023,茨城県,長崎県,7
2023,栃木県,奈良県,7
2023,栃木県,山口県,7
2023,栃木県,鹿児島県,7
2023,群馬県,大分県,7
2023,埼玉県,鳥取県,7
2023,埼玉県,徳島県,7
2023,千葉県,高知県,7
2023,千葉県,長崎県,7
2023,東京都,和歌山県,7
2023,神奈川県,福井県,7
2023,神奈川県,高知県,7
2023,富山県,青森県,7
2023,石川県,山形県,7
2023,石川県,福島県,7
2023,福井県,秋田県,7
2023,福井県,高知県,7
2023,山梨県,青森県,7
2023,山梨県,沖縄県,7
2023,長野県,岩手県,7
2023,長野県,高知県,7
2023,岐阜県,青森県,7
2023,岐阜県,山形県,7
2023,岐阜県,栃木県,7
2023,静岡県,佐賀県,7
2023,三重県,栃木県,7
2023,三重県,鹿児島県,7
2023,滋賀県,大分県,7
2023,滋賀県,沖縄県,7
2023,京都府,山梨県,7
2023,大阪府,栃木県,7
2023,奈良県,山梨県,7
2023,奈良県,長崎県,7
2023,和歌山県,群馬県,7
2023,和歌山県,新潟県,7
2023,和歌山県,鹿児島県,7
2023,鳥取県,富山県,7
2023,鳥取県,岐阜県,7
2023,鳥取県,大分県,7
2023,岡山県,福島県,7
2023,岡山県,福井県,7
2023,岡山県,佐賀県,7
2023,広島県,栃木県,7
2023,広島県,新潟県,7
2023,山口県,長野県,7
2023,徳島県,長野県,7
2023,徳島県,宮崎県,7
2023,愛媛県,宮城県,7
2023,愛媛県,群馬県,7
2023,愛媛県,富山県,7
2023,愛媛県,佐賀県,7
2023,高知県,山梨県,7
2023,高知県,和歌山県,7
2023,福岡県,徳島県,7
2023,福岡県,香川県,7
2023,長崎県,群馬県,7
2023,長崎県,新潟県,7
2023,長崎県,鳥取県,7
2023,長崎県,香川県,7
2023,熊本県,鳥取県,7
2023,宮崎県,山形県,7
2023,鹿児島県,和歌山県,7
2023,青森県,奈良県,6
2023,宮城県,奈良県,6
2023,福島県,滋賀県,6
2023,福島県,沖縄県,6
2023,茨城県,福井県,6
2023,茨城県,宮崎県,6
2023,栃木県,島根県,6
2023,栃木県,岡山県,6
2023,群馬県,岡山県,6
2023,群馬県,高知県,6
2023,群馬県,宮崎県,6
2023,群馬県,鹿児島県,6
2023,埼玉県,福井県,6
2023,埼玉県,山口県,6
2023,千葉県,和歌山県,6
2023,千葉県,宮崎県,6
2023,神奈川県,和歌山県,6
2023,神奈川県,島根県,6
2023,新潟県,岡山県,6
2023,新潟県,長崎県,6
2023,福井県,栃木県,6
2023,福井県,愛媛県,6
2023,山梨県,岩手県,6
2023,山梨県,岡山県,6
2023,岐阜県,岩手県,6
2023,三重県,秋田県,6
2023,三重県,長崎県,6
2023,三重県,熊本県,6
2023,滋賀県,愛媛県,6
2023,滋賀県,鹿児島県,6
2023,京都府,熊本県,6
2023,大阪府,佐賀県,6
2023,奈良県,鹿児島県,6
2023,奈良県,沖縄県,6
2023,鳥取県,熊本県,6
2023,岡山県,山形県,6
2023,山口県,岩手県,6
2023,山口県,栃木県,6
2023,山口県,石川県,6
2023,山口県,福井県,6
2023,山口県,岐阜県,6
2023,山口県,三重県,6
2023,徳島県,宮城県,6
2023,徳島県,新潟県,6
2023,香川県,宮崎県,6
2023,高知県,新潟県,6
2023,福岡県,福島県,6
2023,福岡県,富山県,6
2023,熊本県,長野県,6
2023,熊本県,香川県,6
2023,大分県,群馬県,6
2023,大分県,香川県,6
2023,宮崎県,栃木県,6
2023,宮崎県,島根県,6
2023,鹿児島県,岩手県,6
2023,鹿児島県,秋田県,6
2023,鹿児島県,島根県,6
2023,沖縄県,鳥取県,6
2023,青森県,沖縄県,5
2023,岩手県,福岡県,5
2023,宮城県,岐阜県,5
2023,宮城県,大分県,5
2023,福島県,大分県,5
2023,茨城県,徳島県,5
2023,栃木県,愛媛県,5
2023,群馬県,島根県,5
2023,群馬県,広島県,5
2023,群馬県,長崎県,5
2023,埼玉県,島根県,5
2023,埼玉県,熊本県,5
2023,千葉県,三重県,5
2023,神奈川県,徳島県,5
2023,新潟県,大分県,5
2023,新潟県,沖縄県,5
2023,富山県,三重県,5
2023,富山県,鳥取県,5
2023,富山県,沖縄県,5
2023,石川県,秋田県,5
2023,石川県,島根県,5
2023,山梨県,長崎県,5
2023,長野県,山口県,5
2023,長野県,徳島県,5
2023,長野県,香川県,5
2023,長野県,愛媛県,5
2023,長野県,長崎県,5
2023,長野県,宮崎県,5
2023,岐阜県,徳島県,5
2023,岐阜県,長崎県,5
2023,静岡県,熊本県,5
2023,三重県,山形県,5
2023,三重県,香川県,5
2023,滋賀県,岩手県,5
2023,滋賀県,長崎県,5
2023,兵庫県,青森県,5
2023,奈良県,秋田県,5
2023,奈良県,群馬県,5
2023,奈良県,香川県,5
2023,和歌山県,栃木県,5
2023,和歌山県,長野県,5
2023,和歌山県,沖縄県,5
2023,島根県,宮城県,5
2023,島根県,茨城県,5
2023,島根県,栃木県,5
2023,島根県,三重県,5
2023,岡山県,富山県,5
2023,徳島県,群馬県,5
2023,徳島県,岐阜県,5
2023,徳島県,長崎県,5
2023,香川県,長崎県,5
2023,香川県,鹿児島県,5
2023,愛媛県,福井県,5
2023,高知県,長野県,5
2023,高知県,長崎県,5
2023,高知県,鹿児島県,5
2023,高知県,沖縄県,5
2023,佐賀県,山梨県,5
2023,長崎県,栃木県,5
2023,長崎県,石川県,5
2023,長崎県,和歌山県,5
2023,熊本県,新潟県,5
2023,大分県,栃木県,5
2023,大分県,新潟県,5
2023,宮崎県,北海道,5
2023,宮崎県,新潟県,5
2023,鹿児島県,鳥取県,5
2023,北海道,佐賀県,4
2023,岩手県,広島県,4
2023,岩手県,沖縄県,4
2023,秋田県,岐阜県,4
2023,秋田県,三重県,4
2023,秋田県,滋賀県,4
2023,秋田県,福岡県,4
2023,山形県,岐阜県,4
2023,福島県,奈良県,4
2023,福島県,香川県,4
2023,茨城県,和歌山県,4
2023,栃木県,三重県,4
2023,群馬県,和歌山県,4
2023,千葉県,鳥取県,4
2023,神奈川県,佐賀県,4
2023,新潟県,和歌山県,4
2023,新潟県,山口県,4
2023,新潟県,高知県,4
2023,新潟県,宮崎県,4
2023,富山県,和歌山県,4
2023,富山県,高知県,4
2023,富山県,鹿児島県,4
2023,石川県,青森県,4
2023,石川県,徳島県,4
2023,石川県,大分県,4
2023,石川県,鹿児島県,4
2023,山梨県,島根県,4
2023,山梨県,山口県,4
2023,山梨県,愛媛県,4
2023,山梨県,佐賀県,4
2023,山梨県,大分県,4
2023,長野県,熊本県,4
2023,岐阜県,香川県,4
2023,滋賀県,宮城県,4
2023,滋賀県,秋田県,4
2023,滋賀県,栃木県,4
2023,滋賀県,香川県,4
2023,滋賀県,宮崎県,4
2023,京都府,青森県,4
2023,京都府,岩手県,4
2023,京都府,佐賀県,4
2023,奈良県,栃木県,4
2023,和歌山県,秋田県,4
2023,和歌山県,山形県,4
2023,和歌山県,福島県,4
2023,和歌山県,大分県,4
2023,鳥取県,群馬県,4
2023,鳥取県,新潟県,4
2023,鳥取県,長野県,4
2023,鳥取県,長崎県,4
2023,島根県,群馬県,4
2023,島根県,長野県,4
2023,島根県,和歌山県,4
2023,島根県,沖縄県,4
2023,山口県,和歌山県,4
2023,徳島県,秋田県,4
2023,香川県,栃木県,4
2023,香川県,富山県,4
2023,香川県,福井県,4
2023,香川県,岐阜県,4
2023,香川県,熊本県,4
2023,愛媛県,山形県,4
2023,愛媛県,福島県,4
2023,高知県,福井県,4
2023,高知県,島根県,4
2023,福岡県,岩手県,4
2023,福岡県,福井県,4
2023,佐賀県,群馬県,4
2023,佐賀県,長野県,4
2023,佐賀県,岐阜県,4
2023,佐賀県,三重県,4
2023,佐賀県,徳島県,4
2023,長崎県,福井県,4
2023,熊本県,栃木県,4
2023,熊本県,福井県,4
2023,宮崎県,宮城県,4
2023,宮崎県,福井県,4
2023,宮崎県,和歌山県,4
2023,鹿児島県,徳島県,4
2023,沖縄県,和歌山県,4
2023,青森県,福井県,3
2023,青森県,岐阜県,3
2023,青森県,岡山県,3
2023,青森県,大分県,3
2023,岩手県,和歌山県,3
2023,岩手県,山口県,3
2023,宮城県,福井県,3
2023,宮城県,三重県,3
2023,宮城県,熊本県,3
2023,宮城県,宮崎県,3
2023,秋田県,広島県,3
2023,秋田県,鹿児島県,3
2023,山形県,福井県,3
2023,山形県,奈良県,3
2023,山形県,広島県,3
2023,山形県,大分県,3
2023,山形県,沖縄県,3
2023,福島県,福井県,3
2023,福島県,岐阜県,3
2023,福島県,広島県,3
2023,福島県,福岡県,3
2023,茨城県,三重県,3
2023,茨城県,香川県,3
2023,茨城県,佐賀県,3
2023,栃木県,福井県,3
2023,栃木県,高知県,3
2023,栃木県,熊本県,3
2023,栃木県,大分県,3
2023,群馬県,山口県,3
2023,群馬県,愛媛県,3
2023,埼玉県,三重県,3
2023,千葉県,福井県,3
2023,千葉県,佐賀県,3
2023,新潟県,鹿児島県,3
2023,富山県,愛媛県,3
2023,富山県,長崎県,3
2023,富山県,大分県,3
2023,石川県,岩手県,3
2023,石川県,鳥取県,3
2023,石川県,長崎県,3
2023,石川県,熊本県,3
2023,福井県,福島県,3
2023,山梨県,福井県,3
2023,山梨県,徳島県,3
2023,愛知県,佐賀県,3
2023,三重県,青森県,3
2023,滋賀県,福島県,3
2023,滋賀県,群馬県,3
2023,奈良県,山形県,3
2023,奈良県,福島県,3
2023,奈良県,熊本県,3
2023,和歌山県,宮崎県,3
2023,鳥取県,栃木県,3
2023,鳥取県,福井県,3
2023,鳥取県,鹿児島県,3
2023,島根県,富山県,3
2023,島根県,福井県,3
2023,岡山県,岩手県,3
2023,岡山県,秋田県,3
2023,広島県,山形県,3
2023,徳島県,三重県,3
2023,徳島県,佐賀県,3
2023,徳島県,鹿児島県,3
2023,香川県,秋田県,3
2023,香川県,三重県,3
2023,福岡県,青森県,3
2023,佐賀県,青森県,3
2023,佐賀県,秋田県,3
2023,佐賀県,栃木県,3
2023,佐賀県,福井県,3
2023,長崎県,山形県,3
2023,長崎県,福島県,3
2023,長崎県,富山県,3
2023,長崎県,長野県,3
2023,熊本県,青森県,3
2023,熊本県,富山県,3
2023,熊本県,三重県,3
2023,熊本県,和歌山県,3
2023,熊本県,徳島県,3
2023,大分県,岩手県,3
2023,大分県,宮城県,3
2023,大分県,山梨県,3
2023,大分県,長野県,3
2023,青森県,三重県,2
2023,青森県,広島県,2
2023,青森県,鹿児島県,2
2023,岩手県,岐阜県,2
2023,岩手県,香川県,2
2023,岩手県,高知県,2
2023,岩手県,宮崎県,2
2023,岩手県,鹿児島県,2
2023,宮城県,島根県,2
2023,宮城県,高知県,2
2023,宮城県,長崎県,2
2023,宮城県,鹿児島県,2
2023,秋田県,福井県,2
2023,秋田県,島根県,2
2023,秋田県,香川県,2
2023,山形県,三重県,2
2023,山形県,滋賀県,2
2023,山形県,和歌山県,2
2023,山形県,岡山県,2
2023,山形県,熊本県,2
2023,福島県,三重県,2
2023,福島県,山口県,2
2023,福島県,徳島県,2
2023,福島県,熊本県,2
2023,福島県,鹿児島県,2
2023,栃木県,和歌山県,2
2023,栃木県,鳥取県,2
2023,群馬県,三重県,2
2023,群馬県,鳥取県,2
2023,群馬県,佐賀県,2
2023,群馬県,熊本県,2
2023,埼玉県,香川県,2
2023,新潟県,鳥取県,2
2023,新潟県,香川県,2
2023,新潟県,愛媛県,2
2023,新潟県,熊本県,2
2023,富山県,岩手県,2
2023,富山県,徳島県,2
2023,富山県,熊本県,2
2023,石川県,香川県,2
2023,石川県,愛媛県,2
2023,石川県,宮崎県,2
2023,福井県,青森県,2
2023,福井県,山形県,2
2023,福井県,熊本県,2
2023,福井県,鹿児島県,2
2023,山梨県,鳥取県,2
2023,山梨県,宮崎県,2
2023,長野県,佐賀県,2
2023,長野県,鹿児島県,2
2023,三重県,福島県,2
2023,三重県,佐賀県,2
2023,滋賀県,熊本県,2
2023,京都府,山形県,2
2023,京都府,福島県,2
2023,奈良県,岩手県,2
2023,奈良県,佐賀県,2
2023,和歌山県,富山県,2
2023,和歌山県,佐賀県,2
2023,和歌山県,熊本県,2
2023,鳥取県,宮城県,2
2023,島根県,青森県,2
2023,島根県,岩手県,2
2023,島根県,新潟県,2
2023,岡山県,青森県,2
2023,広島県,秋田県,2
2023,山口県,秋田県,2
2023,山口県,福島県,2
2023,山口県,富山県,2
2023,徳島県,栃木県,2
2023,香川県,宮城県,2
2023,香川県,山形県,2
2023,愛媛県,秋田県,2
2023,高知県,青森県,2
2023,高知県,宮城県,2
2023,高知県,石川県,2
2023,高知県,三重県,2
2023,佐賀県,岩手県,2
2023,佐賀県,山形県,2
2023,佐賀県,香川県,2
2023,長崎県,青森県,2
2023,長崎県,岩手県,2
2023,熊本県,秋田県,2
2023,大分県,秋田県,2
2023,大分県,福井県,2
2023,大分県,三重県,2
2023,宮崎県,秋田県,2
2023,宮崎県,福島県,2
2023,宮崎県,徳島県,2
2023,鹿児島県,山形県,2
2023,鹿児島県,富山県,2
2023,鹿児島県,長野県,2
2023,青森県,和歌山県,1
2023,青森県,徳島県,1
2023,青森県,愛媛県,1
2023,青森県,高知県,1
2023,青森県,長崎県,1
2023,青森県,熊本県,1
2023,岩手県,三重県,1
2023,岩手県,滋賀県,1
2023,岩手県,岡山県,1
2023,岩手県,長崎県,1
2023,岩手県,熊本県,1
2023,宮城県,和歌山県,1
2023,宮城県,鳥取県,1
2023,宮城県,山口県,1
2023,宮城県,徳島県,1
2023,宮城県,愛媛県,1
2023,宮城県,佐賀県,1
2023,秋田県,和歌山県,1
2023,秋田県,岡山県,1
2023,秋田県,山口県,1
2023,秋田県,大分県,1
2023,秋田県,沖縄県,1
2023,山形県,愛媛県,1
2023,山形県,高知県,1
2023,山形県,宮崎県,1
2023,福島県,鳥取県,1
2023,福島県,岡山県,1
2023,福島県,宮崎県,1
2023,栃木県,徳島県,1
2023,栃木県,香川県,1
2023,栃木県,佐賀県,1
2023,栃木県,長崎県,1
2023,栃木県,宮崎県,1
2023,群馬県,香川県,1
2023,埼玉県,和歌山県,1
2023,埼玉県,佐賀県,1
2023,千葉県,香川県,1
2023,新潟県,島根県,1
2023,新潟県,徳島県,1
2023,富山県,香川県,1
2023,富山県,佐賀県,1
2023,石川県,佐賀県,1
2023,福井県,岩手県,1
2023,福井県,長崎県,1
2023,福井県,沖縄県,1
2023,山梨県,和歌山県,1
2023,山梨県,香川県,1
2023,岐阜県,熊本県,1
2023,滋賀県,山形県,1
2023,滋賀県,佐賀県,1
2023,奈良県,青森県,1
2023,和歌山県,青森県,1
2023,和歌山県,岩手県,1
2023,鳥取県,岩手県,1
2023,鳥取県,秋田県,1
2023,鳥取県,三重県,1
2023,鳥取県,宮崎県,1
2023,鳥取県,沖縄県,1
2023,島根県,秋田県,1
2023,島根県,山形県,1
2023,島根県,福島県,1
2023,島根県,佐賀県,1
2023,島根県,鹿児島県,1
2023,広島県,福島県,1
2023,徳島県,富山県,1
2023,徳島県,福井県,1
2023,徳島県,熊本県,1
2023,香川県,青森県,1
2023,香川県,岩手県,1
2023,香川県,福島県,1
2023,香川県,群馬県,1
2023,香川県,佐賀県,1
2023,愛媛県,青森県,1
2023,高知県,岩手県,1
2023,高知県,秋田県,1
2023,高知県,山形県,1
2023,高知県,福島県,1
2023,高知県,富山県,1
2023,高知県,佐賀県,1
2023,高知県,宮崎県,1
2023,佐賀県,宮城県,1
2023,佐賀県,新潟県,1
2023,佐賀県,和歌山県,1
2023,長崎県,秋田県,1
2023,熊本県,福島県,1
2023,大分県,青森県,1
2023,大分県,山形県,1
2023,大分県,福島県,1
2023,大分県,富山県,1
2023,宮崎県,青森県,1
2023,宮崎県,岩手県,1
2023,宮崎県,富山県,1
2023,宮崎県,鳥取県,1
2023,鹿児島県,福島県,1
2024,神奈川県,東京都,22609
2024,埼玉県,東京都,18604
2024,千葉県,東京都,14011
2024,東京都,神奈川県,10079
2024,兵庫県,大阪府,7362
2024,大阪府,京都府,6653
2024,茨城県,東京都,5628
2024,東京都,埼玉県,4874
2024,大阪府,兵庫県,4702
2024,東京都,千葉県,4525
2024,岐阜県,愛知県,4404
2024,静岡県,東京都,3268
2024,京都府,大阪府,3230
2024,滋賀県,京都府,3139
2024,奈良県,大阪府,2996
2024,三重県,愛知県,2767
2024,兵庫県,京都府,2589
2024,栃木県,東京都,2507
2024,長野県,東京都,2253
2024,茨城県,千葉県,2238
2024,千葉県,神奈川県,2146
2024,北海道,東京都,2145
2024,群馬県,東京都,2051
2024,愛知県,東京都,1996
2024,静岡県,愛知県,1981
2024,静岡県,神奈川県,1980
2024,埼玉県,千葉県,1886
2024,埼玉県,神奈川県,1841
2024,山梨県,東京都,1779
2024,新潟県,東京都,1696
2024,和歌山県,大阪府,1641
2024,千葉県,埼玉県,1593
2024,茨城県,埼玉県,1386
2024,奈良県,京都府,1386
2024,福岡県,東京都,1365
2024,福島県,東京都,1350
2024,京都府,滋賀県,1336
2024,沖縄県,東京都,1320
2024,佐賀県,福岡県,1313
2024,大阪府,奈良県,1272
2024,熊本県,福岡県,1242
2024,愛知県,京都府,1231
2024,愛知県,岐阜県,1201
2024,滋賀県,大阪府,1201
2024,大阪府,滋賀県,1178
2024,群馬県,埼玉県,1168
2024,宮城県,東京都,1167
2024,長崎県,福岡県,1160
2024,鹿児島県,福岡県,1138
2024,茨城県,神奈川県,1118
2024,栃木県,埼玉県,1117
2024,大阪府,東京都,1049
2024,福島県,宮城県,1021
2024,大分県,福岡県,1001
2024,長野県,神奈川県,962
2024,広島県,大阪府,959
2024,富山県,石川県,913
2024,山口県,福岡県,905
2024,兵庫県,東京都,873
2024,神奈川県,千葉県,862
2024,岩手県,宮城県,821
2024,宮崎県,福岡県,821
2024,広島県,岡山県,817
2024,大阪府,和歌山県,786
2024,山形県,宮城県,780
2024,岡山県,大阪府,779
2024,広島県,東京都,770
2024,香川県,大阪府,757
2024,広島県,京都府,726
2024,北海道,神奈川県,725
2024,神奈川県,埼玉県,724
2024,京都府,兵庫県,717
2024,愛知県,静岡県,698
2024,福岡県,佐賀県,692
2024,新潟県,神奈川県,686
2024,長野県,愛知県,678
2024,鹿児島県,東京都,675
2024,愛知県,大阪府,670
2024,山口県,広島県,663
2024,宮城県,山形県,659
2024,福岡県,熊本県,650
2024,三重県,大阪府,649
2024,長野県,埼玉県,648
2024,栃木県,神奈川県,639
2024,青森県,宮城県,625
2024,愛知県,神奈川県,616
2024,山梨県,神奈川県,605
2024,兵庫県,岡山県,605
2024,広島県,山口県,604
2024,山形県,東京都,598
2024,岡山県,兵庫県,593
2024,愛知県,三重県,585
2024,福岡県,京都府,585
2024,福岡県,山口県,581
2024,岡山県,東京都,574
2024,茨城県,栃木県,567
2024,岩手県,東京都,565
2024,香川県,岡山県,561
2024,福岡県,大阪府,560
2024,愛媛県,大阪府,554
2024,東京都,京都府,551
2024,青森県,東京都,550
2024,東京都,北海道,549
2024,熊本県,東京都,543
2024,広島県,兵庫県,541
2024,沖縄県,福岡県,534
2024,群馬県,神奈川県,533
2024,新潟県,埼玉県,524
2024,千葉県,茨城県,523
2024,奈良県,兵庫県,523
2024,岡山県,広島県,523
2024,広島県,福岡県,516
2024,静岡県,京都府,510
2024,静岡県,千葉県,506
2024,栃木県,千葉県,505
2024,岡山県,京都府,501
2024,秋田県,宮城県,497
2024,福島県,神奈川県,492
2024,富山県,東京都,488
2024,岐阜県,東京都,482
2024,福島県,埼玉県,481
2024,香川県,京都府,481
2024,東京都,山梨県,480
2024,香川県,兵庫県,480
2024,埼玉県,群馬県,476
2024,福井県,京都府,472
2024,沖縄県,大阪府,467
2024,福岡県,長崎県,465
2024,北海道,大阪府,464
2024,石川県,東京都,464
2024,三重県,京都府,460
2024,愛知県,滋賀県,459
2024,兵庫県,滋賀県,457
2024,福島県,千葉県,441
2024,北海道,京都府,437
2024,東京都,茨城県,433
2024,栃木県,群馬県,430
2024,島根県,広島県,430
2024,北海道,青森県,424
2024,奈良県,東京都,424
2024,和歌山県,京都府,424
2024,愛媛県,広島県,420
2024,広島県,愛媛県,419
2024,京都府,東京都,417
2024,沖縄県,神奈川県,416
2024,秋田県,東京都,397
2024,愛媛県,東京都,394
2024,長野県,千葉県,390
2024,徳島県,大阪府,390
2024,宮城県,神奈川県,387
2024,静岡県,大阪府,386
2024,静岡県,埼玉県,377
2024,北海道,埼玉県,375
2024,長崎県,東京都,373
2024,群馬県,千葉県,362
2024,福井県,大阪府,362
2024,石川県,京都府,359
2024,愛媛県,岡山県,359
2024,三重県,東京都,358
2024,新潟県,千葉県,353
2024,愛知県,兵庫県,353
2024,福岡県,大分県,353
2024,静岡県,山梨県,350
2024,宮崎県,東京都,348
2024,福井県,石川県,347
2024,石川県,富山県,343
2024,高知県,大阪府,341
2024,山形県,新潟県,340
2024,鹿児島県,熊本県,337
2024,富山県,愛知県,334
2024,北海道,千葉県,333
2024,福岡県,神奈川県,333
2024,京都府,奈良県,329
2024,佐賀県,東京都,328
2024,福島県,栃木県,327
2024,山口県,東京都,323
2024,岐阜県,京都府,322
2024,兵庫県,広島県,316
2024,宮城県,埼玉県,313
2024,東京都,宮城県,311
2024,長野県,新潟県,311
2024,石川県,大阪府,310
2024,鳥取県,大阪府,310
2024,島根県,大阪府,310
2024,兵庫県,徳島県,308
2024,岡山県,香川県,304
2024,山口県,大阪府,304
2024,福島県,新潟県,303
2024,愛媛県,兵庫県,302
2024,長野県,群馬県,299
2024,兵庫県,鳥取県,299
2024,愛媛県,京都府,299
2024,和歌山県,兵庫県,298
2024,香川県,東京都,295
2024,福岡県,兵庫県,295
2024,長野県,石川県,294
2024,愛知県,北海道,291
2024,埼玉県,茨城県,290
2024,神奈川県,北海道,290
2024,大阪府,神奈川県,287
2024,山形県,神奈川県,286
2024,北海道,兵庫県,284
2024,青森県,北海道,283
2024,新潟県,石川県,283
2024,愛知県,長野県,281
2024,沖縄県,京都府,281
2024,東京都,大阪府,280
2024,岡山県,福岡県,279
2024,宮崎県,熊本県,271
2024,愛知県,富山県,270
2024,富山県,京都府,269
2024,福岡県,広島県,269
2024,大分県,東京都,269
2024,長野県,山梨県,268
2024,鹿児島県,大阪府,267
2024,群馬県,栃木県,266
2024,福井県,東京都,266
2024,兵庫県,愛知県,265
2024,兵庫県,奈良県,263
2024,高知県,東京都,261
2024,北海道,愛知県,260
2024,福井県,愛知県,260
2024,長野県,京都府,256
2024,長崎県,熊本県,252
2024,大分県,熊本県,250
2024,茨城県,宮城県,249
2024,兵庫県,福岡県,248
2024,宮城県,千葉県,245
2024,山口県,京都府,244
2024,山梨県,埼玉県,241
2024,鳥取県,兵庫県,237
2024,山梨県,千葉県,235
2024,沖縄県,兵庫県,233
2024,茨城県,福島県,232
2024,徳島県,兵庫県,232
2024,鹿児島県,京都府,232
2024,富山県,大阪府,230
2024,岐阜県,滋賀県,230
2024,岩手県,北海道,229
2024,宮城県,岩手県,228
2024,鳥取県,京都府,228
2024,沖縄県,愛知県,226
2024,神奈川県,山梨県,224
2024,沖縄県,千葉県,222
2024,宮崎県,鹿児島県,221
2024,埼玉県,北海道,219
2024,大阪府,北海道,219
2024,広島県,島根県,219
2024,徳島県,京都府,217
2024,兵庫県,神奈川県,215
2024,埼玉県,宮城県,213
2024,岐阜県,大阪府,213
2024,愛知県,福井県,213
2024,香川県,広島県,213
2024,愛知県,石川県,212
2024,滋賀県,兵庫県,211
2024,高知県,兵庫県,211
2024,岩手県,青森県,210
2024,静岡県,長野県,209
2024,青森県,神奈川県,208
2024,秋田県,新潟県,208
2024,福島県,茨城県,208
2024,愛媛県,福岡県,207
2024,神奈川県,京都府,206
2024,山形県,千葉県,205
2024,石川県,愛知県,204
2024,兵庫県,高知県,204
2024,広島県,神奈川県,204
2024,鹿児島県,神奈川県,204
2024,栃木県,茨城県,203
2024,千葉県,北海道,201
2024,沖縄県,埼玉県,201
2024,北海道,宮城県,200
2024,岩手県,神奈川県,200
2024,埼玉県,栃木県,200
2024,香川県,愛媛県,200
2024,高知県,京都府,200
2024,福岡県,鹿児島県,200
2024,熊本県,鹿児島県,199
2024,富山県,新潟県,198
2024,熊本県,神奈川県,198
2024,茨城県,群馬県,196
2024,宮城県,福島県,195
2024,青森県,岩手県,193
2024,福島県,山形県,193
2024,高知県,愛媛県,193
2024,島根県,岡山県,192
2024,大阪府,愛知県,191
2024,愛知県,千葉県,190
2024,奈良県,滋賀県,190
2024,山口県,兵庫県,190
2024,佐賀県,長崎県,189
2024,東京都,静岡県,188
2024,岡山県,山口県,188
2024,群馬県,新潟県,186
2024,栃木県,福島県,184
2024,兵庫県,北海道,184
2024,鹿児島県,宮崎県,183
2024,山梨県,愛知県,182
2024,山口県,岡山県,182
2024,宮崎県,大分県,182
2024,青森県,千葉県,181
2024,鳥取県,岡山県,181
2024,新潟県,群馬県,180
2024,茨城県,北海道,179
2024,愛知県,埼玉県,179
2024,島根県,東京都,179
2024,東京都,群馬県,175
2024,大分県,山口県,174
2024,茨城県,京都府,173
2024,秋田県,青森県,172
2024,茨城県,大阪府,172
2024,静岡県,北海道,172
2024,富山県,神奈川県,171
2024,岡山県,愛媛県,171
2024,高知県,岡山県,171
2024,三重県,兵庫県,170
2024,東京都,長野県,169
2024,神奈川県,茨城県,169
2024,神奈川県,静岡県,168
2024,静岡県,兵庫県,168
2024,長野県,大阪府,166
2024,熊本県,京都府,166
2024,岡山県,神奈川県,164
2024,岡山県,島根県,163
2024,徳島県,東京都,163
2024,大分県,長崎県,163
2024,愛媛県,高知県,162
2024,宮城県,北海道,161
2024,岐阜県,神奈川県,161
2024,鹿児島県,兵庫県,161
2024,茨城県,愛知県,160
2024,青森県,埼玉県,159
2024,岐阜県,石川県,159
2024,和歌山県,東京都,159
2024,岡山県,愛知県,159
2024,千葉県,京都府,157
2024,愛知県,福岡県,157
2024,徳島県,岡山県,157
2024,熊本県,大阪府,156
2024,東京都,兵庫県,155
2024,山梨県,静岡県,155
2024,滋賀県,愛知県,155
2024,大阪府,岡山県,155
2024,鳥取県,広島県,155
2024,兵庫県,山口県,154
2024,鹿児島県,広島県,154
2024,山形県,埼玉県,152
2024,神奈川県,宮城県,152
2024,新潟県,宮城県,152
2024,石川県,神奈川県,150
2024,福井県,兵庫県,150
2024,山梨県,京都府,150
2024,石川県,兵庫県,149
2024,石川県,福井県,148
2024,岐阜県,富山県,148
2024,鹿児島県,長崎県,148
2024,栃木県,宮城県,147
2024,広島県,滋賀県,147
2024,長崎県,大阪府,147
2024,東京都,愛知県,146
2024,鳥取県,島根県,146
2024,鹿児島県,愛知県,145
2024,長野県,富山県,144
2024,愛知県,広島県,144
2024,大阪府,徳島県,144
2024,島根県,兵庫県,144
2024,香川県,徳島県,143
2024,福岡県,千葉県,143
2024,岩手県,埼玉県,142
2024,秋田県,神奈川県,142
2024,島根県,京都府,142
2024,熊本県,長崎県,142
2024,岩手県,千葉県,141
2024,秋田県,岩手県,141
2024,岐阜県,静岡県,141
2024,福岡県,宮崎県,141
2024,静岡県,滋賀県,140
2024,三重県,滋賀県,140
2024,滋賀県,東京都,140
2024,大阪府,福岡県,140
2024,埼玉県,京都府,139
2024,大阪府,広島県,139
2024,長野県,静岡県,137
2024,静岡県,石川県,137
2024,徳島県,高知県,137
2024,千葉県,愛知県,136
2024,長崎県,佐賀県,136
2024,北海道,福岡県,134
2024,鳥取県,東京都,134
2024,大分県,京都府,134
2024,北海道,静岡県,133
2024,兵庫県,島根県,133
2024,宮崎県,大阪府,133
2024,宮城県,新潟県,132
2024,島根県,山口県,132
2024,福岡県,埼玉県,132
2024,佐賀県,熊本県,132
2024,茨城県,静岡県,130
2024,山梨県,長野県,130
2024,秋田県,北海道,129
2024,奈良県,愛知県,129
2024,岡山県,鳥取県,129
2024,福岡県,愛知県,129
2024,愛媛県,山口県,128
2024,福岡県,滋賀県,128
2024,静岡県,茨城県,127
2024,山口県,神奈川県,127
2024,埼玉県,山梨県,126
2024,千葉県,群馬県,126
2024,長崎県,山口県,126
2024,三重県,神奈川県,125
2024,新潟県,京都府,124
2024,京都府,神奈川県,124
2024,東京都,大分県,123
2024,愛媛県,徳島県,123
2024,岩手県,秋田県,122
2024,秋田県,千葉県,122
2024,栃木県,新潟県,122
2024,兵庫県,愛媛県,122
2024,福岡県,岡山県,122
2024,奈良県,神奈川県,121
2024,神奈川県,大阪府,120
2024,大分県,広島県,120
2024,千葉県,宮城県,119
2024,東京都,福岡県,118
2024,群馬県,宮城県,117
2024,新潟県,長野県,117
2024,鹿児島県,埼玉県,116
2024,岩手県,山形県,115
2024,大分県,大阪府,115
2024,宮城県,栃木県,114
2024,山形県,福島県,114
2024,群馬県,京都府,114
2024,鹿児島県,千葉県,114
2024,愛媛県,香川県,113
2024,群馬県,石川県,112
2024,三重県,奈良県,112
2024,岡山県,高知県,112
2024,愛媛県,神奈川県,112
2024,高知県,徳島県,112
2024,山梨県,大阪府,111
2024,島根県,福岡県,111
2024,岐阜県,兵庫県,110
2024,兵庫県,和歌山県,109
2024,熊本県,大分県,109
2024,沖縄県,北海道,109
2024,静岡県,群馬県,108
2024,大阪府,鳥取県,108
2024,秋田県,埼玉県,107
2024,兵庫県,石川県,107
2024,長崎県,大分県,107
2024,熊本県,宮崎県,107
2024,愛知県,茨城県,106
2024,東京都,新潟県,105
2024,福井県,富山県,105
2024,岐阜県,長野県,105
2024,静岡県,岐阜県,104
2024,広島県,高知県,104
2024,香川県,高知県,104
2024,長崎県,京都府,104
2024,宮城県,京都府,103
2024,長野県,岐阜県,103
2024,熊本県,兵庫県,103
2024,群馬県,茨城県,102
2024,福井県,滋賀県,102
2024,京都府,愛知県,102
2024,宮崎県,神奈川県,102
2024,東京都,栃木県,101
2024,新潟県,北海道,101
2024,三重県,岐阜県,101
2024,京都府,北海道,101
2024,徳島県,広島県,101
2024,香川県,福岡県,101
2024,北海道,広島県,100
2024,栃木県,山形県,100
2024,新潟県,山形県,100
2024,岐阜県,福井県,100
2024,広島県,愛知県,100
2024,宮崎県,長崎県,100
2024,徳島県,香川県,99
2024,茨城県,新潟県,98
2024,茨城県,山梨県,98
2024,愛知県,山梨県,97
2024,岡山県,滋賀県,97
2024,静岡県,宮城県,96
2024,兵庫県,香川県,96
2024,徳島県,愛媛県,96
2024,愛媛県,愛知県,96
2024,熊本県,広島県,96
2024,北海道,群馬県,95
2024,千葉県,静岡県,95
2024,富山県,長野県,95
2024,岡山県,徳島県,95
2024,鹿児島県,山口県,95
2024,北海道,滋賀県,94
2024,富山県,千葉県,94
2024,愛知県,奈良県,94
2024,北海道,茨城県,93
2024,北海道,山梨県,93
2024,東京都,石川県,93
2024,大阪府,三重県,93
2024,和歌山県,奈良県,93
2024,高知県,香川県,93
2024,岩手県,群馬県,92
2024,神奈川県,愛知県,92
2024,富山県,福井県,92
2024,和歌山県,滋賀県,92
2024,長崎県,兵庫県,92
2024,埼玉県,大阪府,91
2024,広島県,千葉県,91
2024,北海道,石川県,90
2024,栃木県,北海道,90
2024,福島県,群馬県,89
2024,埼玉県,長野県,89
2024,静岡県,広島県,89
2024,三重県,静岡県,89
2024,新潟県,富山県,88
2024,石川県,滋賀県,88
2024,長崎県,広島県,88
2024,大分県,宮崎県,88
2024,大阪府,埼玉県,86
2024,香川県,神奈川県,86
2024,佐賀県,大分県,86
2024,茨城県,長野県,85
2024,群馬県,長野県,85
2024,長野県,北海道,85
2024,静岡県,三重県,85
2024,兵庫県,埼玉県,85
2024,兵庫県,静岡県,85
2024,高知県,広島県,85
2024,岩手県,福島県,84
2024,宮城県,秋田県,84
2024,岐阜県,千葉県,84
2024,広島県,香川県,84
2024,山口県,愛知県,84
2024,福岡県,北海道,84
2024,宮崎県,京都府,84
2024,沖縄県,広島県,84
2024,新潟県,大阪府,83
2024,富山県,埼玉県,83
2024,富山県,兵庫県,83
2024,静岡県,福岡県,83
2024,大阪府,高知県,83
2024,鹿児島県,大分県,83
2024,秋田県,山形県,82
2024,山形県,北海道,82
2024,大阪府,石川県,82
2024,島根県,鳥取県,82
2024,神奈川県,長野県,81
2024,滋賀県,岐阜県,81
2024,茨城県,兵庫県,80
2024,新潟県,福島県,80
2024,香川県,滋賀県,80
2024,埼玉県,福島県,79
2024,長野県,茨城県,79
2024,大阪府,千葉県,79
2024,長崎県,千葉県,79
2024,宮城県,茨城県,78
2024,茨城県,山形県,78
2024,京都府,広島県,78
2024,広島県,鳥取県,78
2024,長崎県,神奈川県,78
2024,北海道,長野県,77
2024,千葉県,山梨県,77
2024,滋賀県,石川県,77
2024,奈良県,北海道,77
2024,長崎県,鹿児島県,77
2024,熊本県,佐賀県,77
2024,沖縄県,岡山県,77
2024,栃木県,秋田県,76
2024,群馬県,北海道,76
2024,東京都,滋賀県,76
2024,神奈川県,群馬県,76
2024,長野県,宮城県,76
2024,和歌山県,愛知県,76
2024,高知県,神奈川県,75
2024,佐賀県,大阪府,75
2024,新潟県,栃木県,74
2024,石川県,新潟県,74
2024,静岡県,新潟県,74
2024,大分県,兵庫県,74
2024,鹿児島県,岡山県,74
2024,北海道,岩手県,73
2024,千葉県,大阪府,73
2024,東京都,秋田県,73
2024,大阪府,愛媛県,73
2024,兵庫県,千葉県,73
2024,佐賀県,山口県,73
2024,鹿児島県,沖縄県,73
2024,北海道,新潟県,72
2024,岩手県,栃木県,72
2024,宮城県,青森県,72
2024,福島県,北海道,72
2024,長野県,栃木県,72
2024,大阪府,大分県,72
2024,大分県,神奈川県,72
2024,新潟県,秋田県,71
2024,富山県,岐阜県,71
2024,福井県,神奈川県,71
2024,岐阜県,三重県,71
2024,熊本県,山口県,71
2024,青森県,山形県,70
2024,山形県,岩手県,70
2024,山形県,秋田県,70
2024,福島県,岩手県,70
2024,東京都,福島県,70
2024,佐賀県,京都府,70
2024,群馬県,山梨県,69
2024,新潟県,茨城県,69
2024,京都府,石川県,69
2024,京都府,福岡県,69
2024,宮崎県,広島県,69
2024,沖縄県,熊本県,69
2024,青森県,群馬県,68
2024,埼玉県,愛知県,68
2024,愛知県,宮城県,68
2024,宮城県,群馬県,67
2024,静岡県,福島県,67
2024,愛知県,岡山県,67
2024,三重県,石川県,67
2024,京都府,鳥取県,67
2024,長崎県,宮崎県,67
2024,熊本県,埼玉県,67
2024,熊本県,千葉県,67
2024,沖縄県,長崎県,67
2024,青森県,秋田県,66
2024,広島県,北海道,66
2024,香川県,愛知県,66
2024,宮崎県,兵庫県,66
2024,山形県,茨城県,65
2024,千葉県,栃木県,65
2024,東京都,山形県,65
2024,新潟県,愛知県,65
2024,青森県,福島県,64
2024,山梨県,兵庫県,64
2024,京都府,岡山県,64
2024,大阪府,静岡県,64
2024,宮崎県,千葉県,64
2024,宮崎県,山口県,64
2024,鹿児島県,佐賀県,64
2024,埼玉県,静岡県,63
2024,愛知県,鳥取県,63
2024,岡山県,千葉県,63
2024,宮城県,大阪府,62
2024,栃木県,山梨県,62
2024,栃木県,長野県,62
2024,神奈川県,兵庫県,62
2024,神奈川県,福岡県,62
2024,長野県,兵庫県,62
2024,静岡県,秋田県,62
2024,岡山県,埼玉県,62
2024,山口県,長崎県,62
2024,沖縄県,徳島県,62
2024,宮城県,愛知県,61
2024,栃木県,静岡県,61
2024,新潟県,山梨県,61
2024,福井県,岐阜県,61
2024,静岡県,山形県,61
2024,静岡県,奈良県,61
2024,三重県,長野県,61
2024,沖縄県,大分県,61
2024,群馬県,福島県,60
2024,埼玉県,新潟県,60
2024,大阪府,長野県,60
2024,兵庫県,長野県,60
2024,奈良県,和歌山県,59
2024,愛媛県,滋賀県,59
2024,大分県,岡山県,59
2024,北海道,栃木県,58
2024,石川県,長野県,58
2024,滋賀県,奈良県,58
2024,和歌山県,徳島県,58
2024,広島県,埼玉県,58
2024,山口県,滋賀県,58
2024,高知県,愛知県,58
2024,岩手県,新潟県,57
2024,群馬県,大阪府,57
2024,石川県,埼玉県,57
2024,愛知県,群馬県,57
2024,京都府,福井県,57
2024,山形県,栃木県,56
2024,栃木県,大阪府,56
2024,神奈川県,石川県,56
2024,石川県,千葉県,56
2024,愛知県,高知県,56
2024,宮城県,静岡県,55
2024,山形県,青森県,55
2024,神奈川県,大分県,55
2024,愛媛県,島根県,55
2024,北海道,岡山県,54
2024,青森県,新潟県,54
2024,栃木県,京都府,54
2024,石川県,北海道,54
2024,福井県,千葉県,54
2024,静岡県,栃木県,54
2024,静岡県,岡山県,54
2024,愛知県,秋田県,54
2024,岡山県,北海道,54
2024,広島県,長崎県,54
2024,山口県,大分県,54
2024,福岡県,沖縄県,54
2024,沖縄県,鹿児島県,54
2024,東京都,青森県,53
2024,静岡県,山口県,53
2024,三重県,広島県,53
2024,大阪府,岐阜県,53
2024,奈良県,広島県,53
2024,岡山県,奈良県,53
2024,山口県,熊本県,53
2024,佐賀県,広島県,53
2024,長崎県,岡山県,53
2024,沖縄県,茨城県,53
2024,沖縄県,岐阜県,53
2024,北海道,沖縄県,52
2024,宮城県,兵庫県,52
2024,福島県,山梨県,52
2024,長野県,滋賀県,52
2024,奈良県,千葉県,52
2024,愛媛県,千葉県,52
2024,沖縄県,山口県,52
2024,北海道,山形県,51
2024,青森県,茨城県,51
2024,福島県,秋田県,51
2024,富山県,滋賀県,51
2024,岐阜県,埼玉県,51
2024,愛知県,新潟県,51
2024,奈良県,三重県,51
2024,島根県,愛媛県,51
2024,香川県,奈良県,51
2024,佐賀県,神奈川県,51
2024,大分県,佐賀県,51
2024,北海道,秋田県,50
2024,山形県,群馬県,50
2024,山梨県,北海道,50
2024,岐阜県,広島県,50
2024,大阪府,宮城県,50
2024,島根県,神奈川県,50
2024,愛媛県,大分県,50
2024,秋田県,福島県,49
2024,埼玉県,石川県,49
2024,静岡県,富山県,49
2024,滋賀県,神奈川県,49
2024,大阪府,茨城県,49
2024,大阪府,山口県,49
2024,和歌山県,神奈川県,49
2024,熊本県,愛知県,49
2024,熊本県,岡山県,49
2024,岩手県,山梨県,48
2024,千葉県,長野県,48
2024,東京都,鹿児島県,48
2024,神奈川県,新潟県,48
2024,愛知県,山口県,48
2024,高知県,福岡県,48
2024,佐賀県,兵庫県,48
2024,神奈川県,栃木県,47
2024,新潟県,兵庫県,47
2024,富山県,山梨県,47
2024,岐阜県,北海道,47
2024,京都府,静岡県,47
2024,鳥取県,山口県,47
2024,徳島県,神奈川県,47
2024,沖縄県,静岡県,47
2024,青森県,栃木県,46
2024,茨城県,秋田県,46
2024,群馬県,愛知県,46
2024,東京都,富山県,46
2024,広島県,静岡県,46
2024,広島県,鹿児島県,46
2024,徳島県,福岡県,46
2024,京都府,徳島県,45
2024,大阪府,福井県,45
2024,大阪府,香川県,45
2024,大分県,鹿児島県,45
2024,茨城県,石川県,44
2024,千葉県,福岡県,44
2024,三重県,北海道,44
2024,大阪府,島根県,44
2024,兵庫県,宮城県,44
2024,和歌山県,岡山県,44
2024,鳥取県,福岡県,44
2024,広島県,沖縄県,44
2024,新潟県,静岡県,43
2024,三重県,千葉県,43
2024,三重県,福岡県,43
2024,兵庫県,大分県,43
2024,愛媛県,埼玉県,43
2024,愛媛県,奈良県,43
2024,福岡県,茨城県,43
2024,宮崎県,佐賀県,43
2024,秋田県,茨城県,42
2024,秋田県,群馬県,42
2024,東京都,岩手県,42
2024,三重県,埼玉県,42
2024,京都府,大分県,42
2024,大阪府,沖縄県,42
2024,岡山県,石川県,42
2024,長崎県,沖縄県,42
2024,大分県,愛知県,42
2024,茨城県,福岡県,41
2024,千葉県,石川県,41
2024,東京都,岡山県,41
2024,山梨県,福岡県,41
2024,奈良県,福岡県,41
2024,広島県,徳島県,41
2024,沖縄県,滋賀県,41
2024,群馬県,山形県,40
2024,東京都,沖縄県,40
2024,富山県,群馬県,40
2024,福井県,広島県,40
2024,京都府,千葉県,40
2024,大阪府,秋田県,40
2024,兵庫県,三重県,40
2024,和歌山県,広島県,40
2024,島根県,愛知県,40
2024,山口県,千葉県,40
2024,佐賀県,埼玉県,40
2024,長崎県,愛知県,40
2024,大分県,千葉県,40
2024,宮崎県,岡山県,40
2024,千葉県,新潟県,39
2024,富山県,北海道,39
2024,愛知県,島根県,39
2024,京都府,高知県,39
2024,兵庫県,長崎県,39
2024,奈良県,埼玉県,39
2024,広島県,奈良県,39
2024,香川県,山口県,39
2024,福岡県,奈良県,39
2024,佐賀県,鹿児島県,39
2024,長崎県,埼玉県,39
2024,大分県,高知県,39
2024,宮城県,山梨県,38
2024,栃木県,岩手県,38
2024,栃木県,石川県,38
2024,富山県,茨城県,38
2024,石川県,群馬県,38
2024,福井県,新潟県,38
2024,福井県,静岡県,38
2024,山梨県,茨城県,38
2024,山梨県,石川県,38
2024,京都府,埼玉県,38
2024,広島県,大分県,38
2024,高知県,千葉県,38
2024,秋田県,栃木県,37
2024,千葉県,兵庫県,37
2024,東京都,高知県,37
2024,神奈川県,秋田県,37
2024,神奈川県,滋賀県,37
2024,石川県,岐阜県,37
2024,山梨県,宮城県,37
2024,岐阜県,群馬県,37
2024,岐阜県,奈良県,37
2024,滋賀県,広島県,37
2024,岡山県,長崎県,37
2024,山口県,埼玉県,37
2024,徳島県,山口県,37
2024,香川県,千葉県,37
2024,大分県,埼玉県,37
2024,北海道,奈良県,36
2024,福島県,京都府,36
2024,群馬県,静岡県,36
2024,埼玉県,秋田県,36
2024,福井県,長野県,36
2024,静岡県,島根県,36
2024,愛知県,愛媛県,36
2024,京都府,長野県,36
2024,京都府,島根県,36
2024,兵庫県,茨城県,36
2024,鳥取県,神奈川県,36
2024,鳥取県,滋賀県,36
2024,広島県,茨城県,36
2024,徳島県,愛知県,36
2024,高知県,滋賀県,36
2024,沖縄県,宮崎県,36
2024,青森県,京都府,35
2024,岩手県,京都府,35
2024,秋田県,京都府,35
2024,福島県,青森県,35
2024,千葉県,福島県,35
2024,静岡県,沖縄県,35
2024,滋賀県,福井県,35
2024,和歌山県,鳥取県,35
2024,山口県,愛媛県,35
2024,福岡県,愛媛県,35
2024,宮崎県,埼玉県,35
2024,宮崎県,愛知県,35
2024,福島県,静岡県,34
2024,埼玉県,兵庫県,34
2024,埼玉県,福岡県,34
2024,富山県,宮城県,34
2024,石川県,宮城県,34
2024,福井県,埼玉県,34
2024,静岡県,高知県,34
2024,京都府,山口県,34
2024,兵庫県,富山県,34
2024,兵庫県,沖縄県,34
2024,山口県,島根県,34
2024,徳島県,滋賀県,34
2024,愛媛県,山梨県,34
2024,福岡県,高知県,34
2024,沖縄県,奈良県,34
2024,北海道,福島県,33
2024,宮城県,石川県,33
2024,群馬県,秋田県,33
2024,埼玉県,山形県,33
2024,東京都,広島県,33
2024,岐阜県,新潟県,33
2024,愛知県,山形県,33
2024,愛知県,沖縄県,33
2024,京都府,三重県,33
2024,和歌山県,三重県,33
2024,福岡県,島根県,33
2024,佐賀県,愛知県,33
2024,大分県,滋賀県,33
2024,鹿児島県,滋賀県,33
2024,北海道,富山県,32
2024,岩手県,茨城県,32
2024,山形県,大阪府,32
2024,茨城県,奈良県,32
2024,茨城県,広島県,32
2024,栃木県,青森県,32
2024,栃木県,愛知県,32
2024,富山県,静岡県,32
2024,岐阜県,山梨県,32
2024,愛知県,鹿児島県,32
2024,三重県,茨城県,32
2024,滋賀県,岡山県,32
2024,京都府,富山県,32
2024,奈良県,宮城県,32
2024,島根県,奈良県,32
2024,愛媛県,北海道,32
2024,福岡県,石川県,32
2024,熊本県,滋賀県,32
2024,宮崎県,沖縄県,32
2024,沖縄県,宮城県,32
2024,東京都,愛媛県,31
2024,東京都,長崎県,31
2024,富山県,広島県,31
2024,長野県,福井県,31
2024,岐阜県,茨城県,31
2024,愛知県,大分県,31
2024,愛知県,宮崎県,31
2024,和歌山県,高知県,31
2024,広島県,宮崎県,31
2024,宮崎県,静岡県,31
2024,青森県,大阪府,30
2024,山形県,京都府,30
2024,福島県,石川県,30
2024,群馬県,富山県,30
2024,埼玉県,岩手県,30
2024,埼玉県,富山県,30
2024,千葉県,滋賀県,30
2024,富山県,奈良県,30
2024,石川県,静岡県,30
2024,福井県,北海道,30
2024,長野県,山形県,30
2024,長野県,福島県,30
2024,静岡県,鳥取県,30
2024,愛知県,長崎県,30
2024,三重県,富山県,30
2024,三重県,福井県,30
2024,鳥取県,愛媛県,30
2024,愛媛県,静岡県,30
2024,鹿児島県,静岡県,30
2024,沖縄県,山梨県,30
2024,沖縄県,香川県,30
2024,沖縄県,愛媛県,30
2024,青森県,愛知県,29
2024,福島県,大阪府,29
2024,山梨県,栃木県,29
2024,山梨県,群馬県,29
2024,山梨県,新潟県,29
2024,岐阜県,岡山県,29
2024,静岡県,福井県,29
2024,京都府,愛媛県,29
2024,大阪府,長崎県,29
2024,大阪府,鹿児島県,29
2024,兵庫県,鹿児島県,29
2024,和歌山県,福岡県,29
2024,島根県,千葉県,29
2024,広島県,熊本県,29
2024,徳島県,鳥取県,29
2024,愛媛県,沖縄県,29
2024,鹿児島県,宮城県,29
2024,茨城県,岩手県,28
2024,新潟県,岩手県,28
2024,石川県,福岡県,28
2024,長野県,奈良県,28
2024,三重県,岡山県,28
2024,滋賀県,北海道,28
2024,京都府,香川県,28
2024,大阪府,山梨県,28
2024,兵庫県,福井県,28
2024,兵庫県,山梨県,28
2024,奈良県,岡山県,28
2024,岡山県,静岡県,28
2024,香川県,埼玉県,28
2024,福岡県,静岡県,28
2024,佐賀県,宮崎県,28
2024,沖縄県,石川県,28
2024,秋田県,大阪府,27
2024,神奈川県,山形県,27
2024,滋賀県,静岡県,27
2024,兵庫県,秋田県,27
2024,兵庫県,岐阜県,27
2024,奈良県,静岡県,27
2024,鳥取県,高知県,27
2024,岡山県,茨城県,27
2024,岡山県,大分県,27
2024,広島県,宮城県,27
2024,鹿児島県,茨城県,27
2024,北海道,岐阜県,26
2024,北海道,山口県,26
2024,山形県,石川県,26
2024,新潟県,青森県,26
2024,石川県,広島県,26
2024,長野県,三重県,26
2024,静岡県,長崎県,26
2024,愛知県,和歌山県,26
2024,三重県,和歌山県,26
2024,滋賀県,福岡県,26
2024,大阪府,宮崎県,26
2024,兵庫県,新潟県,26
2024,兵庫県,宮崎県,26
2024,岡山県,山梨県,26
2024,高知県,埼玉県,26
2024,佐賀県,岡山県,26
2024,山形県,山梨県,25
2024,群馬県,兵庫県,25
2024,千葉県,大分県,25
2024,長野県,広島県,25
2024,長野県,福岡県,25
2024,静岡県,愛媛県,25
2024,広島県,山梨県,25
2024,長崎県,滋賀県,25
2024,熊本県,茨城県,25
2024,熊本県,沖縄県,25
2024,鹿児島県,愛媛県,25
2024,北海道,鹿児島県,24
2024,茨城県,滋賀県,24
2024,東京都,奈良県,24
2024,東京都,熊本県,24
2024,東京都,宮崎県,24
2024,石川県,山梨県,24
2024,福井県,茨城県,24
2024,福井県,岡山県,24
2024,静岡県,青森県,24
2024,愛知県,栃木県,24
2024,三重県,鳥取県,24
2024,滋賀県,三重県,24
2024,京都府,岐阜県,24
2024,京都府,和歌山県,24
2024,大阪府,富山県,24
2024,和歌山県,山口県,24
2024,鳥取県,愛知県,24
2024,広島県,石川県,24
2024,山口県,静岡県,24
2024,山口県,奈良県,24
2024,徳島県,山梨県,24
2024,鹿児島県,岐阜県,24
2024,青森県,静岡県,23
2024,岩手県,愛知県,23
2024,岩手県,大阪府,23
2024,秋田県,石川県,23
2024,東京都,岐阜県,23
2024,神奈川県,福島県,23
2024,山梨県,広島県,23
2024,三重県,高知県,23
2024,大阪府,新潟県,23
2024,愛媛県,長崎県,23
2024,佐賀県,千葉県,23
2024,大分県,愛媛県,23
2024,大分県,沖縄県,23
2024,宮城県,福岡県,22
2024,福島県,長野県,22
2024,茨城県,青森県,22
2024,千葉県,山形県,22
2024,千葉県,富山県,22
2024,石川県,奈良県,22
2024,岐阜県,高知県,22
2024,三重県,山口県,22
2024,島根県,埼玉県,22
2024,愛媛県,鳥取県,22
2024,福岡県,山梨県,22
2024,大分県,茨城県,22
2024,鹿児島県,新潟県,22
2024,北海道,愛媛県,21
2024,青森県,山梨県,21
2024,秋田県,山梨県,21
2024,茨城県,岡山県,21
2024,群馬県,岩手県,21
2024,神奈川県,広島県,21
2024,新潟県,岐阜県,21
2024,福井県,福岡県,21
2024,山梨県,奈良県,21
2024,岐阜県,鳥取県,21
2024,愛知県,香川県,21
2024,大阪府,熊本県,21
2024,岡山県,宮城県,21
2024,岡山県,和歌山県,21
2024,広島県,岐阜県,21
2024,香川県,茨城県,21
2024,高知県,奈良県,21
2024,長崎県,高知県,21
2024,鹿児島県,群馬県,21
2024,鹿児島県,山梨県,21
2024,沖縄県,栃木県,21
2024,沖縄県,群馬県,21
2024,青森県,石川県,20
2024,宮城県,長野県,20
2024,栃木県,福岡県,20
2024,埼玉県,広島県,20
2024,埼玉県,大分県,20
2024,東京都,島根県,20
2024,神奈川県,青森県,20
2024,神奈川県,沖縄県,20
2024,石川県,茨城県,20
2024,福井県,群馬県,20
2024,福井県,奈良県,20
2024,長野県,秋田県,20
2024,岐阜県,山口県,20
2024,岐阜県,福岡県,20
2024,静岡県,岩手県,20
2024,静岡県,鹿児島県,20
2024,愛知県,福島県,20
2024,滋賀県,長野県,20
2024,奈良県,山口県,20
2024,和歌山県,北海道,20
2024,和歌山県,茨城県,20
2024,和歌山県,石川県,20
2024,鳥取県,埼玉県,20
2024,鳥取県,奈良県,20
2024,鳥取県,香川県,20
2024,島根県,北海道,20
2024,島根県,徳島県,20
2024,岡山県,熊本県,20
2024,徳島県,奈良県,20
2024,徳島県,島根県,20
2024,香川県,北海道,20
2024,愛媛県,宮崎県,20
2024,高知県,山口県,20
2024,長崎県,北海道,20
2024,熊本県,北海道,20
2024,鹿児島県,北海道,20
2024,鹿児島県,栃木県,20
2024,沖縄県,新潟県,20
2024,北海道,大分県,19
2024,岩手県,長野県,19
2024,岩手県,静岡県,19
2024,茨城県,沖縄県,19
2024,埼玉県,沖縄県,19
2024,東京都,鳥取県,19
2024,東京都,山口県,19
2024,神奈川県,富山県,19
2024,新潟県,福井県,19
2024,福井県,山梨県,19
2024,山梨県,福島県,19
2024,山梨県,岐阜県,19
2024,山梨県,滋賀県,19
2024,静岡県,大分県,19
2024,愛知県,徳島県,19
2024,三重県,山梨県,19
2024,京都府,新潟県,19
2024,奈良県,高知県,19
2024,和歌山県,静岡県,19
2024,島根県,熊本県,19
2024,島根県,大分県,19
2024,岡山県,宮崎県,19
2024,山口県,北海道,19
2024,福岡県,宮城県,19
2024,福岡県,群馬県,19
2024,福岡県,岐阜県,19
2024,佐賀県,滋賀県,19
2024,佐賀県,沖縄県,19
2024,長崎県,島根県,19
2024,鹿児島県,奈良県,19
2024,沖縄県,長野県,19
2024,北海道,高知県,18
2024,岩手県,石川県,18
2024,栃木県,富山県,18
2024,千葉県,秋田県,18
2024,神奈川県,岩手県,18
2024,山梨県,熊本県,18
2024,岐阜県,鹿児島県,18
2024,静岡県,宮崎県,18
2024,滋賀県,富山県,18
2024,京都府,沖縄県,18
2024,奈良県,徳島県,18
2024,鳥取県,茨城県,18
2024,島根県,高知県,18
2024,岡山県,新潟県,18
2024,岡山県,岐阜県,18
2024,山口県,茨城県,18
2024,山口県,鹿児島県,18
2024,徳島県,北海道,18
2024,徳島県,埼玉県,18
2024,徳島県,静岡県,18
2024,香川県,島根県,18
2024,福岡県,鳥取県,18
2024,大分県,奈良県,18
2024,北海道,長崎県,17
2024,北海道,熊本県,17
2024,宮城県,滋賀県,17
2024,山形県,富山県,17
2024,山形県,長野県,17
2024,山形県,静岡県,17
2024,群馬県,福岡県,17
2024,東京都,香川県,17
2024,神奈川県,山口県,17
2024,長野県,沖縄県,17
2024,静岡県,徳島県,17
2024,大阪府,栃木県,17
2024,兵庫県,熊本県,17
2024,奈良県,愛媛県,17
2024,和歌山県,山梨県,17
2024,鳥取県,石川県,17
2024,岡山県,鹿児島県,17
2024,広島県,新潟県,17
2024,山口県,宮崎県,17
2024,香川県,鳥取県,17
2024,愛媛県,鹿児島県,17
2024,福岡県,長野県,17
2024,熊本県,静岡県,17
2024,宮崎県,奈良県,17
2024,鹿児島県,石川県,17
2024,沖縄県,高知県,17
2024,茨城県,愛媛県,16
2024,茨城県,高知県,16
2024,茨城県,鹿児島県,16
2024,群馬県,青森県,16
2024,埼玉県,滋賀県,16
2024,埼玉県,奈良県,16
2024,埼玉県,岡山県,16
2024,千葉県,青森県,16
2024,神奈川県,岐阜県,16
2024,山梨県,岡山県,16
2024,長野県,鳥取県,16
2024,静岡県,香川県,16
2024,三重県,群馬県,16
2024,奈良県,茨城県,16
2024,奈良県,石川県,16
2024,和歌山県,千葉県,16
2024,和歌山県,長野県,16
2024,鳥取県,徳島県,16
2024,岡山県,群馬県,16
2024,徳島県,千葉県,16
2024,愛媛県,熊本県,16
2024,福岡県,和歌山県,16
2024,長崎県,石川県,16
2024,宮崎県,茨城県,16
2024,鹿児島県,高知県,16
2024,秋田県,富山県,15
2024,秋田県,兵庫県,15
2024,山形県,愛知県,15
2024,福島県,愛知県,15
2024,福島県,兵庫県,15
2024,茨城県,富山県,15
2024,茨城県,大分県,15
2024,栃木県,兵庫県,15
2024,埼玉県,岐阜県,15
2024,千葉県,鹿児島県,15
2024,東京都,福井県,15
2024,富山県,栃木県,15
2024,岐阜県,島根県,15
2024,岐阜県,大分県,15
2024,静岡県,熊本県,15
2024,愛知県,青森県,15
2024,三重県,宮城県,15
2024,滋賀県,千葉県,15
2024,滋賀県,高知県,15
2024,京都府,鹿児島県,15
2024,島根県,石川県,15
2024,島根県,香川県,15
2024,広島県,和歌山県,15
2024,山口県,香川県,15
2024,山口県,沖縄県,15
2024,長崎県,奈良県,15
2024,大分県,島根県,15
2024,宮崎県,北海道,15
2024,鹿児島県,長野県,15
2024,北海道,三重県,14
2024,北海道,鳥取県,14
2024,北海道,宮崎県,14
2024,群馬県,滋賀県,14
2024,群馬県,沖縄県,14
2024,埼玉県,愛媛県,14
2024,埼玉県,長崎県,14
2024,千葉県,奈良県,14
2024,神奈川県,奈良県,14
2024,山梨県,富山県,14
2024,長野県,高知県,14
2024,愛知県,岩手県,14
2024,三重県,徳島県,14
2024,京都府,宮城県,14
2024,京都府,山梨県,14
2024,奈良県,鳥取県,14
2024,和歌山県,福井県,14
2024,鳥取県,千葉県,14
2024,島根県,滋賀県,14
2024,山口県,佐賀県,14
2024,徳島県,茨城県,14
2024,香川県,静岡県,14
2024,愛媛県,群馬県,14
2024,熊本県,群馬県,14
2024,熊本県,奈良県,14
2024,北海道,福井県,13
2024,北海道,徳島県,13
2024,北海道,香川県,13
2024,青森県,長野県,13
2024,青森県,兵庫県,13
2024,宮城県,奈良県,13
2024,秋田県,愛知県,13
2024,茨城県,長崎県,13
2024,栃木県,広島県,13
2024,埼玉県,高知県,13
2024,千葉県,愛媛県,13
2024,千葉県,熊本県,13
2024,千葉県,沖縄県,13
2024,神奈川県,愛媛県,13
2024,神奈川県,熊本県,13
2024,新潟県,奈良県,13
2024,石川県,栃木県,13
2024,石川県,岡山県,13
2024,福井県,鳥取県,13
2024,岐阜県,秋田県,13
2024,岐阜県,愛媛県,13
2024,三重県,大分県,13
2024,三重県,沖縄県,13
2024,京都府,茨城県,13
2024,京都府,長崎県,13
2024,兵庫県,群馬県,13
2024,奈良県,長野県,13
2024,奈良県,岐阜県,13
2024,和歌山県,埼玉県,13
2024,和歌山県,岐阜県,13
2024,鳥取県,北海道,13
2024,鳥取県,大分県,13
2024,島根県,長崎県,13
2024,岡山県,山形県,13
2024,岡山県,長野県,13
2024,岡山県,三重県,13
2024,岡山県,沖縄県,13
2024,広島県,佐賀県,13
2024,山口県,鳥取県,13
2024,山口県,徳島県,13
2024,香川県,石川県,13
2024,香川県,山梨県,13
2024,愛媛県,茨城県,13
2024,愛媛県,栃木県,13
2024,高知県,静岡県,13
2024,佐賀県,茨城県,13
2024,長崎県,茨城県,13
2024,長崎県,鳥取県,13
2024,宮崎県,島根県,13
2024,宮崎県,高知県,13
2024,鹿児島県,徳島県,13
2024,茨城県,山口県,12
2024,埼玉県,青森県,12
2024,千葉県,長崎県,12
2024,東京都,徳島県,12
2024,神奈川県,鹿児島県,12
2024,富山県,福岡県,12
2024,岐阜県,宮城県,12
2024,岐阜県,栃木県,12
2024,静岡県,和歌山県,12
2024,三重県,新潟県,12
2024,三重県,島根県,12
2024,兵庫県,岩手県,12
2024,奈良県,大分県,12
2024,和歌山県,島根県,12
2024,岡山県,栃木県,12
2024,岡山県,佐賀県,12
2024,広島県,群馬県,12
2024,山口県,新潟県,12
2024,山口県,山梨県,12
2024,香川県,和歌山県,12
2024,香川県,長崎県,12
2024,香川県,大分県,12
2024,長崎県,新潟県,12
2024,長崎県,山梨県,12
2024,長崎県,愛媛県,12
2024,熊本県,宮城県,12
2024,熊本県,島根県,12
2024,大分県,北海道,12
2024,宮崎県,岐阜県,12
2024,沖縄県,島根県,12
2024,北海道,島根県,11
2024,秋田県,長野県,11
2024,栃木県,沖縄県,11
2024,群馬県,広島県,11
2024,埼玉県,宮崎県,11
2024,千葉県,広島県,11
2024,東京都,和歌山県,11
2024,神奈川県,岡山県,11
2024,神奈川県,高知県,11
2024,新潟県,沖縄県,11
2024,富山県,秋田県,11
2024,富山県,岡山県,11
2024,石川県,鳥取県,11
2024,石川県,沖縄県,11
2024,長野県,岡山県,11
2024,長野県,大分県,11
2024,岐阜県,福島県,11
2024,岐阜県,長崎県,11
2024,岐阜県,沖縄県,11
2024,滋賀県,宮城県,11
2024,滋賀県,茨城県,11
2024,滋賀県,山梨県,11
2024,滋賀県,山口県,11
2024,鳥取県,静岡県,11
2024,徳島県,石川県,11
2024,徳島県,和歌山県,11
2024,愛媛県,岐阜県,11
2024,高知県,茨城県,11
2024,高知県,栃木県,11
2024,高知県,鹿児島県,11
2024,福岡県,新潟県,11
2024,佐賀県,高知県,11
2024,長崎県,岐阜県,11
2024,熊本県,愛媛県,11
2024,熊本県,高知県,11
2024,大分県,岐阜県,11
2024,宮崎県,愛媛県,11
2024,鹿児島県,香川県,11
2024,沖縄県,福島県,11
2024,沖縄県,福井県,11
2024,沖縄県,鳥取県,11
2024,北海道,和歌山県,10
2024,宮城県,岐阜県,10
2024,山形県,滋賀県,10
2024,栃木県,奈良県,10
2024,埼玉県,鹿児島県,10
2024,千葉県,岐阜県,10
2024,神奈川県,三重県,10
2024,神奈川県,宮崎県,10
2024,新潟県,滋賀県,10
2024,新潟県,岡山県,10
2024,新潟県,広島県,10
2024,新潟県,福岡県,10
2024,富山県,福島県,10
2024,富山県,鳥取県,10
2024,山梨県,三重県,10
2024,京都府,秋田県,10
2024,大阪府,岩手県,10
2024,兵庫県,福島県,10
2024,奈良県,富山県,10
2024,鳥取県,山梨県,10
2024,鳥取県,長崎県,10
2024,島根県,茨城県,10
2024,島根県,山梨県,10
2024,広島県,長野県,10
2024,山口県,石川県,10
2024,徳島県,大分県,10
2024,愛媛県,石川県,10
2024,愛媛県,和歌山県,10
2024,高知県,北海道,10
2024,福岡県,秋田県,10
2024,福岡県,三重県,10
2024,大分県,群馬県,10
2024,大分県,静岡県,10
2024,大分県,鳥取県,10
2024,大分県,徳島県,10
2024,宮崎県,山梨県,10
2024,鹿児島県,三重県,10
2024,鹿児島県,鳥取県,10
2024,鹿児島県,島根県,10
2024,沖縄県,和歌山県,10
2024,岩手県,沖縄県,9
2024,宮城県,沖縄県,9
2024,茨城県,岐阜県,9
2024,群馬県,奈良県,9
2024,千葉県,岩手県,9
2024,千葉県,岡山県,9
2024,富山県,三重県,9
2024,福井県,宮城県,9
2024,長野県,青森県,9
2024,長野県,岩手県,9
2024,長野県,愛媛県,9
2024,長野県,長崎県,9
2024,三重県,栃木県,9
2024,三重県,愛媛県,9
2024,滋賀県,大分県,9
2024,大阪府,群馬県,9
2024,兵庫県,栃木県,9
2024,奈良県,群馬県,9
2024,和歌山県,愛媛県,9
2024,和歌山県,鹿児島県,9
2024,鳥取県,沖縄県,9
2024,島根県,岐阜県,9
2024,島根県,静岡県,9
2024,島根県,鹿児島県,9
2024,広島県,富山県,9
2024,広島県,福井県,9
2024,徳島県,栃木県,9
2024,香川県,宮城県,9
2024,愛媛県,長野県,9
2024,高知県,岐阜県,9
2024,高知県,大分県,9
2024,福岡県,栃木県,9
2024,福岡県,徳島県,9
2024,福岡県,香川県,9
2024,佐賀県,静岡県,9
2024,佐賀県,奈良県,9
2024,長崎県,静岡県,9
2024,長崎県,香川県,9
2024,熊本県,山梨県,9
2024,大分県,長野県,9
2024,宮崎県,群馬県,9
2024,沖縄県,青森県,9
2024,沖縄県,山形県,9
2024,沖縄県,三重県,9
2024,沖縄県,佐賀県,9
2024,岩手県,兵庫県,8
2024,宮城県,富山県,8
2024,宮城県,広島県,8
2024,山形県,兵庫県,8
2024,福島県,滋賀県,8
2024,福島県,沖縄県,8
2024,茨城県,福井県,8
2024,茨城県,宮崎県,8
2024,栃木県,岐阜県,8
2024,栃木県,滋賀県,8
2024,栃木県,山口県,8
2024,栃木県,鹿児島県,8
2024,群馬県,福井県,8
2024,埼玉県,鳥取県,8
2024,埼玉県,島根県,8
2024,千葉県,山口県,8
2024,千葉県,高知県,8
2024,東京都,三重県,8
2024,神奈川県,福井県,8
2024,神奈川県,島根県,8
2024,神奈川県,徳島県,8
2024,神奈川県,長崎県,8
2024,富山県,長崎県,8
2024,石川県,秋田県,8
2024,石川県,山形県,8
2024,石川県,徳島県,8
2024,福井県,和歌山県,8
2024,山梨県,大分県,8
2024,長野県,和歌山県,8
2024,岐阜県,和歌山県,8
2024,愛知県,熊本県,8
2024,三重県,秋田県,8
2024,三重県,宮崎県,8
2024,滋賀県,埼玉県,8
2024,滋賀県,徳島県,8
2024,京都府,栃木県,8
2024,京都府,群馬県,8
2024,奈良県,新潟県,8
2024,奈良県,島根県,8
2024,和歌山県,富山県,8
2024,和歌山県,香川県,8
2024,和歌山県,大分県,8
2024,鳥取県,長野県,8
2024,鳥取県,和歌山県,8
2024,徳島県,岐阜県,8
2024,香川県,新潟県,8
2024,香川県,長野県,8
2024,香川県,沖縄県,8
2024,愛媛県,宮城県,8
2024,高知県,和歌山県,8
2024,佐賀県,島根県,8
2024,長崎県,長野県,8
2024,宮崎県,三重県,8
2024,宮崎県,香川県,8
2024,沖縄県,岩手県,8
2024,沖縄県,富山県,8
2024,青森県,岐阜県,7
2024,宮城県,熊本県,7
2024,秋田県,静岡県,7
2024,秋田県,滋賀県,7
2024,山形県,岐阜県,7
2024,福島県,奈良県,7
2024,福島県,高知県,7
2024,茨城県,鳥取県,7
2024,栃木県,高知県,7
2024,栃木県,長崎県,7
2024,群馬県,岡山県,7
2024,埼玉県,熊本県,7
2024,千葉県,三重県,7
2024,千葉県,鳥取県,7
2024,千葉県,島根県,7
2024,神奈川県,和歌山県,7
2024,富山県,山形県,7
2024,富山県,和歌山県,7
2024,石川県,山口県,7
2024,福井県,三重県,7
2024,福井県,高知県,7
2024,山梨県,秋田県,7
2024,長野県,島根県,7
2024,長野県,山口県,7
2024,長野県,宮崎県,7
2024,岐阜県,山形県,7
2024,岐阜県,徳島県,7
2024,愛知県,佐賀県,7
2024,滋賀県,鳥取県,7
2024,滋賀県,沖縄県,7
2024,大阪府,山形県,7
2024,大阪府,福島県,7
2024,奈良県,福井県,7
2024,奈良県,香川県,7
2024,奈良県,沖縄県,7
2024,和歌山県,新潟県,7
2024,島根県,和歌山県,7
2024,島根県,宮崎県,7
2024,島根県,沖縄県,7
2024,岡山県,富山県,7
2024,岡山県,福井県,7
2024,広島県,栃木県,7
2024,徳島県,群馬県,7
2024,徳島県,長崎県,7
2024,香川県,群馬県,7
2024,愛媛県,新潟県,7
2024,高知県,山梨県,7
2024,福岡県,富山県,7
2024,佐賀県,石川県,7
2024,長崎県,秋田県,7
2024,長崎県,群馬県,7
2024,長崎県,三重県,7
2024,熊本県,石川県,7
2024,熊本県,岐阜県,7
2024,熊本県,鳥取県,7
2024,宮崎県,滋賀県,7
2024,沖縄県,秋田県,7
2024,北海道,佐賀県,6
2024,青森県,福岡県,6
2024,福島県,富山県,6
2024,茨城県,熊本県,6
2024,栃木県,愛媛県,6
2024,栃木県,大分県,6
2024,埼玉県,福井県,6
2024,埼玉県,三重県,6
2024,埼玉県,徳島県,6
2024,神奈川県,鳥取県,6
2024,富山県,沖縄県,6
2024,石川県,三重県,6
2024,石川県,愛媛県,6
2024,石川県,大分県,6
2024,福井県,島根県,6
2024,福井県,山口県,6
2024,福井県,愛媛県,6
2024,福井県,鹿児島県,6
2024,福井県,沖縄県,6
2024,山梨県,和歌山県,6
2024,山梨県,沖縄県,6
2024,長野県,熊本県,6
2024,長野県,鹿児島県,6
2024,岐阜県,青森県,6
2024,岐阜県,香川県,6
2024,三重県,香川県,6
2024,三重県,長崎県,6
2024,滋賀県,香川県,6
2024,滋賀県,長崎県,6
2024,滋賀県,鹿児島県,6
2024,大阪府,青森県,6
2024,大阪府,佐賀県,6
2024,兵庫県,佐賀県,6
2024,奈良県,山梨県,6
2024,奈良県,長崎県,6
2024,奈良県,鹿児島県,6
2024,和歌山県,長崎県,6
2024,和歌山県,宮崎県,6
2024,和歌山県,沖縄県,6
2024,広島県,三重県,6
2024,山口県,栃木県,6
2024,山口県,群馬県,6
2024,山口県,長野県,6
2024,山口県,高知県,6
2024,香川県,岐阜県,6
2024,愛媛県,福島県,6
2024,愛媛県,富山県,6
2024,愛媛県,三重県,6
2024,高知県,群馬県,6
2024,高知県,福井県,6
2024,高知県,鳥取県,6
2024,福岡県,福島県,6
2024,佐賀県,北海道,6
2024,佐賀県,新潟県,6
2024,佐賀県,愛媛県,6
2024,長崎県,宮城県,6
2024,長崎県,富山県,6
2024,熊本県,栃木県,6
2024,熊本県,福井県,6
2024,熊本県,徳島県,6
2024,大分県,栃木県,6
2024,大分県,新潟県,6
2024,大分県,石川県,6
2024,大分県,山梨県,6
2024,宮崎県,栃木県,6
2024,宮崎県,長野県,6
2024,鹿児島県,福島県,6
2024,鹿児島県,和歌山県,6
2024,青森県,富山県,5
2024,青森県,奈良県,5
2024,青森県,広島県,5
2024,青森県,大分県,5
2024,青森県,沖縄県,5
2024,岩手県,富山県,5
2024,岩手県,岐阜県,5
2024,岩手県,広島県,5
2024,宮城県,鹿児島県,5
2024,福島県,岐阜県,5
2024,福島県,和歌山県,5
2024,茨城県,島根県,5
2024,栃木県,福井県,5
2024,栃木県,岡山県,5
2024,群馬県,和歌山県,5
2024,群馬県,島根県,5
2024,群馬県,愛媛県,5
2024,群馬県,長崎県,5
2024,埼玉県,和歌山県,5
2024,埼玉県,山口県,5
2024,千葉県,徳島県,5
2024,東京都,佐賀県,5
2024,新潟県,和歌山県,5
2024,新潟県,愛媛県,5
2024,新潟県,長崎県,5
2024,富山県,青森県,5
2024,富山県,岩手県,5
2024,富山県,山口県,5
2024,富山県,高知県,5
2024,石川県,島根県,5
2024,石川県,高知県,5
2024,福井県,栃木県,5
2024,山梨県,岩手県,5
2024,山梨県,山形県,5
2024,山梨県,島根県,5
2024,山梨県,山口県,5
2024,山梨県,鹿児島県,5
2024,三重県,岩手県,5
2024,滋賀県,秋田県,5
2024,滋賀県,愛媛県,5
2024,滋賀県,宮崎県,5
2024,京都府,福島県,5
2024,奈良県,秋田県,5
2024,和歌山県,宮城県,5
2024,和歌山県,群馬県,5
2024,鳥取県,新潟県,5
2024,鳥取県,岐阜県,5
2024,鳥取県,三重県,5
2024,鳥取県,熊本県,5
2024,島根県,栃木県,5
2024,島根県,三重県,5
2024,岡山県,福島県,5
2024,広島県,秋田県,5
2024,山口県,三重県,5
2024,山口県,和歌山県,5
2024,徳島県,宮城県,5
2024,徳島県,長野県,5
2024,徳島県,沖縄県,5
2024,香川県,宮崎県,5
2024,愛媛県,佐賀県,5
2024,高知県,島根県,5
2024,高知県,熊本県,5
2024,高知県,宮崎県,5
2024,福岡県,青森県,5
2024,佐賀県,長野県,5
2024,佐賀県,徳島県,5
2024,長崎県,栃木県,5
2024,長崎県,福井県,5
2024,大分県,山形県,5
2024,宮崎県,山形県,5
2024,宮崎県,新潟県,5
2024,宮崎県,石川県,5
2024,宮崎県,徳島県,5
2024,鹿児島県,山形県,5
2024,岩手県,滋賀県,4
2024,宮城県,島根県,4
2024,宮城県,岡山県,4
2024,宮城県,高知県,4
2024,宮城県,長崎県,4
2024,秋田県,奈良県,4
2024,秋田県,長崎県,4
2024,秋田県,沖縄県,4
2024,山形県,広島県,4
2024,山形県,福岡県,4
2024,山形県,大分県,4
2024,福島県,福岡県,4
2024,茨城県,香川県,4
2024,栃木県,三重県,4
2024,栃木県,鳥取県,4
2024,群馬県,三重県,4
2024,群馬県,徳島県,4
2024,群馬県,宮崎県,4
2024,群馬県,鹿児島県,4
2024,神奈川県,香川県,4
2024,新潟県,三重県,4
2024,新潟県,宮崎県,4
2024,富山県,島根県,4
2024,富山県,大分県,4
2024,石川県,青森県,4
2024,石川県,和歌山県,4
2024,石川県,長崎県,4
2024,石川県,宮崎県,4
2024,石川県,鹿児島県,4
2024,福井県,山形県,4
2024,山梨県,青森県,4
2024,山梨県,福井県,4
2024,山梨県,愛媛県,4
2024,三重県,熊本県,4
2024,三重県,鹿児島県,4
2024,滋賀県,和歌山県,4
2024,滋賀県,島根県,4
2024,京都府,岩手県,4
2024,奈良県,熊本県,4
2024,和歌山県,栃木県,4
2024,鳥取県,宮城県,4
2024,鳥取県,富山県,4
2024,鳥取県,福井県,4
2024,島根県,新潟県,4
2024,岡山県,秋田県,4
2024,広島県,岩手県,4
2024,山口県,岐阜県,4
2024,徳島県,新潟県,4
2024,徳島県,熊本県,4
2024,徳島県,宮崎県,4
2024,香川県,栃木県,4
2024,香川県,三重県,4
2024,愛媛県,山形県,4
2024,高知県,宮城県,4
2024,福岡県,岩手県,4
2024,福岡県,福井県,4
2024,佐賀県,岩手県,4
2024,佐賀県,秋田県,4
2024,佐賀県,山梨県,4
2024,佐賀県,岐阜県,4
2024,佐賀県,香川県,4
2024,長崎県,福島県,4
2024,熊本県,新潟県,4
2024,熊本県,長野県,4
2024,熊本県,和歌山県,4
2024,大分県,香川県,4
2024,鹿児島県,岩手県,4
2024,鹿児島県,秋田県,4
2024,岩手県,奈良県,3
2024,宮城県,三重県,3
2024,宮城県,愛媛県,3
2024,秋田県,福井県,3
2024,山形県,三重県,3
2024,山形県,奈良県,3
2024,山形県,鹿児島県,3
2024,山形県,沖縄県,3
2024,福島県,岡山県,3
2024,茨城県,三重県,3
2024,茨城県,和歌山県,3
2024,茨城県,徳島県,3
2024,群馬県,山口県,3
2024,群馬県,高知県,3
2024,群馬県,大分県,3
2024,千葉県,福井県,3
2024,千葉県,香川県,3
2024,千葉県,宮崎県,3
2024,神奈川県,佐賀県,3
2024,新潟県,鳥取県,3
2024,新潟県,島根県,3
2024,富山県,徳島県,3
2024,富山県,鹿児島県,3
2024,石川県,岩手県,3
2024,石川県,熊本県,3
2024,福井県,秋田県,3
2024,福井県,徳島県,3
2024,福井県,宮崎県,3
2024,山梨県,高知県,3
2024,山梨県,長崎県,3
2024,長野県,徳島県,3
2024,岐阜県,宮崎県,3
2024,静岡県,佐賀県,3
2024,三重県,青森県,3
2024,三重県,福島県,3
2024,滋賀県,福島県,3
2024,滋賀県,栃木県,3
2024,京都府,熊本県,3
2024,京都府,宮崎県,3
2024,兵庫県,青森県,3
2024,奈良県,栃木県,3
2024,鳥取県,群馬県,3
2024,鳥取県,佐賀県,3
2024,鳥取県,宮崎県,3
2024,島根県,宮城県,3
2024,島根県,長野県,3
2024,岡山県,岩手県,3
2024,広島県,福島県,3
2024,山口県,岩手県,3
2024,山口県,宮城県,3
2024,山口県,秋田県,3
2024,山口県,福島県,3
2024,徳島県,鹿児島県,3
2024,香川県,青森県,3
2024,香川県,福島県,3
2024,香川県,福井県,3
2024,香川県,鹿児島県,3
2024,愛媛県,秋田県,3
2024,高知県,石川県,3
2024,高知県,沖縄県,3
2024,佐賀県,宮城県,3
2024,佐賀県,福井県,3
2024,佐賀県,三重県,3
2024,佐賀県,鳥取県,3
2024,長崎県,岩手県,3
2024,長崎県,和歌山県,3
2024,長崎県,徳島県,3
2024,熊本県,秋田県,3
2024,熊本県,三重県,3
2024,大分県,三重県,3
2024,宮崎県,秋田県,3
2024,宮崎県,福島県,3
2024,宮崎県,富山県,3
2024,宮崎県,和歌山県,3
2024,青森県,福井県,2
2024,青森県,滋賀県,2
2024,青森県,和歌山県,2
2024,青森県,島根県,2
2024,青森県,岡山県,2
2024,青森県,愛媛県,2
2024,岩手県,三重県,2
2024,岩手県,高知県,2
2024,宮城県,福井県,2
2024,宮城県,山口県,2
2024,宮城県,徳島県,2
2024,宮城県,宮崎県,2
2024,秋田県,岐阜県,2
2024,秋田県,三重県,2
2024,秋田県,鹿児島県,2
2024,山形県,福井県,2
2024,福島県,福井県,2
2024,福島県,広島県,2
2024,福島県,熊本県,2
2024,福島県,鹿児島県,2
2024,栃木県,島根県,2
2024,栃木県,香川県,2
2024,栃木県,宮崎県,2
2024,群馬県,岐阜県,2
2024,群馬県,鳥取県,2
2024,埼玉県,香川県,2
2024,新潟県,高知県,2
2024,新潟県,大分県,2
2024,福井県,福島県,2
2024,福井県,長崎県,2
2024,山梨県,香川県,2
2024,山梨県,佐賀県,2
2024,長野県,香川県,2
2024,三重県,山形県,2
2024,滋賀県,青森県,2
2024,滋賀県,新潟県,2
2024,京都府,青森県,2
2024,京都府,山形県,2
2024,京都府,佐賀県,2
2024,兵庫県,山形県,2
2024,奈良県,岩手県,2
2024,奈良県,山形県,2
2024,奈良県,佐賀県,2
2024,奈良県,宮崎県,2
2024,和歌山県,秋田県,2
2024,和歌山県,熊本県,2
2024,鳥取県,岩手県,2
2024,鳥取県,福島県,2
2024,鳥取県,栃木県,2
2024,鳥取県,鹿児島県,2
2024,島根県,青森県,2
2024,広島県,青森県,2
2024,広島県,山形県,2
2024,山口県,山形県,2
2024,山口県,福井県,2
2024,徳島県,富山県,2
2024,徳島県,三重県,2
2024,徳島県,佐賀県,2
2024,香川県,秋田県,2
2024,香川県,熊本県,2
2024,愛媛県,岩手県,2
2024,愛媛県,福井県,2
2024,高知県,新潟県,2
2024,高知県,富山県,2
2024,佐賀県,福島県,2
2024,佐賀県,群馬県,2
2024,佐賀県,和歌山県,2
2024,熊本県,山形県,2
2024,熊本県,富山県,2
2024,大分県,岩手県,2
2024,大分県,福井県,2
2024,大分県,和歌山県,2
2024,宮崎県,福井県,2
2024,鹿児島県,富山県,2
2024,鹿児島県,福井県,2
2024,青森県,三重県,1
2024,青森県,鳥取県,1
2024,青森県,宮崎県,1
2024,青森県,鹿児島県,1
2024,岩手県,和歌山県,1
2024,岩手県,岡山県,1
2024,岩手県,山口県,1
2024,岩手県,愛媛県,1
2024,岩手県,福岡県,1
2024,岩手県,長崎県,1
2024,岩手県,宮崎県,1
2024,岩手県,鹿児島県,1
2024,宮城県,和歌山県,1
2024,宮城県,鳥取県,1
2024,宮城県,香川県,1
2024,宮城県,大分県,1
2024,秋田県,和歌山県,1
2024,秋田県,鳥取県,1
2024,秋田県,島根県,1
2024,秋田県,岡山県,1
2024,秋田県,広島県,1
2024,秋田県,山口県,1
2024,秋田県,香川県,1
2024,秋田県,高知県,1
2024,秋田県,福岡県,1
2024,秋田県,宮崎県,1
2024,山形県,和歌山県,1
2024,山形県,島根県,1
2024,山形県,岡山県,1
2024,山形県,山口県,1
2024,山形県,香川県,1
2024,山形県,愛媛県,1
2024,山形県,佐賀県,1
2024,山形県,長崎県,1
2024,福島県,三重県,1
2024,福島県,島根県,1
2024,福島県,山口県,1
2024,福島県,愛媛県,1
2024,福島県,長崎県,1
2024,福島県,大分県,1
2024,茨城県,佐賀県,1
2024,栃木県,和歌山県,1
2024,栃木県,徳島県,1
2024,群馬県,香川県,1
2024,埼玉県,佐賀県,1
2024,千葉県,和歌山県,1
2024,新潟県,山口県,1
2024,新潟県,徳島県,1
2024,新潟県,香川県,1
2024,新潟県,佐賀県,1
2024,新潟県,熊本県,1
2024,新潟県,鹿児島県,1
2024,富山県,香川県,1
2024,富山県,宮崎県,1
2024,石川県,福島県,1
2024,石川県,佐賀県,1
2024,福井県,青森県,1
2024,福井県,香川県,1
2024,山梨県,徳島県,1
2024,山梨県,宮崎県,1
2024,長野県,佐賀県,1
2024,岐阜県,熊本県,1
2024,滋賀県,岩手県,1
2024,滋賀県,群馬県,1
2024,滋賀県,佐賀県,1
2024,滋賀県,熊本県,1
2024,和歌山県,青森県,1
2024,和歌山県,岩手県,1
2024,鳥取県,山形県,1
2024,島根県,秋田県,1
2024,島根県,群馬県,1
2024,島根県,富山県,1
2024,島根県,福井県,1
2024,岡山県,青森県,1
2024,山口県,富山県,1
2024,徳島県,青森県,1
2024,徳島県,岩手県,1
2024,徳島県,秋田県,1
2024,徳島県,山形県,1
2024,徳島県,福井県,1
2024,香川県,富山県,1
2024,愛媛県,青森県,1
2024,高知県,岩手県,1
2024,高知県,福島県,1
2024,高知県,長野県,1
2024,高知県,三重県,1
2024,高知県,長崎県,1
2024,福岡県,山形県,1
2024,佐賀県,青森県,1
2024,佐賀県,栃木県,1
2024,佐賀県,富山県,1
2024,長崎県,青森県,1
2024,長崎県,山形県,1
2024,熊本県,青森県,1
2024,熊本県,福島県,1
2024,熊本県,香川県,1
2024,大分県,秋田県,1
2024,大分県,福島県,1
2024,大分県,富山県,1
2024,宮崎県,鳥取県,1
2024,鹿児島県,青森県,1
2025,神奈川県,東京都,23187
2025,埼玉県,東京都,19060
2025,千葉県,東京都,14569
2025,東京都,神奈川県,10115
2025,兵庫県,大阪府,7581
2025,大阪府,京都府,6825
2025,茨城県,東京都,5853
2025,東京都,埼玉県,4742
2025,大阪府,兵庫県,4584
2025,岐阜県,愛知県,4548
2025,東京都,千葉県,4299
2025,滋賀県,京都府,3440
2025,京都府,大阪府,3397
2025,静岡県,東京都,3225
2025,奈良県,大阪府,3052
2025,三重県,愛知県,2903
2025,兵庫県,京都府,2493
2025,栃木県,東京都,2429
2025,長野県,東京都,2315
2025,茨城県,千葉県,2305
2025,北海道,東京都,2247
2025,群馬県,東京都,2174
2025,千葉県,神奈川県,2080
2025,静岡県,神奈川県,2067
2025,静岡県,愛知県,2015
2025,埼玉県,千葉県,1941
2025,山梨県,東京都,1902
2025,埼玉県,神奈川県,1884
2025,愛知県,東京都,1844
2025,新潟県,東京都,1771
2025,和歌山県,大阪府,1766
2025,千葉県,埼玉県,1589
2025,福島県,東京都,1458
2025,奈良県,京都府,1441
2025,佐賀県,福岡県,1369
2025,茨城県,埼玉県,1361
2025,愛知県,京都府,1307
2025,福岡県,東京都,1298
2025,宮城県,東京都,1284
2025,大阪府,奈良県,1270
2025,熊本県,福岡県,1254
2025,鹿児島県,福岡県,1213
2025,沖縄県,東京都,1213
2025,愛知県,岐阜県,1210
2025,滋賀県,大阪府,1193
2025,群馬県,埼玉県,1190
2025,茨城県,神奈川県,1148
2025,長崎県,福岡県,1115
2025,京都府,滋賀県,1103
2025,栃木県,埼玉県,1087
2025,大分県,福岡県,1084
2025,大阪府,東京都,1016
2025,福島県,宮城県,994
2025,大阪府,滋賀県,989
2025,広島県,大阪府,962
2025,山口県,福岡県,958
2025,富山県,石川県,943
2025,長野県,神奈川県,937
2025,広島県,岡山県,852
2025,岩手県,宮城県,847
2025,岡山県,大阪府,834
2025,兵庫県,東京都,833
2025,宮崎県,福岡県,824
2025,広島県,東京都,816
2025,神奈川県,千葉県,809
2025,香川県,大阪府,803
2025,愛知県,大阪府,801
2025,山形県,宮城県,785
2025,大阪府,和歌山県,762
2025,神奈川県,埼玉県,759
2025,広島県,京都府,736
2025,長野県,愛知県,729
2025,福岡県,佐賀県,726
2025,鹿児島県,東京都,721
2025,新潟県,神奈川県,711
2025,三重県,大阪府,709
2025,愛知県,静岡県,690
2025,京都府,兵庫県,680
2025,福岡県,熊本県,673
2025,宮城県,山形県,665
2025,福岡県,山口県,664
2025,北海道,神奈川県,644
2025,広島県,山口県,642
2025,長野県,埼玉県,638
2025,山口県,広島県,638
2025,岡山県,東京都,633
2025,山梨県,神奈川県,632
2025,岡山県,兵庫県,629
2025,岡山県,京都府,619
2025,福岡県,大阪府,613
2025,茨城県,栃木県,612
2025,栃木県,神奈川県,609
2025,東京都,北海道,605
2025,沖縄県,福岡県,605
2025,群馬県,神奈川県,604
2025,静岡県,京都府,602
2025,青森県,東京都,590
2025,愛知県,神奈川県,590
2025,兵庫県,岡山県,590
2025,山形県,東京都,577
2025,愛媛県,大阪府,577
2025,静岡県,千葉県,574
2025,青森県,宮城県,570
2025,新潟県,埼玉県,568
2025,島根県,広島県,559
2025,愛知県,三重県,558
2025,香川県,岡山県,558
2025,福岡県,京都府,555
2025,広島県,兵庫県,544
2025,熊本県,東京都,533
2025,広島県,福岡県,532
2025,福島県,神奈川県,522
2025,三重県,京都府,522
2025,東京都,京都府,521
2025,岩手県,東京都,519
2025,岡山県,広島県,517
2025,沖縄県,大阪府,511
2025,岐阜県,東京都,505
2025,香川県,京都府,503
2025,千葉県,茨城県,501
2025,北海道,大阪府,499
2025,福井県,京都府,499
2025,秋田県,宮城県,496
2025,栃木県,千葉県,496
2025,福島県,埼玉県,491
2025,富山県,東京都,489
2025,埼玉県,群馬県,484
2025,東京都,山梨県,482
2025,和歌山県,京都府,477
2025,福岡県,長崎県,477
2025,奈良県,兵庫県,474
2025,香川県,兵庫県,454
2025,石川県,東京都,449
2025,長野県,千葉県,448
2025,東京都,茨城県,447
2025,奈良県,東京都,443
2025,愛媛県,広島県,443
2025,三重県,東京都,441
2025,京都府,東京都,439
2025,愛知県,滋賀県,438
2025,北海道,京都府,432
2025,福島県,千葉県,432
2025,静岡県,埼玉県,426
2025,北海道,青森県,424
2025,静岡県,大阪府,412
2025,福島県,栃木県,407
2025,宮城県,神奈川県,400
2025,高知県,大阪府,393
2025,福井県,大阪府,389
2025,石川県,京都府,386
2025,広島県,愛媛県,386
2025,秋田県,東京都,383
2025,北海道,埼玉県,381
2025,愛媛県,東京都,375
2025,静岡県,山梨県,374
2025,栃木県,群馬県,372
2025,京都府,奈良県,371
2025,沖縄県,神奈川県,370
2025,宮崎県,東京都,369
2025,北海道,千葉県,366
2025,兵庫県,鳥取県,364
2025,新潟県,千葉県,361
2025,徳島県,大阪府,359
2025,愛知県,兵庫県,357
2025,佐賀県,東京都,357
2025,福岡県,神奈川県,356
2025,兵庫県,滋賀県,354
2025,岐阜県,京都府,351
2025,福岡県,大分県,347
2025,福井県,石川県,344
2025,岡山県,香川県,343
2025,石川県,大阪府,341
2025,愛媛県,兵庫県,339
2025,長崎県,東京都,338
2025,愛媛県,岡山県,334
2025,鳥取県,大阪府,333
2025,香川県,東京都,333
2025,福岡県,兵庫県,333
2025,山形県,新潟県,332
2025,愛媛県,京都府,331
2025,新潟県,石川県,329
2025,長野県,新潟県,326
2025,鹿児島県,熊本県,324
2025,福島県,新潟県,323
2025,山口県,東京都,321
2025,青森県,北海道,317
2025,長野県,群馬県,313
2025,神奈川県,北海道,310
2025,島根県,大阪府,310
2025,宮城県,埼玉県,309
2025,群馬県,千葉県,308
2025,福井県,東京都,304
2025,沖縄県,京都府,304
2025,石川県,富山県,303
2025,長野県,石川県,297
2025,山形県,神奈川県,296
2025,富山県,愛知県,295
2025,兵庫県,徳島県,294
2025,鹿児島県,大阪府,293
2025,北海道,愛知県,292
2025,兵庫県,広島県,288
2025,福岡県,広島県,287
2025,山口県,大阪府,285
2025,宮崎県,熊本県,285
2025,北海道,兵庫県,284
2025,山口県,京都府,284
2025,東京都,宮城県,283
2025,富山県,京都府,276
2025,愛知県,富山県,276
2025,兵庫県,奈良県,276
2025,埼玉県,茨城県,275
2025,東京都,大阪府,274
2025,神奈川県,山梨県,274
2025,長野県,山梨県,269
2025,長野県,京都府,268
2025,兵庫県,愛知県,267
2025,和歌山県,兵庫県,267
2025,岡山県,福岡県,262
2025,大阪府,神奈川県,251
2025,愛知県,長野県,250
2025,岩手県,青森県,249
2025,岐阜県,滋賀県,247
2025,岐阜県,大阪府,247
2025,大分県,東京都,247
2025,宮崎県,鹿児島県,247
2025,宮城県,福島県,244
2025,島根県,岡山県,243
2025,宮城県,千葉県,239
2025,熊本県,鹿児島県,238
2025,愛知県,北海道,236
2025,茨城県,宮城県,235
2025,長崎県,熊本県,235
2025,高知県,京都府,228
2025,大分県,熊本県,228
2025,群馬県,栃木県,226
2025,茨城県,福島県,225
2025,埼玉県,栃木県,225
2025,鳥取県,岡山県,225
2025,富山県,大阪府,224
2025,山梨県,埼玉県,224
2025,鳥取県,京都府,224
2025,鳥取県,兵庫県,224
2025,福井県,愛知県,223
2025,石川県,愛知県,222
2025,青森県,岩手県,221
2025,埼玉県,北海道,221
2025,徳島県,兵庫県,221
2025,宮城県,岩手県,220
2025,神奈川県,静岡県,219
2025,山梨県,愛知県,219
2025,広島県,神奈川県,219
2025,岩手県,北海道,218
2025,茨城県,北海道,218
2025,鹿児島県,京都府,217
2025,高知県,東京都,216
2025,沖縄県,愛知県,215
2025,岩手県,神奈川県,214
2025,山口県,岡山県,214
2025,香川県,愛媛県,214
2025,山梨県,千葉県,212
2025,大阪府,北海道,211
2025,兵庫県,神奈川県,211
2025,福島県,茨城県,209
2025,新潟県,群馬県,208
2025,香川県,広島県,207
2025,群馬県,新潟県,206
2025,青森県,神奈川県,205
2025,兵庫県,福岡県,205
2025,愛知県,千葉県,204
2025,佐賀県,長崎県,204
2025,熊本県,大阪府,204
2025,愛媛県,福岡県,203
2025,福岡県,鹿児島県,203
2025,茨城県,群馬県,202
2025,茨城県,大阪府,202
2025,埼玉県,宮城県,202
2025,神奈川県,京都府,202
2025,徳島県,京都府,202
2025,大分県,山口県,202
2025,福島県,山形県,201
2025,沖縄県,千葉県,200
2025,愛知県,福井県,199
2025,茨城県,京都府,198
2025,宮崎県,大分県,196
2025,岡山県,愛媛県,194
2025,栃木県,茨城県,193
2025,高知県,愛媛県,193
2025,鹿児島県,神奈川県,193
2025,東京都,長野県,192
2025,熊本県,京都府,192
2025,愛知県,石川県,191
2025,北海道,宮城県,190
2025,千葉県,北海道,190
2025,富山県,神奈川県,190
2025,鳥取県,島根県,189
2025,山形県,千葉県,188
2025,富山県,新潟県,188
2025,広島県,島根県,188
2025,東京都,静岡県,187
2025,静岡県,長野県,187
2025,大阪府,愛知県,187
2025,山形県,埼玉県,186
2025,秋田県,青森県,185
2025,岡山県,山口県,185
2025,山口県,兵庫県,185
2025,栃木県,福島県,184
2025,三重県,兵庫県,183
2025,高知県,兵庫県,183
2025,秋田県,新潟県,182
2025,愛媛県,高知県,182
2025,滋賀県,兵庫県,180
2025,佐賀県,熊本県,178
2025,茨城県,愛知県,176
2025,東京都,群馬県,176
2025,高知県,岡山県,176
2025,沖縄県,兵庫県,176
2025,熊本県,神奈川県,173
2025,岩手県,埼玉県,171
2025,栃木県,宮城県,171
2025,岡山県,島根県,169
2025,兵庫県,高知県,168
2025,島根県,東京都,168
2025,島根県,兵庫県,167
2025,香川県,徳島県,167
2025,神奈川県,宮城県,165
2025,大分県,長崎県,165
2025,山梨県,京都府,163
2025,宮城県,北海道,161
2025,静岡県,兵庫県,160
2025,奈良県,滋賀県,160
2025,愛知県,埼玉県,159
2025,三重県,滋賀県,159
2025,東京都,愛知県,158
2025,石川県,兵庫県,158
2025,岐阜県,富山県,158
2025,滋賀県,愛知県,158
2025,鹿児島県,宮崎県,158
2025,鹿児島県,兵庫県,157
2025,神奈川県,茨城県,156
2025,岐阜県,石川県,156
2025,沖縄県,埼玉県,156
2025,岐阜県,神奈川県,155
2025,静岡県,北海道,155
2025,新潟県,宮城県,154
2025,大阪府,岡山県,154
2025,大阪府,広島県,154
2025,青森県,埼玉県,153
2025,愛知県,広島県,152
2025,大阪府,福岡県,152
2025,徳島県,東京都,152
2025,徳島県,岡山県,152
2025,埼玉県,京都府,151
2025,石川県,神奈川県,151
2025,長野県,大阪府,151
2025,和歌山県,東京都,151
2025,福岡県,埼玉県,151
2025,大分県,大阪府,151
2025,広島県,滋賀県,150
2025,長崎県,大阪府,148
2025,千葉県,愛知県,147
2025,福岡県,宮崎県,147
2025,長崎県,山口県,147
2025,長野県,富山県,146
2025,兵庫県,北海道,146
2025,大阪府,徳島県,145
2025,岩手県,山形県,144
2025,千葉県,京都府,144
2025,石川県,福井県,144
2025,静岡県,石川県,144
2025,宮崎県,大阪府,144
2025,青森県,千葉県,143
2025,岡山県,高知県,143
2025,山梨県,大阪府,142
2025,熊本県,大分県,142
2025,岡山県,神奈川県,140
2025,秋田県,神奈川県,139
2025,静岡県,滋賀県,139
2025,三重県,奈良県,139
2025,長崎県,佐賀県,137
2025,滋賀県,東京都,136
2025,島根県,京都府,136
2025,福岡県,千葉県,136
2025,岐阜県,静岡県,135
2025,静岡県,茨城県,135
2025,愛知県,福岡県,135
2025,鳥取県,東京都,135
2025,徳島県,高知県,135
2025,熊本県,長崎県,135
2025,鹿児島県,広島県,135
2025,鳥取県,広島県,134
2025,宮城県,新潟県,133
2025,山梨県,静岡県,133
2025,徳島県,香川県,133
2025,大分県,広島県,133
2025,奈良県,神奈川県,132
2025,岡山県,鳥取県,131
2025,愛媛県,香川県,131
2025,東京都,兵庫県,130
2025,北海道,広島県,129
2025,静岡県,岐阜県,129
2025,岩手県,千葉県,128
2025,東京都,福岡県,128
2025,岡山県,愛知県,128
2025,茨城県,静岡県,127
2025,秋田県,岩手県,126
2025,神奈川県,大阪府,126
2025,北海道,福岡県,124
2025,栃木県,新潟県,124
2025,千葉県,宮城県,124
2025,東京都,大分県,124
2025,山梨県,長野県,124
2025,愛媛県,神奈川県,124
2025,福岡県,滋賀県,124
2025,長崎県,京都府,124
2025,奈良県,愛知県,123
2025,広島県,愛知県,123
2025,愛媛県,徳島県,123
2025,鹿児島県,愛知県,123
2025,新潟県,京都府,122
2025,岐阜県,兵庫県,122
2025,三重県,岐阜県,122
2025,埼玉県,山梨県,121
2025,兵庫県,島根県,121
2025,兵庫県,山口県,121
2025,長崎県,大分県,121
2025,兵庫県,愛媛県,119
2025,鹿児島県,埼玉県,119
2025,福井県,兵庫県,118
2025,京都府,愛知県,118
2025,群馬県,宮城県,117
2025,愛媛県,山口県,117
2025,福岡県,岡山県,117
2025,大分県,京都府,117
2025,鹿児島県,千葉県,116
2025,鹿児島県,長崎県,116
2025,北海道,静岡県,115
2025,千葉県,大阪府,115
2025,石川県,新潟県,114
2025,福井県,富山県,114
2025,長野県,静岡県,114
2025,山口県,神奈川県,114
2025,栃木県,山形県,112
2025,宮崎県,京都府,112
2025,茨城県,兵庫県,111
2025,東京都,新潟県,111
2025,三重県,神奈川県,111
2025,高知県,香川県,111
2025,長崎県,広島県,111
2025,千葉県,群馬県,110
2025,新潟県,山形県,110
2025,岐阜県,長野県,110
2025,静岡県,群馬県,110
2025,愛知県,茨城県,110
2025,京都府,神奈川県,110
2025,徳島県,愛媛県,109
2025,新潟県,長野県,108
2025,愛知県,山梨県,108
2025,愛媛県,愛知県,108
2025,茨城県,山梨県,107
2025,大分県,宮崎県,107
2025,群馬県,石川県,106
2025,群馬県,京都府,106
2025,静岡県,広島県,106
2025,沖縄県,広島県,106
2025,岩手県,秋田県,105
2025,福岡県,愛知県,105
2025,鹿児島県,山口県,105
2025,秋田県,千葉県,104
2025,群馬県,茨城県,104
2025,福井県,滋賀県,104
2025,佐賀県,大阪府,104
2025,熊本県,兵庫県,104
2025,熊本県,宮崎県,104
2025,東京都,栃木県,103
2025,愛知県,奈良県,103
2025,山形県,福島県,102
2025,栃木県,北海道,102
2025,大阪府,埼玉県,102
2025,大阪府,高知県,102
2025,沖縄県,北海道,102
2025,茨城県,新潟県,101
2025,兵庫県,和歌山県,101
2025,島根県,山口県,101
2025,広島県,千葉県,101
2025,宮城県,秋田県,100
2025,山口県,愛知県,100
2025,北海道,茨城県,99
2025,秋田県,埼玉県,99
2025,徳島県,広島県,99
2025,秋田県,山形県,98
2025,島根県,福岡県,98
2025,香川県,高知県,98
2025,宮崎県,神奈川県,98
2025,富山県,埼玉県,97
2025,三重県,静岡県,96
2025,福岡県,北海道,96
2025,北海道,群馬県,95
2025,千葉県,静岡県,95
2025,神奈川県,愛知県,95
2025,富山県,千葉県,95
2025,静岡県,三重県,95
2025,群馬県,長野県,94
2025,新潟県,北海道,94
2025,京都府,北海道,94
2025,熊本県,広島県,94
2025,宮崎県,長崎県,94
2025,長野県,岐阜県,93
2025,大阪府,鳥取県,93
2025,岡山県,滋賀県,92
2025,熊本県,佐賀県,92
2025,茨城県,長野県,91
2025,静岡県,宮城県,91
2025,佐賀県,京都府,91
2025,長崎県,神奈川県,91
2025,鹿児島県,大分県,91
2025,宮城県,栃木県,90
2025,新潟県,大阪府,90
2025,兵庫県,石川県,90
2025,兵庫県,香川県,90
2025,福島県,群馬県,89
2025,広島県,北海道,89
2025,沖縄県,岡山県,89
2025,北海道,長野県,88
2025,富山県,長野県,88
2025,岐阜県,福井県,88
2025,奈良県,北海道,88
2025,埼玉県,長野県,87
2025,滋賀県,岐阜県,87
2025,島根県,鳥取県,87
2025,大分県,兵庫県,87
2025,北海道,新潟県,86
2025,北海道,石川県,86
2025,宮城県,青森県,86
2025,宮城県,兵庫県,86
2025,兵庫県,埼玉県,86
2025,千葉県,山梨県,85
2025,神奈川県,群馬県,85
2025,香川県,神奈川県,85
2025,秋田県,北海道,84
2025,山形県,北海道,84
2025,岐阜県,三重県,84
2025,和歌山県,愛知県,84
2025,高知県,徳島県,84
2025,北海道,山梨県,83
2025,岩手県,栃木県,83
2025,静岡県,新潟県,83
2025,広島県,埼玉県,83
2025,埼玉県,大阪府,82
2025,東京都,秋田県,82
2025,東京都,石川県,82
2025,神奈川県,長野県,82
2025,熊本県,山口県,82
2025,岩手県,福島県,81
2025,富山県,岐阜県,81
2025,奈良県,千葉県,81
2025,宮城県,京都府,80
2025,新潟県,茨城県,80
2025,長野県,栃木県,80
2025,京都府,岡山県,80
2025,鹿児島県,沖縄県,80
2025,沖縄県,長崎県,80
2025,沖縄県,大分県,80
2025,北海道,岩手県,79
2025,埼玉県,新潟県,79
2025,山梨県,北海道,79
2025,静岡県,富山県,78
2025,大阪府,石川県,78
2025,岡山県,徳島県,78
2025,青森県,山形県,77
2025,石川県,千葉県,77
2025,岐阜県,千葉県,77
2025,和歌山県,奈良県,77
2025,富山県,福井県,76
2025,福井県,神奈川県,76
2025,長野県,北海道,76
2025,大阪府,岐阜県,76
2025,長崎県,兵庫県,76
2025,東京都,福島県,75
2025,新潟県,富山県,75
2025,宮崎県,兵庫県,75
2025,石川県,北海道,74
2025,石川県,長野県,74
2025,京都府,福井県,74
2025,大阪府,三重県,74
2025,兵庫県,静岡県,74
2025,高知県,神奈川県,74
2025,沖縄県,岐阜県,74
2025,青森県,秋田県,73
2025,宮城県,茨城県,73
2025,宮城県,愛知県,73
2025,茨城県,山形県,73
2025,新潟県,愛知県,73
2025,京都府,広島県,73
2025,高知県,広島県,73
2025,宮城県,群馬県,72
2025,山形県,栃木県,72
2025,新潟県,福島県,72
2025,広島県,鳥取県,72
2025,長崎県,千葉県,72
2025,秋田県,福島県,71
2025,山梨県,兵庫県,71
2025,長野県,宮城県,71
2025,愛知県,鳥取県,71
2025,兵庫県,千葉県,71
2025,和歌山県,滋賀県,71
2025,香川県,福岡県,71
2025,愛知県,岡山県,70
2025,大阪府,静岡県,70
2025,広島県,高知県,70
2025,宮崎県,山口県,70
2025,栃木県,長野県,69
2025,岐阜県,山梨県,69
2025,滋賀県,石川県,69
2025,大阪府,千葉県,69
2025,佐賀県,山口県,69
2025,熊本県,千葉県,69
2025,北海道,秋田県,68
2025,山形県,秋田県,68
2025,東京都,山形県,68
2025,長野県,茨城県,68
2025,愛知県,宮城県,68
2025,奈良県,和歌山県,68
2025,奈良県,広島県,68
2025,佐賀県,広島県,68
2025,沖縄県,山口県,68
2025,香川県,滋賀県,67
2025,長崎県,鹿児島県,67
2025,富山県,兵庫県,66
2025,静岡県,福岡県,66
2025,大阪府,山口県,66
2025,大阪府,愛媛県,66
2025,愛媛県,千葉県,66
2025,大分県,神奈川県,66
2025,新潟県,栃木県,65
2025,鹿児島県,岡山県,65
2025,北海道,滋賀県,64
2025,群馬県,福島県,64
2025,神奈川県,兵庫県,64
2025,石川県,滋賀県,64
2025,京都府,鳥取県,64
2025,長崎県,宮崎県,64
2025,宮崎県,千葉県,64
2025,新潟県,秋田県,63
2025,鳥取県,福岡県,63
2025,福岡県,沖縄県,63
2025,栃木県,石川県,62
2025,東京都,滋賀県,62
2025,岐阜県,北海道,62
2025,三重県,広島県,62
2025,山口県,大分県,62
2025,香川県,愛知県,62
2025,佐賀県,兵庫県,62
2025,大分県,鹿児島県,62
2025,宮崎県,愛知県,62
2025,宮崎県,広島県,62
2025,北海道,山形県,61
2025,東京都,岡山県,61
2025,新潟県,山梨県,61
2025,大阪府,大分県,61
2025,佐賀県,神奈川県,61
2025,岩手県,群馬県,60
2025,栃木県,静岡県,60
2025,群馬県,北海道,60
2025,埼玉県,愛知県,60
2025,石川県,埼玉県,60
2025,愛知県,愛媛県,60
2025,京都府,石川県,60
2025,高知県,福岡県,60
2025,長崎県,岡山県,60
2025,大分県,岡山県,60
2025,宮城県,大阪府,59
2025,栃木県,京都府,59
2025,群馬県,大阪府,59
2025,山梨県,石川県,59
2025,広島県,奈良県,59
2025,青森県,群馬県,58
2025,群馬県,山梨県,58
2025,埼玉県,静岡県,58
2025,神奈川県,大分県,58
2025,静岡県,山形県,58
2025,愛知県,群馬県,58
2025,滋賀県,奈良県,58
2025,鳥取県,山口県,58
2025,岡山県,埼玉県,58
2025,佐賀県,大分県,58
2025,熊本県,埼玉県,58
2025,熊本県,愛知県,58
2025,青森県,福島県,57
2025,山形県,岩手県,57
2025,埼玉県,福島県,57
2025,神奈川県,福岡県,57
2025,富山県,北海道,57
2025,静岡県,奈良県,57
2025,静岡県,岡山県,57
2025,三重県,富山県,57
2025,兵庫県,長野県,57
2025,山口県,千葉県,57
2025,愛媛県,滋賀県,57
2025,高知県,愛知県,57
2025,沖縄県,熊本県,57
2025,山形県,青森県,56
2025,千葉県,栃木県,56
2025,愛知県,新潟県,56
2025,和歌山県,岡山県,56
2025,岡山県,千葉県,56
2025,岩手県,茨城県,55
2025,栃木県,山梨県,55
2025,神奈川県,石川県,55
2025,福井県,岐阜県,55
2025,三重県,千葉県,55
2025,京都府,福岡県,55
2025,沖縄県,徳島県,55
2025,福島県,北海道,54
2025,千葉県,長野県,54
2025,富山県,滋賀県,54
2025,岐阜県,埼玉県,54
2025,愛媛県,大分県,54
2025,佐賀県,埼玉県,54
2025,青森県,栃木県,53
2025,静岡県,福島県,53
2025,愛知県,大分県,53
2025,兵庫県,茨城県,53
2025,岡山県,北海道,53
2025,岡山県,奈良県,53
2025,山口県,長崎県,53
2025,沖縄県,静岡県,53
2025,山形県,群馬県,52
2025,埼玉県,石川県,52
2025,千葉県,福島県,52
2025,岐阜県,広島県,52
2025,三重県,長野県,52
2025,奈良県,福岡県,52
2025,栃木県,秋田県,51
2025,富山県,群馬県,51
2025,長野県,兵庫県,51
2025,三重県,石川県,51
2025,北海道,岡山県,50
2025,青森県,新潟県,50
2025,秋田県,栃木県,50
2025,東京都,岩手県,50
2025,滋賀県,福井県,50
2025,福島県,岩手県,49
2025,福島県,秋田県,49
2025,東京都,広島県,49
2025,長野県,滋賀県,49
2025,滋賀県,神奈川県,49
2025,奈良県,三重県,49
2025,福岡県,茨城県,49
2025,佐賀県,鹿児島県,49
2025,青森県,茨城県,48
2025,青森県,大阪府,48
2025,福島県,山梨県,48
2025,福島県,京都府,48
2025,千葉県,新潟県,48
2025,千葉県,兵庫県,48
2025,滋賀県,広島県,48
2025,大阪府,長野県,48
2025,大阪府,島根県,48
2025,和歌山県,広島県,48
2025,長崎県,愛知県,48
2025,沖縄県,鹿児島県,48
2025,岩手県,新潟県,47
2025,愛知県,山口県,47
2025,京都府,埼玉県,47
2025,和歌山県,徳島県,47
2025,広島県,香川県,47
2025,埼玉県,山形県,46
2025,神奈川県,秋田県,46
2025,愛知県,高知県,46
2025,大阪府,宮城県,46
2025,和歌山県,神奈川県,46
2025,山口県,滋賀県,46
2025,香川県,奈良県,46
2025,愛媛県,島根県,46
2025,茨城県,秋田県,45
2025,群馬県,静岡県,45
2025,新潟県,静岡県,45
2025,静岡県,栃木県,45
2025,大阪府,香川県,45
2025,秋田県,群馬県,44
2025,山形県,茨城県,44
2025,埼玉県,秋田県,44
2025,愛知県,秋田県,44
2025,三重県,北海道,44
2025,島根県,愛媛県,44
2025,愛媛県,埼玉県,44
2025,熊本県,岡山県,44
2025,宮崎県,埼玉県,44
2025,北海道,沖縄県,43
2025,栃木県,大阪府,43
2025,山梨県,福岡県,43
2025,京都府,千葉県,43
2025,広島県,静岡県,43
2025,徳島県,愛知県,43
2025,徳島県,山口県,43
2025,香川県,山口県,43
2025,大分県,佐賀県,43
2025,北海道,大分県,42
2025,秋田県,茨城県,42
2025,埼玉県,兵庫県,42
2025,東京都,青森県,42
2025,愛知県,沖縄県,42
2025,大阪府,福井県,42
2025,兵庫県,福井県,42
2025,広島県,長崎県,42
2025,広島県,大分県,42
2025,山口県,熊本県,42
2025,徳島県,滋賀県,42
2025,東京都,富山県,41
2025,東京都,愛媛県,41
2025,山梨県,宮城県,41
2025,京都府,徳島県,41
2025,鳥取県,滋賀県,41
2025,山口県,埼玉県,41
2025,大分県,愛知県,41
2025,青森県,山梨県,40
2025,宮城県,石川県,40
2025,山形県,石川県,40
2025,茨城県,石川県,40
2025,岐阜県,福岡県,40
2025,静岡県,高知県,40
2025,兵庫県,宮城県,40
2025,島根県,神奈川県,40
2025,宮崎県,佐賀県,40
2025,鹿児島県,滋賀県,40
2025,北海道,奈良県,39
2025,北海道,鹿児島県,39
2025,岩手県,山梨県,39
2025,東京都,鹿児島県,39
2025,山梨県,群馬県,39
2025,兵庫県,富山県,39
2025,奈良県,埼玉県,39
2025,香川県,埼玉県,39
2025,佐賀県,宮崎県,39
2025,大分県,埼玉県,39
2025,鹿児島県,佐賀県,39
2025,沖縄県,滋賀県,39
2025,茨城県,福岡県,38
2025,石川県,宮城県,38
2025,福井県,千葉県,38
2025,福井県,新潟県,38
2025,長野県,福島県,38
2025,大阪府,鹿児島県,38
2025,兵庫県,三重県,38
2025,広島県,沖縄県,38
2025,愛媛県,静岡県,38
2025,福岡県,愛媛県,38
2025,千葉県,福岡県,37
2025,東京都,沖縄県,37
2025,新潟県,兵庫県,37
2025,兵庫県,大分県,37
2025,広島県,鹿児島県,37
2025,徳島県,福岡県,37
2025,福岡県,奈良県,37
2025,鹿児島県,北海道,37
2025,山形県,京都府,36
2025,東京都,高知県,36
2025,神奈川県,栃木県,36
2025,石川県,奈良県,36
2025,愛知県,鹿児島県,36
2025,京都府,島根県,36
2025,兵庫県,鹿児島県,36
2025,島根県,愛知県,36
2025,福岡県,高知県,36
2025,大分県,愛媛県,36
2025,大分県,高知県,36
2025,千葉県,岡山県,35
2025,神奈川県,滋賀県,35
2025,富山県,山梨県,35
2025,石川県,岐阜県,35
2025,静岡県,秋田県,35
2025,静岡県,沖縄県,35
2025,京都府,静岡県,35
2025,兵庫県,沖縄県,35
2025,和歌山県,北海道,35
2025,鳥取県,神奈川県,35
2025,大分県,千葉県,35
2025,大分県,沖縄県,35
2025,鹿児島県,静岡県,35
2025,沖縄県,茨城県,35
2025,沖縄県,香川県,35
2025,北海道,富山県,34
2025,宮城県,山梨県,34
2025,群馬県,愛知県,34
2025,千葉県,石川県,34
2025,富山県,茨城県,34
2025,福井県,長野県,34
2025,長野県,山形県,34
2025,長野県,福井県,34
2025,長野県,奈良県,34
2025,愛知県,長崎県,34
2025,大阪府,新潟県,34
2025,兵庫県,山梨県,34
2025,愛媛県,奈良県,34
2025,高知県,滋賀県,34
2025,宮城県,長野県,33
2025,茨城県,岩手県,33
2025,東京都,長崎県,33
2025,神奈川県,新潟県,33
2025,石川県,広島県,33
2025,山梨県,新潟県,33
2025,愛知県,山形県,33
2025,三重県,埼玉県,33
2025,三重県,福岡県,33
2025,大阪府,茨城県,33
2025,岡山県,熊本県,33
2025,広島県,茨城県,33
2025,広島県,徳島県,33
2025,広島県,熊本県,33
2025,香川県,千葉県,33
2025,愛媛県,山梨県,33
2025,鹿児島県,茨城県,33
2025,沖縄県,石川県,33
2025,沖縄県,奈良県,33
2025,福島県,大阪府,32
2025,茨城県,広島県,32
2025,富山県,宮城県,32
2025,福井県,広島県,32
2025,岐阜県,新潟県,32
2025,滋賀県,三重県,32
2025,京都府,大分県,32
2025,徳島県,神奈川県,32
2025,愛媛県,北海道,32
2025,長崎県,沖縄県,32
2025,宮崎県,沖縄県,32
2025,北海道,栃木県,31
2025,宮城県,静岡県,31
2025,福島県,静岡県,31
2025,栃木県,岩手県,31
2025,石川県,群馬県,31
2025,石川県,福岡県,31
2025,山梨県,広島県,31
2025,三重県,高知県,31
2025,京都府,茨城県,31
2025,京都府,岐阜県,31
2025,大阪府,秋田県,31
2025,兵庫県,岐阜県,31
2025,鳥取県,埼玉県,31
2025,岡山県,長崎県,31
2025,高知県,千葉県,31
2025,福岡県,静岡県,31
2025,佐賀県,岡山県,31
2025,青森県,京都府,30
2025,福島県,青森県,30
2025,群馬県,山形県,30
2025,神奈川県,福島県,30
2025,山梨県,茨城県,30
2025,岐阜県,茨城県,30
2025,愛知県,島根県,30
2025,京都府,愛媛県,30
2025,京都府,高知県,30
2025,大阪府,長崎県,30
2025,奈良県,宮城県,30
2025,和歌山県,鳥取県,30
2025,高知県,山口県,30
2025,福岡県,石川県,30
2025,熊本県,北海道,30
2025,宮崎県,岡山県,30
2025,北海道,岐阜県,29
2025,北海道,山口県,29
2025,宮城県,福岡県,29
2025,栃木県,愛知県,29
2025,群馬県,秋田県,29
2025,東京都,福井県,29
2025,東京都,奈良県,29
2025,福井県,静岡県,29
2025,山梨県,奈良県,29
2025,長野県,福岡県,29
2025,愛知県,宮崎県,29
2025,滋賀県,岡山県,29
2025,京都府,長野県,29
2025,京都府,和歌山県,29
2025,大阪府,富山県,29
2025,兵庫県,長崎県,29
2025,和歌山県,福岡県,29
2025,鳥取県,奈良県,29
2025,岡山県,大分県,29
2025,広島県,宮崎県,29
2025,佐賀県,千葉県,29
2025,長崎県,埼玉県,29
2025,熊本県,茨城県,29
2025,鹿児島県,山梨県,29
2025,沖縄県,宮崎県,29
2025,秋田県,石川県,28
2025,埼玉県,岡山県,28
2025,埼玉県,福岡県,28
2025,神奈川県,岡山県,28
2025,山梨県,岐阜県,28
2025,滋賀県,福岡県,28
2025,京都府,三重県,28
2025,大阪府,山梨県,28
2025,和歌山県,三重県,28
2025,和歌山県,高知県,28
2025,島根県,滋賀県,28
2025,岡山県,静岡県,28
2025,広島県,岐阜県,28
2025,山口県,愛媛県,28
2025,高知県,埼玉県,28
2025,熊本県,沖縄県,28
2025,沖縄県,山梨県,28
2025,沖縄県,愛媛県,28
2025,青森県,愛知県,27
2025,福島県,長野県,27
2025,埼玉県,大分県,27
2025,千葉県,山形県,27
2025,千葉県,滋賀県,27
2025,東京都,岐阜県,27
2025,岐阜県,群馬県,27
2025,京都府,山口県,27
2025,鳥取県,愛知県,27
2025,島根県,奈良県,27
2025,徳島県,島根県,27
2025,愛媛県,熊本県,27
2025,岩手県,静岡県,26
2025,茨城県,滋賀県,26
2025,茨城県,奈良県,26
2025,群馬県,富山県,26
2025,埼玉県,富山県,26
2025,静岡県,愛媛県,26
2025,愛知県,和歌山県,26
2025,奈良県,岡山県,26
2025,岡山県,茨城県,26
2025,山口県,宮崎県,26
2025,福岡県,宮城県,26
2025,宮崎県,高知県,26
2025,鹿児島県,宮城県,26
2025,北海道,福島県,25
2025,岩手県,京都府,25
2025,秋田県,京都府,25
2025,山形県,大阪府,25
2025,福島県,石川県,25
2025,茨城県,青森県,25
2025,石川県,山梨県,25
2025,福井県,埼玉県,25
2025,静岡県,福井県,25
2025,静岡県,徳島県,25
2025,静岡県,鹿児島県,25
2025,愛知県,徳島県,25
2025,三重県,茨城県,25
2025,京都府,富山県,25
2025,大阪府,宮崎県,25
2025,奈良県,石川県,25
2025,和歌山県,千葉県,25
2025,広島県,石川県,25
2025,広島県,長野県,25
2025,高知県,奈良県,25
2025,福岡県,山梨県,25
2025,福岡県,島根県,25
2025,群馬県,兵庫県,24
2025,埼玉県,青森県,24
2025,千葉県,秋田県,24
2025,新潟県,滋賀県,24
2025,福井県,岡山県,24
2025,静岡県,鳥取県,24
2025,三重県,山梨県,24
2025,三重県,愛媛県,24
2025,大阪府,沖縄県,24
2025,兵庫県,新潟県,24
2025,和歌山県,愛媛県,24
2025,鳥取県,愛媛県,24
2025,島根県,香川県,24
2025,岡山県,石川県,24
2025,岡山県,沖縄県,24
2025,徳島県,北海道,24
2025,徳島県,静岡県,24
2025,愛媛県,沖縄県,24
2025,長崎県,茨城県,24
2025,秋田県,山梨県,23
2025,秋田県,長野県,23
2025,秋田県,大阪府,23
2025,千葉県,鹿児島県,23
2025,神奈川県,広島県,23
2025,富山県,静岡県,23
2025,福井県,山梨県,23
2025,福井県,奈良県,23
2025,長野県,広島県,23
2025,岐阜県,奈良県,23
2025,静岡県,青森県,23
2025,静岡県,山口県,23
2025,京都府,宮城県,23
2025,岡山県,群馬県,23
2025,山口県,北海道,23
2025,山口県,奈良県,23
2025,山口県,島根県,23
2025,愛媛県,鳥取県,23
2025,福岡県,群馬県,23
2025,沖縄県,宮城県,23
2025,北海道,長崎県,22
2025,山形県,山梨県,22
2025,福島県,愛知県,22
2025,神奈川県,岩手県,22
2025,神奈川県,山形県,22
2025,神奈川県,沖縄県,22
2025,新潟県,福井県,22
2025,富山県,広島県,22
2025,静岡県,岩手県,22
2025,三重県,和歌山県,22
2025,滋賀県,北海道,22
2025,滋賀県,静岡県,22
2025,兵庫県,熊本県,22
2025,兵庫県,宮崎県,22
2025,鳥取県,香川県,22
2025,島根県,埼玉県,22
2025,岡山県,和歌山県,22
2025,広島県,山梨県,22
2025,山口県,鹿児島県,22
2025,徳島県,奈良県,22
2025,鹿児島県,群馬県,22
2025,茨城県,沖縄県,21
2025,栃木県,青森県,21
2025,栃木県,広島県,21
2025,埼玉県,岩手県,21
2025,山梨県,栃木県,21
2025,静岡県,島根県,21
2025,静岡県,大分県,21
2025,愛知県,福島県,21
2025,三重県,岡山県,21
2025,鳥取県,高知県,21
2025,岡山県,宮城県,21
2025,佐賀県,愛知県,21
2025,鹿児島県,高知県,21
2025,北海道,熊本県,20
2025,岩手県,石川県,20
2025,山形県,静岡県,20
2025,茨城県,大分県,20
2025,栃木県,兵庫県,20
2025,千葉県,大分県,20
2025,滋賀県,富山県,20
2025,京都府,山梨県,20
2025,兵庫県,秋田県,20
2025,和歌山県,岐阜県,20
2025,和歌山県,島根県,20
2025,島根県,千葉県,20
2025,島根県,石川県,20
2025,岡山県,新潟県,20
2025,広島県,和歌山県,20
2025,愛媛県,長崎県,20
2025,福岡県,長野県,20
2025,福岡県,鳥取県,20
2025,長崎県,奈良県,20
2025,長崎県,高知県,20
2025,沖縄県,栃木県,20
2025,青森県,静岡県,19
2025,岩手県,長野県,19
2025,山形県,愛知県,19
2025,埼玉県,滋賀県,19
2025,千葉県,岐阜県,19
2025,千葉県,広島県,19
2025,千葉県,愛媛県,19
2025,神奈川県,青森県,19
2025,富山県,奈良県,19
2025,福井県,茨城県,19
2025,長野県,岡山県,19
2025,岐阜県,鳥取県,19
2025,三重県,福井県,19
2025,京都府,鹿児島県,19
2025,大阪府,熊本県,19
2025,奈良県,岐阜県,19
2025,奈良県,徳島県,19
2025,鳥取県,千葉県,19
2025,山口県,静岡県,19
2025,香川県,鳥取県,19
2025,福岡県,新潟県,19
2025,大分県,茨城県,19
2025,鹿児島県,栃木県,19
2025,鹿児島県,岐阜県,19
2025,鹿児島県,愛媛県,19
2025,沖縄県,高知県,19
2025,茨城県,高知県,18
2025,千葉県,岩手県,18
2025,東京都,鳥取県,18
2025,富山県,栃木県,18
2025,石川県,静岡県,18
2025,岐阜県,山口県,18
2025,静岡県,和歌山県,18
2025,愛知県,香川県,18
2025,三重県,山口県,18
2025,京都府,香川県,18
2025,奈良県,長野県,18
2025,鳥取県,徳島県,18
2025,岡山県,鹿児島県,18
2025,山口県,沖縄県,18
2025,愛媛県,石川県,18
2025,長崎県,滋賀県,18
2025,長崎県,島根県,18
2025,沖縄県,群馬県,18
2025,沖縄県,新潟県,18
2025,沖縄県,佐賀県,18
2025,北海道,香川県,17
2025,北海道,愛媛県,17
2025,岩手県,愛知県,17
2025,岩手県,大阪府,17
2025,宮城県,滋賀県,17
2025,東京都,島根県,17
2025,東京都,宮崎県,17
2025,神奈川県,奈良県,17
2025,新潟県,奈良県,17
2025,福井県,群馬県,17
2025,福井県,福岡県,17
2025,山梨県,福島県,17
2025,長野県,三重県,17
2025,三重県,鳥取県,17
2025,滋賀県,千葉県,17
2025,大阪府,岩手県,17
2025,島根県,高知県,17
2025,岡山県,岐阜県,17
2025,広島県,宮城県,17
2025,山口県,茨城県,17
2025,山口県,香川県,17
2025,愛媛県,鹿児島県,17
2025,熊本県,山梨県,17
2025,熊本県,滋賀県,17
2025,大分県,山梨県,17
2025,大分県,奈良県,17
2025,宮崎県,山梨県,17
2025,宮崎県,静岡県,17
2025,宮崎県,奈良県,17
2025,北海道,福井県,16
2025,茨城県,岐阜県,16
2025,埼玉県,奈良県,16
2025,埼玉県,広島県,16
2025,千葉県,富山県,16
2025,新潟県,岩手県,16
2025,新潟県,岐阜県,16
2025,新潟県,岡山県,16
2025,石川県,茨城県,16
2025,長野県,秋田県,16
2025,岐阜県,島根県,16
2025,岐阜県,岡山県,16
2025,岐阜県,高知県,16
2025,愛知県,栃木県,16
2025,奈良県,山口県,16
2025,奈良県,高知県,16
2025,和歌山県,山口県,16
2025,鳥取県,北海道,16
2025,岡山県,長野県,16
2025,山口県,石川県,16
2025,徳島県,埼玉県,16
2025,徳島県,千葉県,16
2025,高知県,静岡県,16
2025,福岡県,秋田県,16
2025,福岡県,岐阜県,16
2025,大分県,滋賀県,16
2025,宮崎県,茨城県,16
2025,北海道,宮崎県,15
2025,青森県,石川県,15
2025,岩手県,兵庫県,15
2025,秋田県,愛知県,15
2025,山形県,長野県,15
2025,茨城県,富山県,15
2025,茨城県,愛媛県,15
2025,埼玉県,岐阜県,15
2025,千葉県,熊本県,15
2025,東京都,香川県,15
2025,神奈川県,愛媛県,15
2025,新潟県,青森県,15
2025,新潟県,福岡県,15
2025,富山県,鳥取県,15
2025,岐阜県,沖縄県,15
2025,愛知県,岩手県,15
2025,三重県,宮城県,15
2025,三重県,徳島県,15
2025,滋賀県,長野県,15
2025,奈良県,鳥取県,15
2025,島根県,大分県,15
2025,山口県,新潟県,15
2025,徳島県,鳥取県,15
2025,愛媛県,茨城県,15
2025,熊本県,愛媛県,15
2025,鹿児島県,石川県,15
2025,沖縄県,岩手県,15
2025,沖縄県,山形県,15
2025,茨城県,鹿児島県,14
2025,群馬県,岩手県,14
2025,群馬県,滋賀県,14
2025,東京都,山口県,14
2025,東京都,熊本県,14
2025,神奈川県,富山県,14
2025,神奈川県,岐阜県,14
2025,神奈川県,鹿児島県,14
2025,石川県,岡山県,14
2025,福井県,北海道,14
2025,山梨県,富山県,14
2025,長野県,岩手県,14
2025,静岡県,宮崎県,14
2025,愛知県,青森県,14
2025,滋賀県,埼玉県,14
2025,滋賀県,和歌山県,14
2025,奈良県,静岡県,14
2025,和歌山県,静岡県,14
2025,鳥取県,静岡県,14
2025,島根県,静岡県,14
2025,岡山県,宮崎県,14
2025,山口県,岐阜県,14
2025,山口県,佐賀県,14
2025,香川県,北海道,14
2025,香川県,大分県,14
2025,愛媛県,和歌山県,14
2025,愛媛県,宮崎県,14
2025,佐賀県,滋賀県,14
2025,大分県,北海道,14
2025,大分県,静岡県,14
2025,鹿児島県,奈良県,14
2025,沖縄県,長野県,14
2025,北海道,島根県,13
2025,北海道,高知県,13
2025,青森県,長野県,13
2025,青森県,兵庫県,13
2025,埼玉県,高知県,13
2025,千葉県,奈良県,13
2025,神奈川県,高知県,13
2025,新潟県,広島県,13
2025,新潟県,沖縄県,13
2025,富山県,福岡県,13
2025,山梨県,秋田県,13
2025,山梨県,山形県,13
2025,山梨県,滋賀県,13
2025,山梨県,熊本県,13
2025,長野県,青森県,13
2025,岐阜県,愛媛県,13
2025,愛知県,熊本県,13
2025,三重県,群馬県,13
2025,滋賀県,鳥取県,13
2025,滋賀県,高知県,13
2025,京都府,新潟県,13
2025,大阪府,栃木県,13
2025,奈良県,愛媛県,13
2025,島根県,徳島県,13
2025,島根県,長崎県,13
2025,山口県,高知県,13
2025,徳島県,山梨県,13
2025,香川県,静岡県,13
2025,福岡県,栃木県,13
2025,福岡県,香川県,13
2025,佐賀県,茨城県,13
2025,佐賀県,奈良県,13
2025,佐賀県,愛媛県,13
2025,長崎県,北海道,13
2025,長崎県,岐阜県,13
2025,長崎県,愛媛県,13
2025,宮崎県,滋賀県,13
2025,秋田県,静岡県,12
2025,茨城県,岡山県,12
2025,茨城県,長崎県,12
2025,栃木県,富山県,12
2025,栃木県,滋賀県,12
2025,群馬県,沖縄県,12
2025,埼玉県,福井県,12
2025,埼玉県,鳥取県,12
2025,埼玉県,愛媛県,12
2025,千葉県,青森県,12
2025,富山県,岡山県,12
2025,石川県,栃木県,12
2025,福井県,鳥取県,12
2025,山梨県,福井県,12
2025,岐阜県,宮城県,12
2025,岐阜県,福島県,12
2025,岐阜県,和歌山県,12
2025,三重県,島根県,12
2025,三重県,香川県,12
2025,滋賀県,徳島県,12
2025,兵庫県,群馬県,12
2025,奈良県,香川県,12
2025,奈良県,鹿児島県,12
2025,和歌山県,埼玉県,12
2025,和歌山県,石川県,12
2025,島根県,北海道,12
2025,岡山県,三重県,12
2025,広島県,栃木県,12
2025,広島県,三重県,12
2025,広島県,佐賀県,12
2025,香川県,和歌山県,12
2025,香川県,沖縄県,12
2025,愛媛県,宮城県,12
2025,高知県,岐阜県,12
2025,福岡県,三重県,12
2025,大分県,徳島県,12
2025,北海道,三重県,11
2025,山形県,福岡県,11
2025,福島県,富山県,11
2025,福島県,兵庫県,11
2025,群馬県,福岡県,11
2025,埼玉県,鹿児島県,11
2025,千葉県,宮崎県,11
2025,千葉県,沖縄県,11
2025,神奈川県,山口県,11
2025,神奈川県,宮崎県,11
2025,石川県,秋田県,11
2025,長野県,愛媛県,11
2025,岐阜県,山形県,11
2025,静岡県,長崎県,11
2025,滋賀県,茨城県,11
2025,滋賀県,山口県,11
2025,滋賀県,大分県,11
2025,京都府,秋田県,11
2025,京都府,宮崎県,11
2025,京都府,沖縄県,11
2025,大阪府,青森県,11
2025,奈良県,福井県,11
2025,奈良県,山梨県,11
2025,島根県,茨城県,11
2025,島根県,宮崎県,11
2025,岡山県,山梨県,11
2025,香川県,岐阜県,11
2025,香川県,島根県,11
2025,高知県,山梨県,11
2025,福岡県,和歌山県,11
2025,佐賀県,北海道,11
2025,佐賀県,山梨県,11
2025,長崎県,山梨県,11
2025,長崎県,静岡県,11
2025,熊本県,群馬県,11
2025,熊本県,奈良県,11
2025,宮崎県,岐阜県,11
2025,鹿児島県,新潟県,11
2025,沖縄県,福井県,11
2025,北海道,和歌山県,10
2025,宮城県,沖縄県,10
2025,茨城県,福井県,10
2025,茨城県,島根県,10
2025,群馬県,奈良県,10
2025,埼玉県,沖縄県,10
2025,神奈川県,長崎県,10
2025,富山県,秋田県,10
2025,石川県,山形県,10
2025,石川県,三重県,10
2025,石川県,沖縄県,10
2025,福井県,高知県,10
2025,長野県,和歌山県,10
2025,長野県,大分県,10
2025,岐阜県,栃木県,10
2025,岐阜県,徳島県,10
2025,静岡県,熊本県,10
2025,三重県,秋田県,10
2025,三重県,新潟県,10
2025,三重県,大分県,10
2025,滋賀県,沖縄県,10
2025,大阪府,山形県,10
2025,和歌山県,宮城県,10
2025,鳥取県,茨城県,10
2025,鳥取県,山梨県,10
2025,広島県,群馬県,10
2025,広島県,新潟県,10
2025,徳島県,和歌山県,10
2025,徳島県,大分県,10
2025,香川県,石川県,10
2025,香川県,長野県,10
2025,香川県,三重県,10
2025,香川県,長崎県,10
2025,愛媛県,三重県,10
2025,高知県,島根県,10
2025,佐賀県,島根県,10
2025,佐賀県,沖縄県,10
2025,長崎県,宮城県,10
2025,長崎県,鳥取県,10
2025,熊本県,静岡県,10
2025,熊本県,島根県,10
2025,大分県,群馬県,10
2025,大分県,石川県,10
2025,大分県,島根県,10
2025,宮崎県,新潟県,10
2025,宮城県,岡山県,9
2025,秋田県,富山県,9
2025,山形県,富山県,9
2025,茨城県,三重県,9
2025,茨城県,宮崎県,9
2025,栃木県,奈良県,9
2025,栃木県,沖縄県,9
2025,群馬県,青森県,9
2025,群馬県,福井県,9
2025,埼玉県,山口県,9
2025,石川県,鳥取県,9
2025,福井県,沖縄県,9
2025,山梨県,岩手県,9
2025,山梨県,三重県,9
2025,長野県,鳥取県,9
2025,長野県,鹿児島県,9
2025,岐阜県,香川県,9
2025,岐阜県,長崎県,9
2025,岐阜県,宮崎県,9
2025,三重県,栃木県,9
2025,滋賀県,宮城県,9
2025,滋賀県,愛媛県,9
2025,京都府,栃木県,9
2025,兵庫県,栃木県,9
2025,奈良県,茨城県,9
2025,奈良県,富山県,9
2025,奈良県,島根県,9
2025,和歌山県,茨城県,9
2025,和歌山県,福井県,9
2025,和歌山県,長野県,9
2025,鳥取県,長崎県,9
2025,島根県,群馬県,9
2025,岡山県,栃木県,9
2025,岡山県,福井県,9
2025,岡山県,佐賀県,9
2025,広島県,秋田県,9
2025,山口県,和歌山県,9
2025,山口県,鳥取県,9
2025,徳島県,沖縄県,9
2025,高知県,石川県,9
2025,佐賀県,岐阜県,9
2025,長崎県,長野県,9
2025,熊本県,石川県,9
2025,宮崎県,北海道,9
2025,鹿児島県,鳥取県,9
2025,沖縄県,青森県,9
2025,沖縄県,和歌山県,9
2025,山形県,兵庫県,8
2025,山形県,広島県,8
2025,茨城県,熊本県,8
2025,栃木県,福岡県,8
2025,群馬県,岡山県,8
2025,群馬県,高知県,8
2025,埼玉県,長崎県,8
2025,埼玉県,宮崎県,8
2025,神奈川県,徳島県,8
2025,石川県,和歌山県,8
2025,福井県,山口県,8
2025,山梨県,岡山県,8
2025,長野県,沖縄県,8
2025,岐阜県,秋田県,8
2025,静岡県,香川県,8
2025,三重県,沖縄県,8
2025,京都府,長崎県,8
2025,京都府,熊本県,8
2025,兵庫県,福島県,8
2025,和歌山県,香川県,8
2025,和歌山県,長崎県,8
2025,和歌山県,大分県,8
2025,鳥取県,群馬県,8
2025,鳥取県,大分県,8
2025,島根県,新潟県,8
2025,広島県,岩手県,8
2025,山口県,徳島県,8
2025,徳島県,石川県,8
2025,徳島県,長崎県,8
2025,香川県,宮崎県,8
2025,愛媛県,新潟県,8
2025,愛媛県,岐阜県,8
2025,福岡県,福島県,8
2025,熊本県,栃木県,8
2025,熊本県,岐阜県,8
2025,熊本県,高知県,8
2025,大分県,岐阜県,8
2025,宮崎県,群馬県,8
2025,宮崎県,石川県,8
2025,鹿児島県,福島県,8
2025,沖縄県,三重県,8
2025,沖縄県,鳥取県,8
2025,沖縄県,島根県,8
2025,北海道,鳥取県,7
2025,北海道,徳島県,7
2025,青森県,岐阜県,7
2025,宮城県,富山県,7
2025,宮城県,広島県,7
2025,秋田県,兵庫県,7
2025,茨城県,和歌山県,7
2025,栃木県,岡山県,7
2025,群馬県,広島県,7
2025,千葉県,島根県,7
2025,千葉県,山口県,7
2025,東京都,三重県,7
2025,東京都,和歌山県,7
2025,東京都,徳島県,7
2025,神奈川県,三重県,7
2025,神奈川県,鳥取県,7
2025,富山県,山形県,7
2025,福井県,三重県,7
2025,山梨県,山口県,7
2025,山梨県,沖縄県,7
2025,長野県,高知県,7
2025,岐阜県,鹿児島県,7
2025,三重県,熊本県,7
2025,滋賀県,島根県,7
2025,京都府,群馬県,7
2025,大阪府,福島県,7
2025,兵庫県,佐賀県,7
2025,奈良県,栃木県,7
2025,奈良県,新潟県,7
2025,和歌山県,栃木県,7
2025,鳥取県,石川県,7
2025,鳥取県,岐阜県,7
2025,島根県,山梨県,7
2025,島根県,熊本県,7
2025,岡山県,山形県,7
2025,山口県,宮城県,7
2025,山口県,群馬県,7
2025,徳島県,茨城県,7
2025,香川県,山梨県,7
2025,福岡県,徳島県,7
2025,佐賀県,鳥取県,7
2025,佐賀県,高知県,7
2025,長崎県,徳島県,7
2025,長崎県,香川県,7
2025,熊本県,宮城県,7
2025,熊本県,鳥取県,7
2025,大分県,鳥取県,7
2025,宮崎県,栃木県,7
2025,宮崎県,徳島県,7
2025,鹿児島県,長野県,7
2025,鹿児島県,三重県,7
2025,鹿児島県,香川県,7
2025,沖縄県,秋田県,7
2025,北海道,佐賀県,6
2025,青森県,沖縄県,6
2025,岩手県,富山県,6
2025,宮城県,奈良県,6
2025,宮城県,愛媛県,6
2025,山形県,岐阜県,6
2025,福島県,福岡県,6
2025,茨城県,鳥取県,6
2025,茨城県,山口県,6
2025,茨城県,香川県,6
2025,栃木県,福井県,6
2025,栃木県,岐阜県,6
2025,栃木県,鹿児島県,6
2025,埼玉県,香川県,6
2025,埼玉県,熊本県,6
2025,千葉県,高知県,6
2025,神奈川県,島根県,6
2025,神奈川県,熊本県,6
2025,新潟県,大分県,6
2025,富山県,福島県,6
2025,富山県,山口県,6
2025,富山県,大分県,6
2025,富山県,沖縄県,6
2025,石川県,高知県,6
2025,石川県,鹿児島県,6
2025,福井県,宮城県,6
2025,福井県,栃木県,6
2025,福井県,愛媛県,6
2025,福井県,大分県,6
2025,福井県,鹿児島県,6
2025,山梨県,和歌山県,6
2025,長野県,島根県,6
2025,長野県,長崎県,6
2025,滋賀県,栃木県,6
2025,滋賀県,香川県,6
2025,大阪府,群馬県,6
2025,奈良県,福島県,6
2025,和歌山県,山梨県,6
2025,鳥取県,栃木県,6
2025,鳥取県,新潟県,6
2025,鳥取県,和歌山県,6
2025,岡山県,岩手県,6
2025,岡山県,秋田県,6
2025,広島県,富山県,6
2025,広島県,福井県,6
2025,山口県,栃木県,6
2025,山口県,長野県,6
2025,徳島県,鹿児島県,6
2025,香川県,茨城県,6
2025,愛媛県,群馬県,6
2025,愛媛県,長野県,6
2025,愛媛県,佐賀県,6
2025,高知県,北海道,6
2025,高知県,茨城県,6
2025,高知県,三重県,6
2025,福岡県,山形県,6
2025,佐賀県,群馬県,6
2025,長崎県,栃木県,6
2025,長崎県,群馬県,6
2025,長崎県,新潟県,6
2025,長崎県,三重県,6
2025,熊本県,新潟県,6
2025,大分県,栃木県,6
2025,大分県,新潟県,6
2025,大分県,香川県,6
2025,鹿児島県,和歌山県,6
2025,鹿児島県,島根県,6
2025,沖縄県,富山県,6
2025,青森県,滋賀県,5
2025,岩手県,福岡県,5
2025,宮城県,岐阜県,5
2025,宮城県,鹿児島県,5
2025,福島県,大分県,5
2025,栃木県,鳥取県,5
2025,群馬県,鳥取県,5
2025,群馬県,鹿児島県,5
2025,埼玉県,三重県,5
2025,千葉県,福井県,5
2025,千葉県,徳島県,5
2025,千葉県,香川県,5
2025,東京都,佐賀県,5
2025,神奈川県,福井県,5
2025,神奈川県,香川県,5
2025,新潟県,愛媛県,5
2025,富山県,三重県,5
2025,富山県,島根県,5
2025,石川県,愛媛県,5
2025,福井県,福島県,5
2025,福井県,島根県,5
2025,山梨県,青森県,5
2025,岐阜県,大分県,5
2025,三重県,宮崎県,5
2025,三重県,鹿児島県,5
2025,滋賀県,群馬県,5
2025,京都府,青森県,5
2025,京都府,福島県,5
2025,兵庫県,岩手県,5
2025,兵庫県,山形県,5
2025,奈良県,大分県,5
2025,和歌山県,富山県,5
2025,鳥取県,宮城県,5
2025,島根県,栃木県,5
2025,島根県,岐阜県,5
2025,島根県,沖縄県,5
2025,岡山県,福島県,5
2025,山口県,山梨県,5
2025,山口県,三重県,5
2025,徳島県,栃木県,5
2025,徳島県,長野県,5
2025,香川県,宮城県,5
2025,香川県,群馬県,5
2025,香川県,熊本県,5
2025,香川県,鹿児島県,5
2025,愛媛県,福島県,5
2025,愛媛県,栃木県,5
2025,高知県,長野県,5
2025,高知県,鳥取県,5
2025,高知県,大分県,5
2025,高知県,鹿児島県,5
2025,福岡県,岩手県,5
2025,佐賀県,宮城県,5
2025,佐賀県,静岡県,5
2025,長崎県,石川県,5
2025,長崎県,福井県,5
2025,熊本県,福井県,5
2025,宮崎県,長野県,5
2025,宮崎県,愛媛県,5
2025,鹿児島県,福井県,5
2025,青森県,富山県,4
2025,青森県,奈良県,4
2025,岩手県,奈良県,4
2025,岩手県,広島県,4
2025,宮城県,福井県,4
2025,宮城県,山口県,4
2025,秋田県,岡山県,4
2025,山形県,滋賀県,4
2025,山形県,愛媛県,4
2025,福島県,奈良県,4
2025,栃木県,山口県,4
2025,栃木県,愛媛県,4
2025,栃木県,高知県,4
2025,栃木県,長崎県,4
2025,群馬県,山口県,4
2025,群馬県,愛媛県,4
2025,埼玉県,島根県,4
2025,千葉県,三重県,4
2025,千葉県,和歌山県,4
2025,神奈川県,佐賀県,4
2025,新潟県,鹿児島県,4
2025,富山県,岩手県,4
2025,富山県,鹿児島県,4
2025,石川県,福島県,4
2025,石川県,山口県,4
2025,石川県,長崎県,4
2025,福井県,秋田県,4
2025,山梨県,大分県,4
2025,長野県,熊本県,4
2025,岐阜県,岩手県,4
2025,岐阜県,熊本県,4
2025,愛知県,佐賀県,4
2025,三重県,山形県,4
2025,三重県,長崎県,4
2025,滋賀県,新潟県,4
2025,滋賀県,長崎県,4
2025,奈良県,群馬県,4
2025,奈良県,長崎県,4
2025,和歌山県,新潟県,4
2025,和歌山県,宮崎県,4
2025,鳥取県,富山県,4
2025,鳥取県,熊本県,4
2025,島根県,宮城県,4
2025,島根県,秋田県,4
2025,島根県,佐賀県,4
2025,島根県,鹿児島県,4
2025,岡山県,富山県,4
2025,徳島県,三重県,4
2025,徳島県,熊本県,4
2025,香川県,秋田県,4
2025,香川県,栃木県,4
2025,香川県,新潟県,4
2025,香川県,福井県,4
2025,愛媛県,青森県,4
2025,愛媛県,秋田県,4
2025,高知県,栃木県,4
2025,高知県,福井県,4
2025,高知県,佐賀県,4
2025,高知県,長崎県,4
2025,福岡県,富山県,4
2025,福岡県,福井県,4
2025,佐賀県,石川県,4
2025,佐賀県,徳島県,4
2025,長崎県,岩手県,4
2025,長崎県,和歌山県,4
2025,熊本県,岩手県,4
2025,熊本県,長野県,4
2025,宮崎県,福井県,4
2025,宮崎県,三重県,4
2025,宮崎県,鳥取県,4
2025,宮崎県,島根県,4
2025,鹿児島県,秋田県,4
2025,鹿児島県,徳島県,4
2025,沖縄県,福島県,4
2025,青森県,福井県,3
2025,青森県,三重県,3
2025,青森県,福岡県,3
2025,青森県,熊本県,3
2025,岩手県,岐阜県,3
2025,岩手県,三重県,3
2025,岩手県,岡山県,3
2025,岩手県,愛媛県,3
2025,岩手県,高知県,3
2025,岩手県,沖縄県,3
2025,宮城県,和歌山県,3
2025,宮城県,香川県,3
2025,宮城県,高知県,3
2025,宮城県,熊本県,3
2025,宮城県,大分県,3
2025,秋田県,福井県,3
2025,秋田県,広島県,3
2025,秋田県,鹿児島県,3
2025,山形県,奈良県,3
2025,山形県,熊本県,3
2025,山形県,大分県,3
2025,山形県,沖縄県,3
2025,福島県,福井県,3
2025,福島県,三重県,3
2025,福島県,滋賀県,3
2025,福島県,鹿児島県,3
2025,福島県,沖縄県,3
2025,茨城県,徳島県,3
2025,群馬県,三重県,3
2025,群馬県,大分県,3
2025,埼玉県,和歌山県,3
2025,千葉県,佐賀県,3
2025,千葉県,長崎県,3
2025,神奈川県,和歌山県,3
2025,新潟県,鳥取県,3
2025,石川県,島根県,3
2025,福井県,和歌山県,3
2025,福井県,徳島県,3
2025,山梨県,愛媛県,3
2025,山梨県,高知県,3
2025,山梨県,長崎県,3
2025,山梨県,宮崎県,3
2025,山梨県,鹿児島県,3
2025,長野県,山口県,3
2025,長野県,徳島県,3
2025,長野県,香川県,3
2025,長野県,宮崎県,3
2025,岐阜県,青森県,3
2025,三重県,福島県,3
2025,滋賀県,青森県,3
2025,滋賀県,岩手県,3
2025,滋賀県,福島県,3
2025,滋賀県,山梨県,3
2025,滋賀県,鹿児島県,3
2025,京都府,岩手県,3
2025,京都府,山形県,3
2025,大阪府,佐賀県,3
2025,兵庫県,青森県,3
2025,奈良県,秋田県,3
2025,奈良県,山形県,3
2025,奈良県,熊本県,3
2025,奈良県,宮崎県,3
2025,和歌山県,秋田県,3
2025,鳥取県,福井県,3
2025,鳥取県,長野県,3
2025,鳥取県,三重県,3
2025,鳥取県,佐賀県,3
2025,鳥取県,宮崎県,3
2025,鳥取県,沖縄県,3
2025,島根県,青森県,3
2025,島根県,福井県,3
2025,島根県,和歌山県,3
2025,広島県,山形県,3
2025,山口県,岩手県,3
2025,徳島県,富山県,3
2025,徳島県,岐阜県,3
2025,徳島県,宮崎県,3
2025,香川県,山形県,3
2025,愛媛県,岩手県,3
2025,愛媛県,福井県,3
2025,高知県,宮城県,3
2025,高知県,群馬県,3
2025,高知県,新潟県,3
2025,高知県,和歌山県,3
2025,高知県,宮崎県,3
2025,高知県,沖縄県,3
2025,福岡県,青森県,3
2025,佐賀県,青森県,3
2025,佐賀県,岩手県,3
2025,佐賀県,栃木県,3
2025,熊本県,福島県,3
2025,熊本県,富山県,3
2025,大分県,宮城県,3
2025,大分県,長野県,3
2025,大分県,和歌山県,3
2025,宮崎県,宮城県,3
2025,宮崎県,和歌山県,3
2025,鹿児島県,青森県,3
2025,鹿児島県,山形県,3
2025,青森県,岡山県,2
2025,青森県,広島県,2
2025,青森県,大分県,2
2025,岩手県,山口県,2
2025,岩手県,長崎県,2
2025,宮城県,三重県,2
2025,宮城県,鳥取県,2
2025,宮城県,徳島県,2
2025,秋田県,岐阜県,2
2025,秋田県,滋賀県,2
2025,秋田県,福岡県,2
2025,秋田県,長崎県,2
2025,山形県,福井県,2
2025,山形県,岡山県,2
2025,山形県,山口県,2
2025,福島県,広島県,2
2025,福島県,宮崎県,2
2025,茨城県,佐賀県,2
2025,栃木県,三重県,2
2025,栃木県,和歌山県,2
2025,栃木県,島根県,2
2025,栃木県,徳島県,2
2025,栃木県,宮崎県,2
2025,群馬県,岐阜県,2
2025,群馬県,和歌山県,2
2025,群馬県,徳島県,2
2025,群馬県,香川県,2
2025,群馬県,宮崎県,2
2025,埼玉県,徳島県,2
2025,新潟県,三重県,2
2025,新潟県,和歌山県,2
2025,新潟県,山口県,2
2025,新潟県,高知県,2
2025,新潟県,熊本県,2
2025,富山県,和歌山県,2
2025,富山県,愛媛県,2
2025,富山県,高知県,2
2025,富山県,長崎県,2
2025,石川県,青森県,2
2025,石川県,岩手県,2
2025,石川県,大分県,2
2025,福井県,岩手県,2
2025,山梨県,鳥取県,2
2025,山梨県,佐賀県,2
2025,奈良県,岩手県,2
2025,奈良県,沖縄県,2
2025,和歌山県,青森県,2
2025,和歌山県,岩手県,2
2025,和歌山県,福島県,2
2025,和歌山県,群馬県,2
2025,和歌山県,沖縄県,2
2025,鳥取県,福島県,2
2025,島根県,岩手県,2
2025,島根県,山形県,2
2025,島根県,富山県,2
2025,島根県,長野県,2
2025,島根県,三重県,2
2025,岡山県,青森県,2
2025,広島県,青森県,2
2025,山口県,秋田県,2
2025,山口県,山形県,2
2025,徳島県,宮城県,2
2025,徳島県,福井県,2
2025,高知県,秋田県,2
2025,佐賀県,秋田県,2
2025,佐賀県,新潟県,2
2025,佐賀県,福井県,2
2025,佐賀県,長野県,2
2025,佐賀県,三重県,2
2025,佐賀県,香川県,2
2025,長崎県,青森県,2
2025,長崎県,福島県,2
2025,熊本県,三重県,2
2025,熊本県,和歌山県,2
2025,大分県,秋田県,2
2025,大分県,三重県,2
2025,宮崎県,青森県,2
2025,宮崎県,岩手県,2
2025,鹿児島県,岩手県,2
2025,鹿児島県,富山県,2
2025,青森県,愛媛県,1
2025,青森県,高知県,1
2025,青森県,鹿児島県,1
2025,岩手県,福井県,1
2025,岩手県,滋賀県,1
2025,岩手県,島根県,1
2025,岩手県,香川県,1
2025,岩手県,大分県,1
2025,宮城県,長崎県,1
2025,宮城県,宮崎県,1
2025,秋田県,奈良県,1
2025,秋田県,島根県,1
2025,秋田県,山口県,1
2025,秋田県,高知県,1
2025,秋田県,熊本県,1
2025,秋田県,沖縄県,1
2025,山形県,三重県,1
2025,山形県,和歌山県,1
2025,山形県,高知県,1
2025,山形県,宮崎県,1
2025,福島県,岐阜県,1
2025,福島県,和歌山県,1
2025,福島県,岡山県,1
2025,福島県,山口県,1
2025,福島県,徳島県,1
2025,福島県,高知県,1
2025,福島県,熊本県,1
2025,栃木県,熊本県,1
2025,栃木県,大分県,1
2025,群馬県,島根県,1
2025,群馬県,熊本県,1
2025,千葉県,鳥取県,1
2025,新潟県,島根県,1
2025,新潟県,徳島県,1
2025,新潟県,香川県,1
2025,新潟県,佐賀県,1
2025,新潟県,長崎県,1
2025,新潟県,宮崎県,1
2025,富山県,徳島県,1
2025,富山県,香川県,1
2025,富山県,宮崎県,1
2025,石川県,徳島県,1
2025,石川県,熊本県,1
2025,石川県,宮崎県,1
2025,福井県,山形県,1
2025,福井県,香川県,1
2025,福井県,宮崎県,1
2025,山梨県,徳島県,1
2025,山梨県,香川県,1
2025,岐阜県,佐賀県,1
2025,静岡県,佐賀県,1
2025,三重県,青森県,1
2025,三重県,岩手県,1
2025,滋賀県,秋田県,1
2025,滋賀県,佐賀県,1
2025,滋賀県,熊本県,1
2025,滋賀県,宮崎県,1
2025,京都府,佐賀県,1
2025,奈良県,青森県,1
2025,和歌山県,佐賀県,1
2025,和歌山県,熊本県,1
2025,和歌山県,鹿児島県,1
2025,鳥取県,秋田県,1
2025,鳥取県,鹿児島県,1
2025,島根県,福島県,1
2025,広島県,福島県,1
2025,山口県,青森県,1
2025,山口県,富山県,1
2025,山口県,福井県,1
2025,徳島県,岩手県,1
2025,徳島県,秋田県,1
2025,徳島県,山形県,1
2025,徳島県,群馬県,1
2025,徳島県,新潟県,1
2025,香川県,青森県,1
2025,香川県,岩手県,1
2025,香川県,福島県,1
2025,香川県,富山県,1
2025,高知県,岩手県,1
2025,高知県,富山県,1
2025,高知県,熊本県,1
2025,佐賀県,和歌山県,1
2025,長崎県,秋田県,1
2025,長崎県,山形県,1
2025,長崎県,富山県,1
2025,熊本県,秋田県,1
2025,熊本県,山形県,1
2025,熊本県,徳島県,1
2025,熊本県,香川県,1
2025,大分県,福井県,1
2025,宮崎県,福島県,1
2025,宮崎県,富山県,1
2025,宮崎県,香川県,1
